st_code,st_name,交易所產業分類,TEJ產業分類
1603,華電,M1600 電器電纜,M16 電線
1605,華新,M1600 電器電纜,M16 電線
1608,華榮,M1600 電器電纜,M16 電線
1609,大亞,M1600 電器電纜,M16 電線
1612,宏泰,M1600 電器電纜,M16 電線
1615,大山,M1600 電器電纜,M16 電線
1616,億泰,M1600 電器電纜,M16 電線
1617,榮星,M1600 電器電纜,M16 電線
1618,合機,M1600 電器電纜,M16 電線
1802,台玻,M1800 玻璃陶瓷,M18 玻璃陶瓷
1806,冠軍,M1800 玻璃陶瓷,M18 玻璃陶瓷
1809,中釉,M1800 玻璃陶瓷,M18 玻璃陶瓷
1810,和成,M1800 玻璃陶瓷,M18 玻璃陶瓷
1817,凱撒衛,M1800 玻璃陶瓷,M18 玻璃陶瓷
9949,琉園,M3200 文化創意業,M18 玻璃陶瓷
1101,台泥,M1100 水泥工業,M11A 水泥製造
1102,亞泥,M1100 水泥工業,M11A 水泥製造
1103,嘉泥,M1100 水泥工業,M11A 水泥製造
1104,環泥,M1100 水泥工業,M11A 水泥製造
1108,幸福,M1100 水泥工業,M11A 水泥製造
1109,信大,M1100 水泥工業,M11A 水泥製造
1110,東泥,M1100 水泥工業,M11A 水泥製造
8463,潤泰材,M9900 其他,M11A 水泥製造
2504,國產,M2500 建材營造,M11B 預拌混凝土
5520,力泰,M2500 建材營造,M11B 預拌混凝土
5546,永固-KY,M2500 建材營造,M11B 預拌混凝土
8424,惠普,M2500 建材營造,M11C 其他水泥
9930,中聯資源,M9900 其他,M11C 其他水泥
1217,愛之味,M1200 食品工業,M12A 罐頭加工
8905,裕國,M9900 其他,M12A 罐頭加工
1210,大成,M1200 食品工業,M12B 油脂飼料
1215,卜蜂,M1200 食品工業,M12B 油脂飼料
1218,泰山,M1200 食品工業,M12B 油脂飼料
1219,福壽,M1200 食品工業,M12B 油脂飼料
1220,台榮,M1200 食品工業,M12B 油脂飼料
1225,福懋油,M1200 食品工業,M12B 油脂飼料
1229,聯華,M1200 食品工業,M12B 油脂飼料
1232,大統益,M1200 食品工業,M12B 油脂飼料
1235,興泰,M1200 食品工業,M12B 油脂飼料
1702,南僑,M1200 食品工業,M12B 油脂飼料
1240,茂生農經,M3300 農業科技,M12B 油脂飼料
6578,達邦蛋白,M3300 農業科技,M12B 油脂飼料
3313,斐成,M9900 其他,M12B 油脂飼料
1201,味全,M1200 食品工業,M12C 飲料乳品
1213,大飲,M1200 食品工業,M12C 飲料乳品
1216,統一,M1200 食品工業,M12C 飲料乳品
1234,黑松,M1200 食品工業,M12C 飲料乳品
1256,鮮活果汁-KY,M1200 食品工業,M12C 飲料乳品
1203,味王,M1200 食品工業,M12Z 其他食品
1227,佳格,M1200 食品工業,M12Z 其他食品
1231,聯華食,M1200 食品工業,M12Z 其他食品
1233,天仁,M1200 食品工業,M12Z 其他食品
1236,宏亞,M1200 食品工業,M12Z 其他食品
1258,其祥-KY,M1200 食品工業,M12Z 其他食品
1264,德麥,M1200 食品工業,M12Z 其他食品
1737,臺鹽,M1200 食品工業,M12Z 其他食品
4205,中華食,M1200 食品工業,M12Z 其他食品
4207,環泰,M1200 食品工業,M12Z 其他食品
1301,台塑,M1300 塑膠工業,M13A1 泛用塑膠
1303,南亞,M1300 塑膠工業,M13A1 泛用塑膠
1304,台聚,M1300 塑膠工業,M13A1 泛用塑膠
1305,華夏,M1300 塑膠工業,M13A1 泛用塑膠
1307,三芳,M1300 塑膠工業,M13A6 合成皮
1308,亞聚,M1300 塑膠工業,M13A1 泛用塑膠
1309,台達化,M1300 塑膠工業,M13A1 泛用塑膠
1310,台苯,M1300 塑膠工業,M13A1 泛用塑膠
1312,國喬,M1300 塑膠工業,M13A1 泛用塑膠
1313,聯成,M1300 塑膠工業,M13A7 可塑劑
1314,中石化,M1300 塑膠工業,M13A5 化纖
1315,達新,M1300 塑膠工業,M13A8 塑膠加工
1321,大洋,M1300 塑膠工業,M13A8 塑膠加工
1323,永裕,M1300 塑膠工業,M13A8 塑膠加工
1324,地球,M1300 塑膠工業,M13A9 膠帶
1326,台化,M1300 塑膠工業,M13A1 泛用塑膠
1341,富林-KY,M1300 塑膠工業,M13A6 合成皮
4303,信立,M1300 塑膠工業,M13A6 合成皮
4304,勝昱,M1300 塑膠工業,M13A8 塑膠加工
4305,世坤,M1300 塑膠工業,M13A8 塑膠加工
4306,炎洲,M1300 塑膠工業,M13A9 膠帶
1710,東聯,M1721 化學工業,M13A5 化纖
1718,中纖,M1721 化學工業,M13A5 化纖
2461,光群雷,M2331 其他電子業,M13A8 塑膠加工
3303,岱稜,M2331 其他電子業,M13A8 塑膠加工
6151,晉倫,M2331 其他電子業,M13A8 塑膠加工
3171,新洲,M2900 貿易百貨,M13A9 膠帶
8354,冠好,M9900 其他,M13A9 膠帶
8942,森鉅,M9900 其他,M13A8 塑膠加工
1337,再生-KY,M1300 塑膠工業,M13B 塑膠製品
1340,勝悅-KY,M1300 塑膠工業,M13B 塑膠製品
5356,協益,M2325 電腦及週邊,M13B 塑膠製品
1342,八貫,M9900 其他,M13B 塑膠製品
8421,旭源,M9900 其他,M13B 塑膠製品
8466,美吉吉-KY,M9900 其他,M13B 塑膠製品
8935,邦泰,M9900 其他,M13B 塑膠製品
9939,宏全,M9900 其他,M13B 塑膠製品
6505,台塑化,M9700 油電燃氣業,M13C 輕油製解
1402,遠東新,M1400 紡織纖維,M14A1 聚酯絲棉
1409,新纖,M1400 紡織纖維,M14A1 聚酯絲棉
1413,宏洲,M1400 紡織纖維,M14A2 加工絲
1440,南紡,M1400 紡織纖維,M14A1 聚酯絲棉
1444,力麗,M1400 紡織纖維,M14A2 加工絲
1447,力鵬,M1400 紡織纖維,M14A7 尼龍絲
1452,宏益,M1400 紡織纖維,M14A2 加工絲
1455,集盛,M1400 紡織纖維,M14A7 尼龍絲
1457,宜進,M1400 紡織纖維,M14A2 加工絲
1459,聯發,M1400 紡織纖維,M14A2 加工絲
1466,聚隆,M1400 紡織纖維,M14A7 尼龍絲
4401,東隆興,M1400 紡織纖維,M14A7 尼龍絲
4402,福大,M1400 紡織纖維,M14A7 尼龍絲
4406,新昕纖,M1400 紡織纖維,M14A2 加工絲
4440,宜新實業,M1400 紡織纖維,M14A2 加工絲
1414,東和,M1400 紡織纖維,M14B1 聚酯紗棉紗
1418,東華,M1400 紡織纖維,M14B2 亞克力纖維
1441,大東,M1400 紡織纖維,M14B1 聚酯紗棉紗
1417,嘉裕,M1400 紡織纖維,M14C1 成衣製造
1419,新紡,M1400 紡織纖維,M14C2 織布
1434,福懋,M1400 紡織纖維,M14C2 織布
1445,大宇,M1400 紡織纖維,M14C2 織布
1446,宏和,M1400 紡織纖維,M14C2 織布
1449,佳和,M1400 紡織纖維,M14C2 織布
1451,年興,M1400 紡織纖維,M14C1 成衣製造
1454,台富,M1400 紡織纖維,M14C2 織布
1460,宏遠,M1400 紡織纖維,M14C2 織布
1464,得力,M1400 紡織纖維,M14C2 織布
1465,偉全,M1400 紡織纖維,M14C2 織布
1467,南緯,M1400 紡織纖維,M14C1 成衣製造
1468,昶和,M1400 紡織纖維,M14C2 織布
1473,台南,M1400 紡織纖維,M14C1 成衣製造
1474,弘裕,M1400 紡織纖維,M14C2 織布
1475,業旺,M1400 紡織纖維,M14C2 織布
1476,儒鴻,M1400 紡織纖維,M14C1 成衣製造
1477,聚陽,M1400 紡織纖維,M14C1 成衣製造
4413,飛寶企業,M1400 紡織纖維,M14C2 織布
4420,光明,M1400 紡織纖維,M14C2 織布
4426,利勤,M1400 紡織纖維,M14C2 織布
4432,銘旺實,M1400 紡織纖維,M14C1 成衣製造
4433,興采,M1400 紡織纖維,M14C2 織布
4438,廣越,M1400 紡織纖維,M14C1 成衣製造
4439,冠星-KY,M1400 紡織纖維,M14C2 織布
5906,台南-KY,M1398 紡織纖維,M14C1 成衣製造
8916,光隆,M1399 紡織纖維,M14C1 成衣製造
1423,利華,M1400 紡織纖維,M14D2 毛紡
1439,雋揚,M1400 紡織纖維,M14D2 毛紡
1410,南染,M1400 紡織纖維,M14E 染整
1463,強盛,M1400 紡織纖維,M14E 染整
1470,大統新創,M1400 紡織纖維,M14E 染整
1325,恒大,M1300 塑膠工業,M14F 不織布
6504,南六,M9900 其他,M14F 不織布
8929,富堡,M9900 其他,M14F 不織布
9919,康那香,M9900 其他,M14F 不織布
9944,新麗,M9900 其他,M14F 不織布
4417,金洲,M1400 紡織纖維,M14Z 其他紡織
4430,耀億,M9900 其他,M14Z 其他紡織
8404,百和興業-KY,M9900 其他,M14Z 其他紡織
8932,宏大,M9900 其他,M14Z 其他紡織
9938,百和,M9900 其他,M14Z 其他紡織
1527,鑽全,M1500 電機機械,M15A1 工具機
1528,恩德,M1500 電機機械,M15A1 工具機
1530,亞崴,M1500 電機機械,M15A1 工具機
1531,高林股,M1500 電機機械,M15A3 紡織工具機
1532,勤美,M1500 電機機械,M15A2 模具零件
1538,正峰,M1500 電機機械,M15A1 工具機
1539,巨庭,M1500 電機機械,M15A1 工具機
1540,喬福,M1500 電機機械,M15A1 工具機
1541,錩泰,M1500 電機機械,M15A1 工具機
1558,伸興,M1500 電機機械,M15A3 紡織工具機
1570,力肯,M1500 電機機械,M15A1 工具機
1583,程泰,M1500 電機機械,M15A1 工具機
1589,永冠-KY,M1500 電機機械,M15A2 模具零件
1590,亞德客-KY,M1500 電機機械,M15A2 模具零件
1591,駿吉-KY,M1500 電機機械,M15A1 工具機
1597,直得,M1500 電機機械,M15A2 模具零件
2049,上銀,M1500 電機機械,M15A2 模具零件
2067,嘉鋼,M1500 電機機械,M15A2 模具零件
4510,高鋒,M1500 電機機械,M15A1 工具機
4513,福裕,M1500 電機機械,M15A1 工具機
4526,東台,M1500 電機機械,M15A1 工具機
4533,協易機,M1500 電機機械,M15A1 工具機
4534,慶騰,M1500 電機機械,M15A1 工具機
4538,大詠城,M1500 電機機械,M15A2 模具零件
4540,全球傳動,M1500 電機機械,M15A2 模具零件
4555,氣立,M1500 電機機械,M15A2 模具零件
4560,強信-KY,M1500 電機機械,M15A3 紡織工具機
4561,健椿,M1500 電機機械,M15A2 模具零件
4562,穎漢,M1500 電機機械,M15A1 工具機
4563,百德,M1500 電機機械,M15A1 工具機
4576,大銀微系統,M1500 電機機械,M15A2 模具零件
6603,富強鑫,M1500 電機機械,M15A1 工具機
6606,建德工業,M1500 電機機械,M15A1 工具機
6609,瀧澤科,M1500 電機機械,M15A1 工具機
8083,瑞穎,M1500 電機機械,M15A2 模具零件
8374,羅昇,M1500 電機機械,M15A2 模具零件
4577,達航,M2331 其他電子業,M15A1 工具機
6584,南俊國際,M2328 電子零組件,M15A2 模具零件
6855,數泓科,M2331 其他電子業,M15A1 工具機
8455,大拓-KY,M2331 其他電子業,M15A1 工具機
1503,士電,M1500 電機機械,M15B1 電機
1504,東元,M1500 電機機械,M15B1 電機
1513,中興電,M1500 電機機械,M15B1 電機
1514,亞力,M1500 電機機械,M15B1 電機
1519,華城,M1500 電機機械,M15B1 電機
1529,樂事綠能,M1500 電機機械,M15B1 電機
1535,中宇,M1500 電機機械,M15B2 機電工程
2371,大同,M1500 電機機械,M15B1 電機
4506,崇友,M1500 電機機械,M15B1 電機
4550,長佳,M1500 電機機械,M15B2 機電工程
4583,台灣精銳,M1500 電機機械,M15B1 電機
8418,捷必勝-KY,M9900 其他,M15B1 電機
4527,方土霖,M1500 電機機械,M15C2 空調冷凍
4532,瑞智,M1500 電機機械,M15C1 家電
4552,力達-KY,M1500 電機機械,M15C1 家電
1604,聲寶,M1600 電器電纜,M15C1 家電
1611,中電,M1600 電器電纜,M15C4 照明
1614,三洋電,M1600 電器電纜,M15C1 家電
1626,艾美特-KY,M1600 電器電纜,M15C1 家電
4609,唐鋒,M1600 電器電纜,M15C1 家電
4930,燦星網,M1600 電器電纜,M15C1 家電
5283,禾聯碩,M1600 電器電纜,M15C1 家電
2491,吉祥全,M2326 光電業,M15C4 照明
3024,憶聲,M2326 光電業,M15C1 家電
3516,亞帝歐,M2326 光電業,M15C4 照明
3609,三一東林,M2328 電子零組件,M15C4 照明
6728,上洋,M2900 貿易百貨,M15C1 家電
1506,正道,M1500 電機機械,M15D 汽車組件
2066,世德,M1500 電機機械,M15D 汽車組件
2230,泰茂,M1500 電機機械,M15D 汽車組件
2235,謚源,M1500 電機機械,M15D 汽車組件
2254,巨鎧,M1500 電機機械,M15D 汽車組件
3226,至寶電,M1500 電機機械,M15D 汽車組件
3685,元創精密,M1500 電機機械,M15D 汽車組件
4502,健信,M1500 電機機械,M15D 汽車組件
4523,永彰,M1500 電機機械,M15D 汽車組件
4528,江興鍛,M1500 電機機械,M15D 汽車組件
4535,至興,M1500 電機機械,M15D 汽車組件
4543,萬在,M1500 電機機械,M15D 汽車組件
4566,時碩工業,M1500 電機機械,M15D 汽車組件
4571,鈞興-KY,M1500 電機機械,M15D 汽車組件
5288,豐祥-KY,M1500 電機機械,M15D 汽車組件
8107,大億金茂,M1500 電機機械,M15D 汽車組件
8255,朋程,M1500 電機機械,M15D 汽車組件
9951,皇田,M1500 電機機械,M15D 汽車組件
1319,東陽,M2200 汽車工業,M15D 汽車組件
1338,廣華-KY,M2200 汽車工業,M15D 汽車組件
1339,昭輝,M2200 汽車工業,M15D 汽車組件
1512,瑞利,M2200 汽車工業,M15D 汽車組件
1521,大億,M2200 汽車工業,M15D 汽車組件
1522,堤維西,M2200 汽車工業,M15D 汽車組件
1524,耿鼎,M2200 汽車工業,M15D 汽車組件
1525,江申,M2200 汽車工業,M15D 汽車組件
1533,車王電,M2200 汽車工業,M15D 汽車組件
1536,和大,M2200 汽車工業,M15D 汽車組件
1568,倉佑,M2200 汽車工業,M15D 汽車組件
1587,吉茂,M2200 汽車工業,M15D 汽車組件
2115,六暉-KY,M2200 汽車工業,M15D 汽車組件
2228,劍麟,M2200 汽車工業,M15D 汽車組件
2231,為升,M2200 汽車工業,M15D 汽車組件
2233,宇隆,M2200 汽車工業,M15D 汽車組件
2236,百達-KY,M2200 汽車工業,M15D 汽車組件
2239,英利-KY,M2200 汽車工業,M15D 汽車組件
2241,艾姆勒,M2200 汽車工業,M15D 汽車組件
2243,宏旭-KY,M2200 汽車工業,M15D 汽車組件
2250,IKKA-KY,M2200 汽車工業,M22A 汽車製造
2497,怡利電,M2200 汽車工業,M15D 汽車組件
4551,智伸科,M2200 汽車工業,M15D 汽車組件
4557,永新-KY,M2200 汽車工業,M15D 汽車組件
4581,光隆精密-KY,M2200 汽車工業,M15D 汽車組件
6605,帝寶,M2200 汽車工業,M15D 汽車組件
3552,同致,M2331 其他電子業,M15D 汽車組件
4554,橙的,M2331 其他電子業,M15D 汽車組件
6279,胡連,M2328 電子零組件,M15D 汽車組件
5276,達輝-KY,M9900 其他,M15D 汽車組件
9942,茂順,M9900 其他,M15D 汽車組件
1517,利奇,M1500 電機機械,M15E 自行車組件
1526,日馳,M1500 電機機械,M15E 自行車組件
3162,精確,M1500 電機機械,M15E 自行車組件
5306,桂盟,M9900 其他,M15E 自行車組件
2070,精湛,M1500 電機機械,M15H 儀器設備
4549,桓達,M1500 電機機械,M15H 儀器設備
4744,皇將,M1722 生技醫療,M15H 儀器設備
1515,力山,M1500 電機機械,M15Z 其他電製品
1580,新麥,M1500 電機機械,M15Z 其他電製品
3379,彬台,M1500 電機機械,M15Z 其他電製品
3426,台興,M1500 電機機械,M15Z 其他電製品
4503,金雨,M1500 電機機械,M15Z 其他電製品
4568,科際精密,M1500 電機機械,M15Z 其他電製品
4580,捷流閥業,M1500 電機機械,M15Z 其他電製品
4584,君帆,M1500 電機機械,M15Z 其他電製品
6843,進典,M1500 電機機械,M15Z 其他電製品
1593,祺驊,M1722 生技醫療,M15Z 其他電製品
1598,岱宇,M1722 生技醫療,M15Z 其他電製品
1736,喬山,M1722 生技醫療,M15Z 其他電製品
4556,旭然,M9900 其他,M15Z 其他電製品
6641,基士德-KY,M9900 其他,M15Z 其他電製品
1711,永光,M1721 化學工業,M17B 染料及顏料
1713,國化,M1721 化學工業,M17B 染料及顏料
1726,永記,M1721 化學工業,M17B 染料及顏料
4702,中美實,M1721 化學工業,M17B 染料及顏料
4706,大恭,M1721 化學工業,M17B 染料及顏料
4741,泓瀚,M1721 化學工業,M17B 染料及顏料
1796,金穎生技,M1200 食品工業,M17C2 機能性食品
6846,綠茵,M1200 食品工業,M17C2 機能性食品
4119,旭富,M1722 生技醫療,M17C1 西藥
1701,中化,M1722 生技醫療,M17C1 西藥
1707,葡萄王,M1722 生技醫療,M17C2 機能性食品
1712,興農,M1721 化學工業,M17C3 農藥肥料
1720,生達,M1722 生技醫療,M17C1 西藥
1722,台肥,M1721 化學工業,M17C3 農藥肥料
1731,美吾華,M1722 生技醫療,M17C1 西藥
1734,杏輝,M1722 生技醫療,M17C1 西藥
1752,南光,M1722 生技醫療,M17C1 西藥
1760,寶齡富錦,M1722 生技醫療,M17C1 西藥
1762,中化生,M1722 生技醫療,M17C1 西藥
1777,生泰,M1722 生技醫療,M17C1 西藥
1789,神隆,M1722 生技醫療,M17C1 西藥
1795,美時,M1722 生技醫療,M17C1 西藥
1799,易威,M1722 生技醫療,M17C1 西藥
3164,景岳,M1722 生技醫療,M17C2 機能性食品
3176,基亞,M1722 生技醫療,M17C1 西藥
3205,佰研,M1722 生技醫療,M17C2 機能性食品
4120,友華,M1722 生技醫療,M17C1 西藥
3705,永信,M1722 生技醫療,M17C1 西藥
4102,永日,M1722 生技醫療,M17C1 西藥
4105,東洋,M1722 生技醫療,M17C1 西藥
4108,懷特,M1722 生技醫療,M17C1 西藥
4109,加捷生醫,M1722 生技醫療,M17C2 機能性食品
4111,濟生,M1722 生技醫療,M17C1 西藥
4114,健喬,M1722 生技醫療,M17C1 西藥
4123,晟德,M1722 生技醫療,M17C1 西藥
4127,天良,M1722 生技醫療,M17C2 機能性食品
4128,中天,M1722 生技醫療,M17C1 西藥
4130,健亞,M1722 生技醫療,M17C1 西藥
4142,國光生,M1722 生技醫療,M17C1 西藥
4147,中裕,M1722 生技醫療,M17C1 西藥
4148,全宇生技-KY,M1722 生技醫療,M17C3 農藥肥料
4157,太景*-KY,M1722 生技醫療,M17C1 西藥
4162,智擎,M1722 生技醫療,M17C1 西藥
4167,松瑞藥,M1722 生技醫療,M17C1 西藥
4168,醣聯,M1722 生技醫療,M17C1 西藥
4173,久裕,M1722 生技醫療,M17C1 西藥
4174,浩鼎,M1722 生技醫療,M17C1 西藥
4192,杏國,M1722 生技醫療,M17C1 西藥
4726,永昕,M1722 生技醫療,M17C1 西藥
4743,合一,M1722 生技醫療,M17C1 西藥
4746,台耀,M1722 生技醫療,M17C1 西藥
4747,強生,M1722 生技醫療,M17C1 西藥
4911,德英,M1722 生技醫療,M17C1 西藥
6130,星寶國際,M1722 生技醫療,M17C1 西藥
6242,立康,M1722 生技醫療,M17C2 機能性食品
6446,藥華藥,M1722 生技醫療,M17C1 西藥
6461,益得,M1722 生技醫療,M17C1 西藥
6472,保瑞,M1722 生技醫療,M17C1 西藥
6492,生華科,M1722 生技醫療,M17C1 西藥
6496,科懋,M1722 生技醫療,M17C1 西藥
6535,順藥,M1722 生技醫療,M17C1 西藥
6541,泰福-KY,M1722 生技醫療,M17C1 西藥
6547,高端疫苗,M1722 生技醫療,M17C1 西藥
6550,北極星藥業-KY,M1722 生技醫療,M17C1 西藥
6576,逸達,M1722 生技醫療,M17C1 西藥
6589,台康生技,M1722 生技醫療,M17C1 西藥
6657,華安,M1722 生技醫療,M17C1 西藥
8279,生展,M1722 生技醫療,M17C2 機能性食品
8432,東生華,M1722 生技醫療,M17C1 西藥
8436,大江,M1722 生技醫療,M17C2 機能性食品
3555,重鵬,M2324 半導體,M17C2 機能性食品
6508,惠光,M3300 農業科技,M17C3 農藥肥料
5398,慕康生醫,M9900 其他,M17C1 西藥
6236,康呈,M9900 其他,M17C2 機能性食品
1709,和益,M1721 化學工業,M17E1 清潔劑原料
1714,和桐,M1721 化學工業,M17E1 清潔劑原料
1730,花仙子,M1721 化學工業,M17E2 清潔用品
1732,毛寶,M1721 化學工業,M17E2 清潔用品
4707,磐亞,M1721 化學工業,M17E1 清潔劑原料
6506,雙邦,M1400 紡織纖維,M17F 樹脂
1717,長興,M1721 化學工業,M17F 樹脂
1721,三晃,M1721 化學工業,M17F 樹脂
1735,日勝化,M1721 化學工業,M17F 樹脂
1776,展宇,M1721 化學工業,M17F 樹脂
3708,上緯投控,M1721 化學工業,M17F 樹脂
4711,永純,M1721 化學工業,M17F 樹脂
4714,永捷,M1721 化學工業,M17F 樹脂
4716,大立,M1721 化學工業,M17F 樹脂
4720,德淵,M1721 化學工業,M17F 樹脂
4722,國精化,M1721 化學工業,M17F 樹脂
4766,南寶,M1721 化學工業,M17F 樹脂
4767,誠泰科技,M1721 化學工業,M17F 樹脂
4770,上品,M1721 化學工業,M17F 樹脂
6585,鼎基,M9900 其他,M17F 樹脂
1565,精華,M1722 生技醫療,M17G 醫療耗材
1733,五鼎,M1722 生技醫療,M17G 醫療耗材
1781,合世,M1722 生技醫療,M17G 醫療耗材
1783,和康生,M1722 生技醫療,M17G 醫療耗材
1786,科妍,M1722 生技醫療,M17G 醫療耗材
1788,杏昌,M1722 生技醫療,M17G 醫療耗材
1813,寶利徠,M1722 生技醫療,M17G 醫療耗材
3118,進階,M1722 生技醫療,M17G 醫療耗材
3218,大學光,M1722 生技醫療,M17G 醫療耗材
4104,佳醫,M1722 生技醫療,M17G 醫療耗材
4106,雃博,M1722 生技醫療,M17G 醫療耗材
4107,邦特,M1722 生技醫療,M17G 醫療耗材
4116,明基醫,M1722 生技醫療,M17G 醫療耗材
4126,太醫,M1722 生技醫療,M17G 醫療耗材
4129,聯合,M1722 生技醫療,M17G 醫療耗材
4131,晶宇,M1722 生技醫療,M17G 醫療耗材
4133,亞諾法,M1722 生技醫療,M17G 醫療耗材
4138,曜亞,M1722 生技醫療,M17G 醫療耗材
4155,訊映,M1722 生技醫療,M17G 醫療耗材
4160,創源,M1722 生技醫療,M17G 醫療耗材
4161,聿新科,M1722 生技醫療,M17G 醫療耗材
4163,鐿鈦,M1722 生技醫療,M17G 醫療耗材
4164,承業醫,M1722 生技醫療,M17G 醫療耗材
4183,福永生技,M1722 生技醫療,M17G 醫療耗材
4188,安克,M1722 生技醫療,M17G 醫療耗材
4198,欣大健康,M1722 生技醫療,M17G 醫療耗材
4728,雙美,M1722 生技醫療,M17G 醫療耗材
4735,豪展,M1722 生技醫療,M17G 醫療耗材
4736,泰博,M1722 生技醫療,M17G 醫療耗材
4737,華廣,M1722 生技醫療,M17G 醫療耗材
4745,合富-KY,M1722 生技醫療,M17G 醫療耗材
5312,寶島科,M1722 生技醫療,M17G 醫療耗材
6491,晶碩,M1722 生技醫療,M17G 醫療耗材
6499,益安,M1722 生技醫療,M17G 醫療耗材
6527,明達醫,M1722 生技醫療,M17G 醫療耗材
6598,ABC-KY,M1722 生技醫療,M17G 醫療耗材
6612,奈米醫材,M1722 生技醫療,M17G 醫療耗材
6615,慧智,M1722 生技醫療,M17G 醫療耗材
6649,台生材,M1722 生技醫療,M17G 醫療耗材
6661,威健生技,M1722 生技醫療,M17G 醫療耗材
6733,博晟生醫,M1722 生技醫療,M17G 醫療耗材
6747,亨泰光,M1722 生技醫療,M17G 醫療耗材
6762,達亞,M1722 生技醫療,M17G 醫療耗材
6767,台微醫,M1722 生技醫療,M17G 醫療耗材
6782,視陽,M1722 生技醫療,M17G 醫療耗材
6796,晉弘,M1722 生技醫療,M17G 醫療耗材
6797,圓點奈米,M1722 生技醫療,M17G 醫療耗材
6841,長佳智能,M1722 生技醫療,M17G 醫療耗材
6861,睿生光電,M1722 生技醫療,M17G 醫療耗材
8409,商之器,M1722 生技醫療,M23X9 應用軟體
3373,熱映,M2331 其他電子業,M17G 醫療耗材
4171,瑞基,M3300 農業科技,M17G 醫療耗材
1784,訊聯,M1722 生技醫療,M17H 生物科技
4139,馬光-KY,M1722 生技醫療,M17H 生物科技
6662,樂斯科,M1722 生技醫療,M17H 生物科技
6712,長聖,M1722 生技醫療,M17H 生物科技
4121,優盛,M1722 生技醫療,M17X 藥局
4175,杏一,M1722 生技醫療,M17X 藥局
6469,大樹,M1722 生技醫療,M17X 藥局
8403,盛弘,M1722 生技醫療,M17X 藥局
1708,東鹼,M1721 化學工業,M17Z 其他化學
1723,中碳,M1721 化學工業,M17Z 其他化學
1725,元禎,M1721 化學工業,M17Z 其他化學
1727,中華化,M1721 化學工業,M17Z 其他化學
1742,台蠟,M1721 化學工業,M17Z 其他化學
1773,勝一,M1721 化學工業,M17Z 其他化學
3430,奇鈦科,M1721 化學工業,M17Z 其他化學
4137,麗豐-KY,M1722 生技醫療,M17Z 其他化學
4190,佐登-KY,M1722 生技醫療,M17Z 其他化學
4721,美琪瑪,M1721 化學工業,M17Z 其他化學
4739,康普,M1721 化學工業,M17Z 其他化學
4754,國碳科,M1721 化學工業,M17Z 其他化學
4755,三福化,M1721 化學工業,M17Z 其他化學
4763,材料-KY,M1721 化學工業,M17Z 其他化學
4764,雙鍵,M1721 化學工業,M17Z 其他化學
4768,晶呈科技,M1721 化學工業,M17Z 其他化學
6431,光麗-KY,M1722 生技醫療,M17Z 其他化學
6509,聚和,M1721 化學工業,M17Z 其他化學
6523,達爾膚,M1722 生技醫療,M17Z 其他化學
6574,霈方,M1722 生技醫療,M17Z 其他化學
6666,羅麗芬-KY,M1722 生技醫療,M17Z 其他化學
6703,軒郁,M1722 生技醫療,M17Z 其他化學
4749,新應材,M2326 光電業,M17Z 其他化學
5450,南良,M9900 其他,M17Z 其他化學
1903,士紙,M1900 造紙工業,M19A 造紙
1904,正隆,M1900 造紙工業,M19A 造紙
1906,寶隆,M1900 造紙工業,M19A 造紙
1907,永豐餘,M1900 造紙工業,M19A 造紙
1909,榮成,M1900 造紙工業,M19A 造紙
6790,永豐實,M1900 造紙工業,M19A 造紙
1905,華紙,M1900 造紙工業,M19B 紙漿
4558,寶緯,M1500 電機機械,M20A5 鋁鋅
8996,高力,M1500 電機機械,M20A9 金屬加工
2061,風青,M1600 電器電纜,M20A4 銅
2002,中鋼,M2000 鋼鐵工業,M20A3 鋼板
2006,東和鋼鐵,M2000 鋼鐵工業,M20A2 鋼筋
2007,燁興,M2000 鋼鐵工業,M20A1 線材
2008,高興昌,M2000 鋼鐵工業,M20A7 鋼管
2009,第一銅,M2000 鋼鐵工業,M20A4 銅
2010,春源,M2000 鋼鐵工業,M20A3 鋼板
2012,春雨,M2000 鋼鐵工業,M20A1 線材
2013,中鋼構,M2000 鋼鐵工業,M20A2 鋼筋
2014,中鴻,M2000 鋼鐵工業,M20A3 鋼板
2015,豐興,M2000 鋼鐵工業,M20A2 鋼筋
2017,官田鋼,M2000 鋼鐵工業,M20A1 線材
2020,美亞,M2000 鋼鐵工業,M20A7 鋼管
2022,聚亨,M2000 鋼鐵工業,M20A1 線材
2023,燁輝,M2000 鋼鐵工業,M20A3 鋼板
2024,志聯,M2000 鋼鐵工業,M20A1 線材
2025,千興,M2000 鋼鐵工業,M20A6 不鏽鋼
2027,大成鋼,M2000 鋼鐵工業,M20A6 不鏽鋼
2028,威致,M2000 鋼鐵工業,M20A2 鋼筋
2029,盛餘,M2000 鋼鐵工業,M20A3 鋼板
2030,彰源,M2000 鋼鐵工業,M20A7 鋼管
2031,新光鋼,M2000 鋼鐵工業,M20A3 鋼板
2032,新鋼,M2000 鋼鐵工業,M20A6 不鏽鋼
2033,佳大,M2000 鋼鐵工業,M20A1 線材
2034,允強,M2000 鋼鐵工業,M20A7 鋼管
2035,唐榮,M2000 鋼鐵工業,M20A6 不鏽鋼
2038,海光,M2000 鋼鐵工業,M20A2 鋼筋
2063,世鎧,M2000 鋼鐵工業,M20A1 線材
2064,晉椿,M2000 鋼鐵工業,M20A1 線材
2065,世豐,M2000 鋼鐵工業,M20A1 線材
2069,運錩,M2000 鋼鐵工業,M20A6 不鏽鋼
2211,長榮鋼,M2000 鋼鐵工業,M20A2 鋼筋
5007,三星,M2000 鋼鐵工業,M20A1 線材
5009,榮剛,M2000 鋼鐵工業,M20A6 不鏽鋼
5011,久陽,M2000 鋼鐵工業,M20A1 線材
5013,強新,M2000 鋼鐵工業,M20A1 線材
5014,建錩,M2000 鋼鐵工業,M20A6 不鏽鋼
5015,華祺,M2000 鋼鐵工業,M20A1 線材
5016,松和,M2000 鋼鐵工業,M20A1 線材
5538,東明-KY,M2000 鋼鐵工業,M20A1 線材
6248,沛波,M2000 鋼鐵工業,M20A2 鋼筋
8349,恒耀,M2000 鋼鐵工業,M20A1 線材
8415,大國鋼,M2000 鋼鐵工業,M20A1 線材
911622,泰聚亨-DR,M2000 鋼鐵工業,M20A1 線材
9958,世紀鋼,M2000 鋼鐵工業,M20A2 鋼筋
9962,有益,M2000 鋼鐵工業,M20A6 不鏽鋼
1584,精剛,M9900 其他,M20A6 不鏽鋼
2221,大甲,M9900 其他,M20A7 鋼管
2358,廷鑫,M9900 其他,M20A5 鋁鋅
8342,益張,M9900 其他,M20A9 金屬加工
9927,泰銘,M9900 其他,M20A5 鋁鋅
4564,元翎,M1500 電機機械,M20B 金屬製品
4154,樂威科-KY,M1722 生技醫療,M20B 金屬製品
2073,雄順,M2000 鋼鐵工業,M20B 金屬製品
8930,青鋼,M2000 鋼鐵工業,M20B 金屬製品
2059,川湖,M2328 電子零組件,M20B 金屬製品
5543,桓鼎-KY,M2500 建材營造,M20B 金屬製品
8411,福貞-KY,M9900 其他,M20B 金屬製品
8488,吉源-KY,M9900 其他,M20B 金屬製品
8936,國統,M9900 其他,M20B 金屬製品
9905,大華,M9900 其他,M20B 金屬製品
9907,統一實,M9900 其他,M20B 金屬製品
2101,南港,M2100 橡膠工業,M21A 輪胎
2102,泰豐,M2100 橡膠工業,M21A 輪胎
2105,正新,M2100 橡膠工業,M21A 輪胎
2106,建大,M2100 橡膠工業,M21A 輪胎
2109,華豐,M2100 橡膠工業,M21A 輪胎
2107,厚生,M2100 橡膠工業,M21B2 其他橡膠
2114,鑫永銓,M2100 橡膠工業,M21B1 工業橡膠
2103,台橡,M2100 橡膠工業,M21C 橡膠原料
2104,國際中橡,M2100 橡膠工業,M21C 橡膠原料
2108,南帝,M2100 橡膠工業,M21C 橡膠原料
6582,申豐,M2100 橡膠工業,M21C 橡膠原料
8423,保綠-KY,M9900 其他,M21C 橡膠原料
1599,宏佳騰,M1500 電機機械,M22A 汽車製造
2201,裕隆,M2200 汽車工業,M22A 汽車製造
2204,中華,M2200 汽車工業,M22A 汽車製造
2206,三陽工業,M2200 汽車工業,M22A 汽車製造
4529,淳紳,M9900 其他,M22A 汽車製造
8937,合騏,M9900 其他,M22A 汽車製造
4572,駐龍,M1500 電機機械,M22B3 航空器製造
8222,寶一,M1500 電機機械,M22B3 航空器製造
3004,豐達科,M2000 鋼鐵工業,M22B3 航空器製造
9110,越南控-DR,M2200 汽車工業,M22B2 機車製造
2208,台船,M2600 航運業,M22B1 船舶製造
2630,亞航,M2600 航運業,M22B3 航空器製造
2634,漢翔,M2600 航運業,M22B3 航空器製造
2645,長榮航太,M2600 航運業,M22B3 航空器製造
6753,龍德造船,M2600 航運業,M22B1 船舶製造
4541,晟田,M9900 其他,M22B3 航空器製造
8478,東哥遊艇,M9900 其他,M22B1 船舶製造
2207,和泰車,M2200 汽車工業,M22X 汽車買賣
2227,裕日車,M2200 汽車工業,M22X 汽車買賣
2247,汎德永業,M2200 汽車工業,M22X 汽車買賣
2312,金寶,M2331 其他電子業,M23A1 EMS
2317,鴻海,M2331 其他電子業,M23A1 EMS
2324,仁寶,M2325 電腦及週邊,M23A1 EMS
2353,宏碁,M2325 電腦及週邊,M23A3 PC品牌
2356,英業達,M2325 電腦及週邊,M23A1 EMS
2357,華碩,M2325 電腦及週邊,M23A3 PC品牌
2362,藍天,M2325 電腦及週邊,M23A2 泛用電腦
2364,倫飛,M2325 電腦及週邊,M23A2 泛用電腦
2382,廣達,M2325 電腦及週邊,M23A1 EMS
2405,輔信,M2325 電腦及週邊,M23A2 泛用電腦
3213,茂訊,M2325 電腦及週邊,M23A2 泛用電腦
3231,緯創,M2325 電腦及週邊,M23A1 EMS
3701,大眾控,M2325 電腦及週邊,M23A1 EMS
3706,神達,M2325 電腦及週邊,M23A1 EMS
4938,和碩,M2325 電腦及週邊,M23A1 EMS
6669,緯穎,M2325 電腦及週邊,M23A2 泛用電腦
6569,醫揚,M1722 生技醫療,M23B5B 工業電腦
1815,富喬,M2328 電子零組件,M23B3B 玻纖紗布
2313,華通,M2328 電子零組件,M23B2D 硬板及其他
2316,楠梓電,M2328 電子零組件,M23B2D 硬板及其他
2331,精英,M2325 電腦及週邊,M23B1 主機板
2355,敬鵬,M2328 電子零組件,M23B2D 硬板及其他
2367,燿華,M2328 電子零組件,M23B2D 硬板及其他
2368,金像電,M2328 電子零組件,M23B2D 硬板及其他
2376,技嘉,M2325 電腦及週邊,M23B1 主機板
2377,微星,M2325 電腦及週邊,M23B1 主機板
2383,台光電,M2328 電子零組件,M23B3A 銅箔基板
2395,研華,M2325 電腦及週邊,M23B5B 工業電腦
2397,友通,M2325 電腦及週邊,M23B5B 工業電腦
2399,映泰,M2325 電腦及週邊,M23B1 主機板
2402,毅嘉,M2328 電子零組件,M23B2C 軟板
2417,圓剛,M2325 電腦及週邊,M23B4B 電視卡
2425,承啟,M2325 電腦及週邊,M23B4A 繪圖卡
2465,麗臺,M2325 電腦及週邊,M23B4A 繪圖卡
3022,威強電,M2325 電腦及週邊,M23B5B 工業電腦
3037,欣興,M2328 電子零組件,M23B2D 硬板及其他
3044,健鼎,M2328 電子零組件,M23B2D 硬板及其他
3046,建碁,M2325 電腦及週邊,M23B1 主機板
3088,艾訊,M2325 電腦及週邊,M23B5B 工業電腦
3115,富榮綱,M2328 電子零組件,M23B3X PCB材-其他
3189,景碩,M2324 半導體,M23B2A IC載板
3229,晟鈦,M2328 電子零組件,M23B2D 硬板及其他
3276,宇環,M2328 電子零組件,M23B2C 軟板
3287,廣寰科,M2325 電腦及週邊,M23B4B 電視卡
3305,昇貿,M2331 其他電子業,M23B3X PCB材-其他
3321,同泰,M2328 電子零組件,M23B2C 軟板
3354,律勝,M2328 電子零組件,M23B3C FCCL
3390,旭軟,M2328 電子零組件,M23B2C 軟板
3416,融程電,M2325 電腦及週邊,M23B5B 工業電腦
3479,安勤,M2325 電腦及週邊,M23B5B 工業電腦
3515,華擎,M2325 電腦及週邊,M23B1 主機板
3521,鴻翊,M2325 電腦及週邊,M23B5A POS
3564,其陽,M2327 通信網路業,M23B5B 工業電腦
3577,泓格,M2325 電腦及週邊,M23B5B 工業電腦
3594,磐儀,M2325 電腦及週邊,M23B5B 工業電腦
3611,鼎翰,M2325 電腦及週邊,M23B5A POS
3631,晟楠,M2328 電子零組件,M23B3X PCB材-其他
3645,達邁,M2328 電子零組件,M23B2C 軟板
3652,精聯,M2325 電腦及週邊,M23B5A POS
3715,定穎投控,M2328 電子零組件,M23B2D 硬板及其他
4909,新復興,M2327 通信網路業,M23B2D 硬板及其他
4916,事欣科,M2325 電腦及週邊,M23B5B 工業電腦
4927,泰鼎-KY,M2328 電子零組件,M23B2D 硬板及其他
4939,亞電,M2328 電子零組件,M23B3C FCCL
4958,臻鼎-KY,M2328 電子零組件,M23B2C 軟板
4987,科誠,M2325 電腦及週邊,M23B5A POS
4989,榮科,M2328 電子零組件,M23B3X PCB材-其他
5258,虹堡,M2325 電腦及週邊,M23B5A POS
5291,邑昇,M2328 電子零組件,M23B2D 硬板及其他
5340,建榮,M2328 電子零組件,M23B3B 玻纖紗布
5355,佳總,M2328 電子零組件,M23B2D 硬板及其他
5381,合正,M2328 電子零組件,M23B3A 銅箔基板
5386,青雲,M2325 電腦及週邊,M23B4A 繪圖卡
5439,高技,M2328 電子零組件,M23B2D 硬板及其他
5464,霖宏,M2328 電子零組件,M23B2D 硬板及其他
5469,瀚宇博,M2328 電子零組件,M23B2D 硬板及其他
5474,聰泰,M2325 電腦及週邊,M23B4B 電視卡
5475,德宏,M2328 電子零組件,M23B3B 玻纖紗布
5490,同亨,M2325 電腦及週邊,M23B5A POS
5498,凱崴,M2328 電子零組件,M23B3X PCB材-其他
6108,競國,M2328 電子零組件,M23B2D 硬板及其他
6114,久威,M2328 電子零組件,M23B2D 硬板及其他
6141,柏承,M2328 電子零組件,M23B2D 硬板及其他
6150,撼訊,M2325 電腦及週邊,M23B4A 繪圖卡
6153,嘉聯益,M2328 電子零組件,M23B2C 軟板
6156,松上,M2328 電子零組件,M23B2D 硬板及其他
6160,欣技,M2325 電腦及週邊,M23B5B 工業電腦
6161,捷波,M2325 電腦及週邊,M23B4A 繪圖卡
6166,凌華,M2325 電腦及週邊,M23B5B 工業電腦
6191,精成科,M2328 電子零組件,M23B2B PCB 組裝
6194,育富,M2328 電子零組件,M23B2D 硬板及其他
6206,飛捷,M2325 電腦及週邊,M23B5A POS
6210,慶生,M2328 電子零組件,M23B2D 硬板及其他
6213,聯茂,M2328 電子零組件,M23B3A 銅箔基板
6217,中探針,M2328 電子零組件,M23B3X PCB材-其他
6223,旺矽,M2324 半導體,M23B2D 硬板及其他
6245,立端,M2327 通信網路業,M23B5B 工業電腦
6266,泰詠,M2328 電子零組件,M23B2B PCB 組裝
6269,台郡,M2328 電子零組件,M23B2C 軟板
6274,台燿,M2328 電子零組件,M23B3A 銅箔基板
6278,台表科,M2326 光電業,M23B2B PCB 組裝
6414,樺漢,M2325 電腦及週邊,M23B5B 工業電腦
6510,精測,M2324 半導體,M23B2D 硬板及其他
6515,穎崴,M2324 半導體,M23B3X PCB材-其他
6552,易華電,M2324 半導體,M23B2C 軟板
6570,維田,M2325 電腦及週邊,M23B5B 工業電腦
6577,勁豐,M2325 電腦及週邊,M23B5B 工業電腦
6579,研揚,M2325 電腦及週邊,M23B5B 工業電腦
6672,騰輝電子-KY,M2328 電子零組件,M23B3A 銅箔基板
6680,鑫創電子,M2325 電腦及週邊,M23B5B 工業電腦
6683,雍智科技,M2324 半導體,M23B2A IC載板
6835,圓裕,M2328 電子零組件,M23B2C 軟板
8021,尖點,M2331 其他電子業,M23B3X PCB材-其他
8039,台虹,M2328 電子零組件,M23B3C FCCL
8046,南電,M2328 電子零組件,M23B2A IC載板
8050,廣積,M2325 電腦及週邊,M23B5B 工業電腦
8074,鉅橡,M2328 電子零組件,M23B3X PCB材-其他
8076,伍豐,M2325 電腦及週邊,M23B5A POS
8114,振樺電,M2325 電腦及週邊,M23B5A POS
8155,博智,M2328 電子零組件,M23B2D 硬板及其他
8183,精星,M2331 其他電子業,M23B2B PCB 組裝
8213,志超,M2328 電子零組件,M23B2D 硬板及其他
8234,新漢,M2325 電腦及週邊,M23B5B 工業電腦
8291,尚茂,M2328 電子零組件,M23B3A 銅箔基板
8358,金居,M2328 電子零組件,M23B3X PCB材-其他
3064,泰偉,M3200 文化創意業,M23B5B 工業電腦
4153,鈺緯,M1722 生技醫療,M23C1 顯示器
3346,麗清,M2200 汽車工業,M23C6C 封裝及應用
6288,聯嘉,M2200 汽車工業,M23C6C 封裝及應用
2301,光寶科,M2325 電腦及週邊,M23C3 PC週邊
2305,全友,M2325 電腦及週邊,M23C2 影像掃描
2323,中環,M2326 光電業,M23C4A 光碟
2340,台亞,M2324 半導體,M23C6B 磊晶及晶粒
2349,錸德,M2326 光電業,M23C4A 光碟
2352,佳世達,M2325 電腦及週邊,M23C1 顯示器
2365,昆盈,M2325 電腦及週邊,M23C3 PC週邊
2380,虹光,M2325 電腦及週邊,M23C2 影像掃描
2385,群光,M2328 電子零組件,M23C3 PC週邊
2387,精元,M2325 電腦及週邊,M23C3 PC週邊
2390,云辰,M2331 其他電子業,M23C9 安全監控
2393,億光,M2326 光電業,M23C6C 封裝及應用
2406,國碩,M2326 光電業,M23C7B 太陽能晶圓
2409,友達,M2326 光電業,M23C8A LCD 面板
2426,鼎元,M2326 光電業,M23C6B 磊晶及晶粒
2429,銘旺科,M2326 光電業,M23CZ2 其他顯示
2438,翔耀,M2326 光電業,M23C8C LCD 原料
2466,冠西電,M2326 光電業,M23C6C 封裝及應用
2482,連宇,M2331 其他電子業,M23C3 PC週邊
2489,瑞軒,M2326 光電業,M23C1 顯示器
2495,普安,M2325 電腦及週邊,M23C4B 硬碟磁碟
3031,佰鴻,M2326 光電業,M23C6C 封裝及應用
3038,全台,M2326 光電業,M23C8D LCD-其他
3049,和鑫,M2326 光電業,M23C8E 觸控面板
3050,鈺德,M2326 光電業,M23C4A 光碟
3051,力特,M2326 光電業,M23C8C LCD 原料
3054,立萬利,M2324 半導體,M23C3 PC週邊
3057,喬鼎,M2325 電腦及週邊,M23C4B 硬碟磁碟
3060,銘異,M2325 電腦及週邊,M23C4B 硬碟磁碟
3066,李洲,M2326 光電業,M23C6C 封裝及應用
3073,天方能源,M2324 半導體,M23C7E 太陽能系統
3128,昇銳,M2326 光電業,M23C9 安全監控
3149,正達,M2326 光電業,M23C8E 觸控面板
3272,東碩,M2325 電腦及週邊,M23C3 PC週邊
3297,杭特,M2326 光電業,M23C9 安全監控
3339,泰谷,M2326 光電業,M23C6B 磊晶及晶粒
3349,寶德,M2325 電腦及週邊,M23C3 PC週邊
3356,奇偶,M2326 光電業,M23C9 安全監控
3434,哲固,M2326 光電業,M23C1 顯示器
3437,榮創,M2326 光電業,M23C6C 封裝及應用
3454,晶睿,M2326 光電業,M23C9 安全監控
3481,群創,M2326 光電業,M23C8A LCD 面板
3504,揚明光,M2326 光電業,M23CZ1 投影裝置
3523,迎輝,M2326 光電業,M23C8C LCD 原料
3531,先益,M2326 光電業,M23C8B 背光模組
3541,西柏,M2331 其他電子業,M23C3 PC週邊
3576,聯合再生,M2326 光電業,M23C7C 太陽能電池
3591,艾笛森,M2326 光電業,M23C6C 封裝及應用
3615,安可,M2326 光電業,M23C8E 觸控面板
3622,洋華,M2326 光電業,M23C8E 觸控面板
3623,富晶通,M2326 光電業,M23C8E 觸控面板
3666,光耀,M2326 光電業,M23C8C LCD 原料
3669,圓展,M2327 通信網路業,M23CZ2 其他顯示
3673,TPK-KY,M2326 光電業,M23C8E 觸控面板
3686,達能,M2324 半導體,M23C7B 太陽能晶圓
3691,碩禾,M2326 光電業,M23C7F 其他太陽能
3712,永崴投控,M2325 電腦及週邊,M23C2 影像掃描
3713,新晶投控,M2326 光電業,M23C7E 太陽能系統
3714,富采,M2326 光電業,M23C6B 磊晶及晶粒
4729,熒茂,M2326 光電業,M23C8E 觸控面板
4915,致伸,M2328 電子零組件,M23C3 PC週邊
4924,欣厚-KY,M2325 電腦及週邊,M23C3 PC週邊
4933,友輝,M2326 光電業,M23C8C LCD 原料
4934,太極,M2326 光電業,M23C7C 太陽能電池
4935,茂林-KY,M2326 光電業,M23C8C LCD 原料
4944,兆遠,M2326 光電業,M23C6A 藍寶石基板
4956,光鋐,M2326 光電業,M23C6B 磊晶及晶粒
4960,誠美材,M2326 光電業,M23C8C LCD 原料
4972,湯石照明,M2326 光電業,M23C6C 封裝及應用
4974,亞泰,M2328 電子零組件,M23C2 影像掃描
4995,晶達,M2326 光電業,M23C1 顯示器
5220,萬達光電,M2326 光電業,M23C8E 觸控面板
5230,雷笛克光學,M2326 光電業,M23C6C 封裝及應用
5234,達興材料,M2326 光電業,M23C8C LCD 原料
5244,弘凱,M2326 光電業,M23C6C 封裝及應用
5245,智晶,M2326 光電業,M23C8A LCD 面板
5251,天鉞電,M2326 光電業,M23C9 安全監控
5281,大峽谷-KY,M2326 光電業,M23C6C 封裝及應用
5315,光聯,M2326 光電業,M23C8D LCD-其他
5371,中光電,M2326 光電業,M23C8B 背光模組
5432,新門,M2326 光電業,M23C8D LCD-其他
5438,東友,M2325 電腦及週邊,M23C2 影像掃描
5484,慧友,M2326 光電業,M23C9 安全監控
5489,彩富,M2331 其他電子業,M23C9 安全監控
6116,彩晶,M2326 光電業,M23C8A LCD 面板
6120,達運,M2326 光電業,M23C8B 背光模組
6128,上福,M2325 電腦及週邊,M23C3 PC週邊
6143,振曜,M2327 通信網路業,M23C3 PC週邊
6164,華興,M2326 光電業,M23C6C 封裝及應用
6167,久正,M2326 光電業,M23C8D LCD-其他
6168,宏齊,M2326 光電業,M23C6C 封裝及應用
6176,瑞儀,M2326 光電業,M23C8B 背光模組
6188,廣明,M2325 電腦及週邊,M23C3 PC週邊
6222,上揚,M2326 光電業,M23C6C 封裝及應用
6226,光鼎,M2326 光電業,M23C6C 封裝及應用
6228,全譜,M2325 電腦及週邊,M23C2 影像掃描
6244,茂迪,M2326 光電業,M23C7C 太陽能電池
6246,臺龍,M2326 光電業,M23C8B 背光模組
6277,宏正,M2325 電腦及週邊,M23C3 PC週邊
6283,淳安,M2331 其他電子業,M23C3 PC週邊
6405,悅城,M2326 光電業,M23C8C LCD 原料
6419,京晨科,M2326 光電業,M23C9 安全監控
6443,元晶,M2326 光電業,M23C7C 太陽能電池
6456,GIS-KY,M2326 光電業,M23C8E 觸控面板
6477,安集,M2326 光電業,M23C7D 太陽能模組
6538,倉和,M2328 電子零組件,M23C7F 其他太陽能
6556,勝品,M2326 光電業,M23C9 安全監控
6560,欣普羅,M2326 光電業,M23C9 安全監控
6698,旭暉應材,M2331 其他電子業,M23C8C LCD 原料
8047,星雲,M2331 其他電子業,M23C3 PC週邊
8049,晶采,M2326 光電業,M23C8D LCD-其他
8069,元太,M2326 光電業,M23C8A LCD 面板
8072,陞泰,M2329 電子通路業,M23C9 安全監控
8085,福華,M2331 其他電子業,M23C8B 背光模組
8087,華鎂鑫,M2326 光電業,M23C4A 光碟
8104,錸寶,M2326 光電業,M23C8A LCD 面板
8105,凌巨,M2326 光電業,M23C8D LCD-其他
8111,立碁,M2326 光電業,M23C6C 封裝及應用
8163,達方,M2325 電腦及週邊,M23C3 PC週邊
8215,明基材,M2326 光電業,M23C8C LCD 原料
8240,華宏,M2326 光電業,M23C8C LCD 原料
8249,菱光,M2328 電子零組件,M23C2 影像掃描
8431,匯鑽科,M2331 其他電子業,M23C4B 硬碟磁碟
9105,泰金寶-DR,M2300 電子工業,M23C3 PC週邊
9912,偉聯,M2325 電腦及週邊,M23C1 顯示器
6873,泓德能源,M9900 其他,M23C7E 太陽能系統
1537,廣隆,M1500 電機機械,M23D7 二次電池
1586,和勤,M1500 電機機械,M23D9A 沖壓零組件
1336,台翰,M2328 電子零組件,M23D9A 沖壓零組件
1471,首利,M2328 電子零組件,M23D3 電源供應器
1569,濱川,M2325 電腦及週邊,M23D4 機殼
1582,信錦,M2328 電子零組件,M23D9A 沖壓零組件
2302,麗正,M2324 半導體,M23D1 整流二極體
2308,台達電,M2328 電子零組件,M23D3 電源供應器
2327,國巨,M2328 電子零組件,M23D5 被動元件
2328,廣宇,M2328 電子零組件,M23D2 連接器
2354,鴻準,M2331 其他電子業,M23D4 機殼
2375,凱美,M2328 電子零組件,M23D5 被動元件
2392,正崴,M2328 電子零組件,M23D2 連接器
2413,環科,M2328 電子零組件,M23D3 電源供應器
2420,新巨,M2328 電子零組件,M23D3 電源供應器
2421,建準,M2328 電子零組件,M23D9B 散熱零組件
2428,興勤,M2328 電子零組件,M23D5 被動元件
2431,聯昌,M2328 電子零組件,M23D3 電源供應器
2434,統懋,M2324 半導體,M23D1 整流二極體
2440,太空梭,M2328 電子零組件,M23D2 連接器
2457,飛宏,M2328 電子零組件,M23D3 電源供應器
2460,建通,M2328 電子零組件,M23D2 連接器
2462,良得電,M2328 電子零組件,M23D2 連接器
2472,立隆電,M2328 電子零組件,M23D5 被動元件
2474,可成,M2331 其他電子業,M23D4 機殼
2476,鉅祥,M2328 電子零組件,M23D9A 沖壓零組件
2478,大毅,M2328 電子零組件,M23D5 被動元件
2481,強茂,M2324 半導體,M23D1 整流二極體
2483,百容,M2328 電子零組件,M23D9A 沖壓零組件
2484,希華,M2328 電子零組件,M23D6 石英元件
2486,一詮,M2326 光電業,M23D9C 光電導線架
2492,華新科,M2328 電子零組件,M23D5 被動元件
3002,歐格,M2325 電腦及週邊,M23D3 電源供應器
3003,健和興,M2328 電子零組件,M23D2 連接器
3005,神基,M2325 電腦及週邊,M23D4 機殼
3011,今皓,M2328 電子零組件,M23D2 連接器
3013,晟銘電,M2325 電腦及週邊,M23D4 機殼
3015,全漢,M2328 電子零組件,M23D3 電源供應器
3017,奇鋐,M2325 電腦及週邊,M23D9B 散熱零組件
3021,鴻名,M2328 電子零組件,M23D2 連接器
3023,信邦,M2328 電子零組件,M23D2 連接器
3026,禾伸堂,M2328 電子零組件,M23D5 被動元件
3032,偉訓,M2328 電子零組件,M23D4 機殼
3042,晶技,M2328 電子零組件,M23D6 石英元件
3043,科風,M2331 其他電子業,M23D3 電源供應器
3058,立德,M2328 電子零組件,M23D3 電源供應器
3071,協禧,M2325 電腦及週邊,M23D9B 散熱零組件
3078,僑威,M2328 電子零組件,M23D3 電源供應器
3089,億杰,M2328 電子零組件,M23D5 被動元件
3092,鴻碩,M2328 電子零組件,M23D2 連接器
3095,及成,M2327 通信網路業,M23D4 機殼
3152,璟德,M2327 通信網路業,M23D5 被動元件
3191,和進,M2328 電子零組件,M23D9D 其他零組件
3202,樺晟,M2328 電子零組件,M23D2 連接器
3207,耀勝,M2328 電子零組件,M23D3 電源供應器
3211,順達,M2325 電腦及週邊,M23D7 二次電池
3217,優群,M2328 電子零組件,M23D2 連接器
3221,台嘉碩,M2327 通信網路業,M23D6 石英元件
3230,錦明,M2326 光電業,M23D4 機殼
3236,千如,M2328 電子零組件,M23D5 被動元件
3290,東浦,M2328 電子零組件,M23D9D 其他零組件
3294,英濟,M2328 電子零組件,M23D4 機殼
3296,勝德,M2328 電子零組件,M23D3 電源供應器
3308,聯德,M2328 電子零組件,M23D3 電源供應器
3310,佳穎,M2328 電子零組件,M23D9A 沖壓零組件
3311,閎暉,M2327 通信網路業,M23D9A 沖壓零組件
3322,建舜電,M2328 電子零組件,M23D2 連接器
3323,加百裕,M2325 電腦及週邊,M23D7 二次電池
3324,雙鴻,M2331 其他電子業,M23D9B 散熱零組件
3325,旭品,M2325 電腦及週邊,M23D4 機殼
3332,幸康,M2328 電子零組件,M23D3 電源供應器
3338,泰碩,M2328 電子零組件,M23D9B 散熱零組件
3357,臺慶科,M2328 電子零組件,M23D5 被動元件
3376,新日興,M2328 電子零組件,M23D9A 沖壓零組件
3432,台端,M2328 電子零組件,M23D2 連接器
3483,力致,M2325 電腦及週邊,M23D9B 散熱零組件
3484,崧騰,M2328 電子零組件,M23D2 連接器
3492,長盛,M2328 電子零組件,M23D2 連接器
3501,維熹,M2328 電子零組件,M23D2 連接器
3508,位速,M2331 其他電子業,M23D4 機殼
3511,矽瑪,M2328 電子零組件,M23D2 連接器
3520,華盈,M2328 電子零組件,M23D2 連接器
3526,凡甲,M2328 電子零組件,M23D2 連接器
3533,嘉澤,M2328 電子零組件,M23D2 連接器
3536,誠創,M2324 半導體,M23D1 整流二極體
3540,曜越,M2325 電腦及週邊,M23D4 機殼
3543,州巧,M2326 光電業,M23D9A 沖壓零組件
3548,兆利,M2328 電子零組件,M23D9A 沖壓零組件
3550,聯穎,M2328 電子零組件,M23D2 連接器
3593,力銘,M2328 電子零組件,M23D4 機殼
3597,映興,M2328 電子零組件,M23D2 連接器
3605,宏致,M2328 電子零組件,M23D2 連接器
3607,谷崧,M2328 電子零組件,M23D4 機殼
3617,碩天,M2331 其他電子業,M23D3 電源供應器
3624,光頡,M2328 電子零組件,M23D5 被動元件
3625,西勝,M2325 電腦及週邊,M23D7 二次電池
3628,盈正,M2331 其他電子業,M23D3 電源供應器
3646,艾恩特,M2328 電子零組件,M23D2 連接器
3653,健策,M2328 電子零組件,M23D9B 散熱零組件
3665,貿聯-KY,M2331 其他電子業,M23D2 連接器
3675,德微,M2324 半導體,M23D1 整流二極體
3679,新至陞,M2328 電子零組件,M23D9A 沖壓零組件
3689,湧德,M2328 電子零組件,M23D2 連接器
3693,營邦,M2325 電腦及週邊,M23D4 機殼
3710,連展投控,M2328 電子零組件,M23D2 連接器
4545,銘鈺,M2328 電子零組件,M23D9A 沖壓零組件
4760,勤凱,M2331 其他電子業,M23D5 被動元件
4912,聯德控股-KY,M2328 電子零組件,M23D9A 沖壓零組件
4931,新盛力,M2325 電腦及週邊,M23D7 二次電池
4942,嘉彰,M2326 光電業,M23D9A 沖壓零組件
4943,康控-KY,M2328 電子零組件,M23D2 連接器
4999,鑫禾,M2328 電子零組件,M23D9A 沖壓零組件
5215,科嘉-KY,M2325 電腦及週邊,M23D9D 其他零組件
5223,安力-KY,M2325 電腦及週邊,M23D9A 沖壓零組件
5227,立凱-KY,M2328 電子零組件,M23D7 二次電池
5228,鈺鎧,M2328 電子零組件,M23D5 被動元件
5243,乙盛-KY,M2326 光電業,M23D9A 沖壓零組件
5309,系統電,M2328 電子零組件,M23D3 電源供應器
5328,華容,M2328 電子零組件,M23D5 被動元件
5383,金利,M2331 其他電子業,M23D9B 散熱零組件
5392,能率,M2326 光電業,M23D4 機殼
5425,台半,M2324 半導體,M23D1 整流二極體
5426,振發,M2325 電腦及週邊,M23D4 機殼
5457,宣德,M2328 電子零組件,M23D2 連接器
5460,同協,M2328 電子零組件,M23D9A 沖壓零組件
5465,富驊,M2325 電腦及週邊,M23D4 機殼
5488,松普,M2328 電子零組件,M23D2 連接器
6109,亞元,M2327 通信網路業,M23D3 電源供應器
6115,鎰勝,M2328 電子零組件,M23D2 連接器
6117,迎廣,M2325 電腦及週邊,M23D4 機殼
6121,新普,M2325 電腦及週邊,M23D7 二次電池
6124,業強,M2328 電子零組件,M23D9B 散熱零組件
6126,信音,M2328 電子零組件,M23D2 連接器
6127,九豪,M2328 電子零組件,M23D5 被動元件
6133,金橋,M2328 電子零組件,M23D2 連接器
6134,萬旭,M2328 電子零組件,M23D2 連接器
6155,鈞寶,M2328 電子零組件,M23D5 被動元件
6158,禾昌,M2328 電子零組件,M23D2 連接器
6173,信昌電,M2328 電子零組件,M23D5 被動元件
6174,安碁,M2328 電子零組件,M23D6 石英元件
6175,立敦,M2328 電子零組件,M23D5 被動元件
6185,幃翔,M2328 電子零組件,M23D2 連接器
6190,萬泰科,M2327 通信網路業,M23D2 連接器
6197,佳必琪,M2328 電子零組件,M23D2 連接器
6203,海韻電,M2328 電子零組件,M23D3 電源供應器
6204,艾華,M2328 電子零組件,M23D5 被動元件
6205,詮欣,M2328 電子零組件,M23D2 連接器
6207,雷科,M2328 電子零組件,M23D9D 其他零組件
6220,岳豐,M2328 電子零組件,M23D2 連接器
6224,聚鼎,M2328 電子零組件,M23D5 被動元件
6230,尼得科超眾,M2325 電腦及週邊,M23D9B 散熱零組件
6235,華孚,M2325 電腦及週邊,M23D4 機殼
6271,同欣電,M2324 半導體,M23G2 IC封測
6275,元山,M2328 電子零組件,M23D9B 散熱零組件
6276,安鈦克,M2325 電腦及週邊,M23D3 電源供應器
6282,康舒,M2328 電子零組件,M23D3 電源供應器
6284,佳邦,M2328 電子零組件,M23D5 被動元件
6290,良維,M2328 電子零組件,M23D2 連接器
6292,迅德,M2328 電子零組件,M23D3 電源供應器
6409,旭隼,M2331 其他電子業,M23D3 電源供應器
6412,群電,M2328 電子零組件,M23D3 電源供應器
6418,詠昇,M2328 電子零組件,M23D2 連接器
6432,今展科,M2328 電子零組件,M23D5 被動元件
6441,廣錠,M2325 電腦及週邊,M23D7 二次電池
6449,鈺邦,M2328 電子零組件,M23D5 被動元件
6512,啟發電,M2331 其他電子業,M23D9D 其他零組件
6558,興能高,M2331 其他電子業,M23D7 二次電池
6573,虹揚-KY,M2324 半導體,M23D1 整流二極體
6591,動力-KY,M2325 電腦及週邊,M23D9B 散熱零組件
6642,富致,M2328 電子零組件,M23D5 被動元件
6715,嘉基,M2328 電子零組件,M23D2 連接器
6781,AES-KY,M2328 電子零組件,M23D7 二次電池
6792,詠業,M2327 通信網路業,M23D5 被動元件
6821,聯寶,M2328 電子零組件,M23D5 被動元件
6834,天二科技,M2328 電子零組件,M23D5 被動元件
8038,長園科,M2328 電子零組件,M23D7 二次電池
8042,金山電,M2328 電子零組件,M23D5 被動元件
8071,能率網通,M2328 電子零組件,M23D9A 沖壓零組件
8093,保銳,M2328 電子零組件,M23D3 電源供應器
8097,常珵,M2327 通信網路業,M23D2 連接器
8103,瀚荃,M2328 電子零組件,M23D2 連接器
8109,博大,M2328 電子零組件,M23D3 電源供應器
8121,越峰,M2328 電子零組件,M23D5 被動元件
8147,正淩,M2328 電子零組件,M23D2 連接器
8171,天宇,M2327 通信網路業,M23D7 二次電池
8182,加高,M2328 電子零組件,M23D6 石英元件
8210,勤誠,M2325 電腦及週邊,M23D4 機殼
8289,泰藝,M2328 電子零組件,M23D6 石英元件
8410,森田,M2325 電腦及週邊,M23D4 機殼
5284,jpp-KY,M9900 其他,M23D9A 沖壓零組件
2332,友訊,M2327 通信網路業,M23E2 網路卡
2345,智邦,M2327 通信網路業,M23E2 網路卡
2419,仲琦,M2327 通信網路業,M23E1 數據機
2444,兆勁,M2327 通信網路業,M23E1 數據機
3025,星通,M2327 通信網路業,M23E2 網路卡
3047,訊舟,M2327 通信網路業,M23E1 數據機
3062,建漢,M2327 通信網路業,M23E2 網路卡
3380,明泰,M2327 通信網路業,M23E2 網路卡
3447,展達,M2327 通信網路業,M23E1 數據機
3558,神準,M2327 通信網路業,M23E1 數據機
3596,智易,M2327 通信網路業,M23E1 數據機
3664,安瑞-KY,M2327 通信網路業,M23E1 數據機
3704,合勤控,M2327 通信網路業,M23E1 數據機
4906,正文,M2327 通信網路業,M23E2 網路卡
5353,台林,M2327 通信網路業,M23E1 數據機
5388,中磊,M2327 通信網路業,M23E2 網路卡
6142,友勁,M2327 通信網路業,M23E2 網路卡
6216,居易,M2327 通信網路業,M23E1 數據機
6241,易通展,M2327 通信網路業,M23E1 數據機
6263,普萊德,M2327 通信網路業,M23E2 網路卡
6416,瑞祺電通,M2327 通信網路業,M23E1 數據機
6470,宇智,M2327 通信網路業,M23E1 數據機
6674,鋐寶科技,M2327 通信網路業,M23E1 數據機
8048,德勝,M2327 通信網路業,M23E2 網路卡
8059,凱碩,M2327 通信網路業,M23E1 數據機
8089,康全電訊,M2327 通信網路業,M23E1 數據機
8176,智捷,M2327 通信網路業,M23E1 數據機
1560,中砂,M1500 電機機械,M23G3C 晶圓材料
2303,聯電,M2324 半導體,M23G1A 晶圓代工
2329,華泰,M2324 半導體,M23G2 IC封測
2330,台積電,M2324 半導體,M23G1A 晶圓代工
2337,旺宏,M2324 半導體,M23G1B 記憶體製造
2338,光罩,M2324 半導體,M23G6 其他半導體
2342,茂矽,M2324 半導體,M23G1A 晶圓代工
2344,華邦電,M2324 半導體,M23G1B 記憶體製造
2351,順德,M2324 半導體,M23G4 IC導線架
2363,矽統,M2324 半導體,M23G5 IC設計
2369,菱生,M2324 半導體,M23G2 IC封測
2379,瑞昱,M2324 半導體,M23G5 IC設計
2388,威盛,M2324 半導體,M23G5 IC設計
2401,凌陽,M2324 半導體,M23G5 IC設計
2408,南亞科,M2324 半導體,M23G1B 記憶體製造
2436,偉詮電,M2324 半導體,M23G5 IC設計
2441,超豐,M2324 半導體,M23G2 IC封測
2449,京元電子,M2324 半導體,M23G2 IC封測
2451,創見,M2324 半導體,M23G3B 記憶體模組
2454,聯發科,M2324 半導體,M23G5 IC設計
2455,全新,M2327 通信網路業,M23G3A 化合物SEMI
2458,義隆,M2324 半導體,M23G5 IC設計
3006,晶豪科,M2324 半導體,M23G5 IC設計
3014,聯陽,M2324 半導體,M23G5 IC設計
3016,嘉晶,M2324 半導體,M23G3C 晶圓材料
3034,聯詠,M2324 半導體,M23G5 IC設計
3035,智原,M2324 半導體,M23G5 IC設計
3041,揚智,M2324 半導體,M23G5 IC設計
3081,聯亞,M2327 通信網路業,M23G3A 化合物SEMI
3094,聯傑,M2324 半導體,M23G5 IC設計
3105,穩懋,M2324 半導體,M23G3A 化合物SEMI
3122,笙泉,M2324 半導體,M23G5 IC設計
3141,晶宏,M2324 半導體,M23G5 IC設計
3169,亞信,M2324 半導體,M23G5 IC設計
3227,原相,M2324 半導體,M23G5 IC設計
3228,金麗科,M2324 半導體,M23G5 IC設計
3257,虹冠電,M2324 半導體,M23G5 IC設計
3259,鑫創,M2324 半導體,M23G5 IC設計
3260,威剛,M2324 半導體,M23G3B 記憶體模組
3264,欣銓,M2324 半導體,M23G2 IC封測
3265,台星科,M2324 半導體,M23G2 IC封測
3268,海德威,M2324 半導體,M23G5 IC設計
3288,點晶,M2328 電子零組件,M23G5 IC設計
3317,尼克森,M2324 半導體,M23G5 IC設計
3372,典範,M2324 半導體,M23G2 IC封測
3374,精材,M2324 半導體,M23G2 IC封測
3438,類比科,M2324 半導體,M23G5 IC設計
3443,創意,M2324 半導體,M23G5 IC設計
3527,聚積,M2324 半導體,M23G5 IC設計
3529,力旺,M2324 半導體,M23G5 IC設計
3530,晶相光,M2324 半導體,M23G5 IC設計
3532,台勝科,M2324 半導體,M23G3C 晶圓材料
3545,敦泰,M2324 半導體,M23G5 IC設計
3556,禾瑞亞,M2324 半導體,M23G5 IC設計
3567,逸昌,M2324 半導體,M23G2 IC封測
3588,通嘉,M2324 半導體,M23G5 IC設計
3592,瑞鼎,M2324 半導體,M23G5 IC設計
3661,世芯-KY,M2324 半導體,M23G5 IC設計
3707,漢磊,M2324 半導體,M23G1A 晶圓代工
3711,日月光投控,M2324 半導體,M23G2 IC封測
4919,新唐,M2324 半導體,M23G5 IC設計
4923,力士,M2324 半導體,M23G5 IC設計
4945,陞達科技,M2324 半導體,M23G5 IC設計
4951,精拓科,M2324 半導體,M23G5 IC設計
4952,凌通,M2324 半導體,M23G5 IC設計
4961,天鈺,M2324 半導體,M23G5 IC設計
4966,譜瑞-KY,M2324 半導體,M23G5 IC設計
4967,十銓,M2324 半導體,M23G3B 記憶體模組
4968,立積,M2324 半導體,M23G5 IC設計
4971,IET-KY,M2324 半導體,M23G3A 化合物SEMI
4973,廣穎,M2324 半導體,M23G3B 記憶體模組
4991,環宇-KY,M2324 半導體,M23G3A 化合物SEMI
5236,凌陽創新,M2324 半導體,M23G5 IC設計
5269,祥碩,M2324 半導體,M23G5 IC設計
5272,笙科,M2324 半導體,M23G5 IC設計
5274,信驊,M2324 半導體,M23G5 IC設計
5285,界霖,M2324 半導體,M23G4 IC導線架
5289,宜鼎,M2325 電腦及週邊,M23G3B 記憶體模組
5299,杰力,M2324 半導體,M23G5 IC設計
5302,太欣,M2324 半導體,M23G5 IC設計
5314,世紀,M2324 半導體,M23G5 IC設計
5344,立衛,M2324 半導體,M23G2 IC封測
5347,世界,M2324 半導體,M23G1A 晶圓代工
5351,鈺創,M2324 半導體,M23G5 IC設計
5468,凱鈺,M2324 半導體,M23G5 IC設計
5471,松翰,M2324 半導體,M23G5 IC設計
5483,中美晶,M2324 半導體,M23G3C 晶圓材料
5487,通泰,M2324 半導體,M23G5 IC設計
6104,創惟,M2324 半導體,M23G5 IC設計
6129,普誠,M2324 半導體,M23G5 IC設計
6138,茂達,M2324 半導體,M23G5 IC設計
6147,頎邦,M2324 半導體,M23G2 IC封測
6182,合晶,M2324 半導體,M23G3C 晶圓材料
6198,瑞築,M2324 半導體,M23G5 IC設計
6202,盛群,M2324 半導體,M23G5 IC設計
6229,研通,M2324 半導體,M23G5 IC設計
6233,旺玖,M2324 半導體,M23G5 IC設計
6237,驊訊,M2324 半導體,M23G5 IC設計
6239,力成,M2324 半導體,M23G2 IC封測
6243,迅杰,M2324 半導體,M23G5 IC設計
6257,矽格,M2324 半導體,M23G2 IC封測
6261,久元,M2324 半導體,M23G2 IC封測
6287,元隆,M2324 半導體,M23G1A 晶圓代工
6291,沛亨,M2324 半導體,M23G5 IC設計
6411,晶焱,M2324 半導體,M23G5 IC設計
6415,矽力*-KY,M2324 半導體,M23G5 IC設計
6435,大中,M2324 半導體,M23G5 IC設計
6451,訊芯-KY,M2324 半導體,M23G2 IC封測
6457,紘康,M2324 半導體,M23G5 IC設計
6462,神盾,M2324 半導體,M23G5 IC設計
6485,點序,M2324 半導體,M23G5 IC設計
6488,環球晶,M2324 半導體,M23G3C 晶圓材料
6494,九齊,M2324 半導體,M23G5 IC設計
6525,捷敏-KY,M2324 半導體,M23G2 IC封測
6526,達發,M2324 半導體,M23G5 IC設計
6531,愛普*,M2324 半導體,M23G5 IC設計
6533,晶心科,M2324 半導體,M23G5 IC設計
6548,長科*,M2324 半導體,M23G4 IC導線架
6568,宏觀,M2324 半導體,M23G5 IC設計
6594,展匯科,M2324 半導體,M23G5 IC設計
6643,M31,M2324 半導體,M23G5 IC設計
6651,全宇昕,M2324 半導體,M23G5 IC設計
6679,鈺太,M2324 半導體,M23G5 IC設計
6684,安格,M2324 半導體,M23G5 IC設計
6693,廣閎科,M2324 半導體,M23G5 IC設計
6695,芯鼎,M2324 半導體,M23G5 IC設計
6708,天擎,M2324 半導體,M23G5 IC設計
6716,應廣,M2324 半導體,M23G5 IC設計
6719,力智,M2324 半導體,M23G5 IC設計
6732,昇佳電子,M2324 半導體,M23G5 IC設計
6756,威鋒電子,M2324 半導體,M23G5 IC設計
6770,力積電,M2324 半導體,M23G1A 晶圓代工
6789,采鈺,M2324 半導體,M23G6 IC光罩
6799,來頡,M2324 半導體,M23G5 IC設計
8016,矽創,M2324 半導體,M23G5 IC設計
8024,佑華,M2324 半導體,M23G5 IC設計
8028,昇陽半導體,M2324 半導體,M23G3C 晶圓材料
8040,九暘,M2324 半導體,M23G5 IC設計
8054,安國,M2324 半導體,M23G5 IC設計
8081,致新,M2324 半導體,M23G5 IC設計
8084,巨虹,M2329 電子通路業,M23G5 IC設計
8086,宏捷科,M2324 半導體,M23G3A 化合物SEMI
8088,品安,M2324 半導體,M23G3B 記憶體模組
8110,華東,M2324 半導體,M23G2 IC封測
8131,福懋科,M2324 半導體,M23G2 IC封測
8150,南茂,M2324 半導體,M23G2 IC封測
8227,巨有科技,M2324 半導體,M23G5 IC設計
8261,富鼎,M2324 半導體,M23G5 IC設計
8271,宇瞻,M2324 半導體,M23G3B 記憶體模組
8277,商丞,M2324 半導體,M23G3B 記憶體模組
8299,群聯,M2324 半導體,M23G5 IC設計
3167,大量,M1500 電機機械,M23H2 電機設備
3178,公準,M1500 電機機械,M23H2 電機設備
6425,易發,M1500 電機機械,M23H2 電機設備
6829,千附精密,M1500 電機機械,M23H2 電機設備
8027,鈦昇,M1500 電機機械,M23H2 電機設備
1595,川寶,M2328 電子零組件,M23H2 電機設備
2360,致茂,M2331 其他電子業,M23H2 電機設備
2404,漢唐,M2331 其他電子業,M23H1 廠辦機電
2423,固緯,M2331 其他電子業,M23H2 電機設備
2464,盟立,M2331 其他電子業,M23H1 廠辦機電
2467,志聖,M2328 電子零組件,M23H2 電機設備
2493,揚博,M2328 電子零組件,M23H2 電機設備
3030,德律,M2331 其他電子業,M23H2 電機設備
3055,蔚華科,M2329 電子通路業,M23H3 設備通路
3093,港建*,M2331 其他電子業,M23H3 設備通路
3131,弘塑,M2331 其他電子業,M23H2 電機設備
3219,倚強科,M2331 其他電子業,M23H2 電機設備
3402,漢科,M2331 其他電子業,M23H1 廠辦機電
3413,京鼎,M2324 半導體,M23H2 電機設備
3455,由田,M2326 光電業,M23H2 電機設備
3490,單井,M2326 光電業,M23H2 電機設備
3498,陽程,M2331 其他電子業,M23H2 電機設備
3518,柏騰,M2331 其他電子業,M23H2 電機設備
3535,晶彩科,M2326 光電業,M23H2 電機設備
3551,世禾,M2331 其他電子業,M23H2 電機設備
3563,牧德,M2326 光電業,M23H2 電機設備
3580,友威科,M2331 其他電子業,M23H2 電機設備
3581,博磊,M2324 半導體,M23H2 電機設備
3583,辛耘,M2324 半導體,M23H2 電機設備
3680,家登,M2324 半導體,M23H2 電機設備
4542,科嶠,M2328 電子零組件,M23H2 電機設備
5443,均豪,M2326 光電業,M23H2 電機設備
5493,三聯,M2331 其他電子業,M23H2 電機設備
5536,聖暉*,M2331 其他電子業,M23H1 廠辦機電
6125,廣運,M2326 光電業,M23H2 電機設備
6139,亞翔,M2331 其他電子業,M23H1 廠辦機電
6187,萬潤,M2331 其他電子業,M23H2 電機設備
6196,帆宣,M2331 其他電子業,M23H1 廠辦機電
6208,日揚,M2328 電子零組件,M23H2 電機設備
6215,和椿,M2331 其他電子業,M23H2 電機設備
6234,高僑,M2326 光電業,M23H2 電機設備
6438,迅得,M2331 其他電子業,M23H2 電機設備
6532,瑞耘,M2324 半導體,M23H2 電機設備
6613,朋億*,M2331 其他電子業,M23H1 廠辦機電
6640,均華,M2324 半導體,M23H2 電機設備
6654,天正國際,M2331 其他電子業,M23H2 電機設備
6664,群翊,M2328 電子零組件,M23H2 電機設備
6667,信紘科,M2331 其他電子業,M23H1 廠辦機電
6691,洋基工程,M2331 其他電子業,M23H1 廠辦機電
6706,惠特,M2326 光電業,M23H2 電機設備
6727,亞泰金屬,M2328 電子零組件,M23H2 電機設備
6735,美達科技,M2331 其他電子業,M23H2 電機設備
6788,華景電,M2324 半導體,M23H2 電機設備
6823,濾能,M2324 半導體,M23H2 電機設備
6877,鏵友益,M2331 其他電子業,M23H2 電機設備
7556,意德士,M2324 半導體,M23H2 電機設備
8064,東捷,M2326 光電業,M23H2 電機設備
8091,翔名,M2328 電子零組件,M23H2 電機設備
8092,建暐,M2331 其他電子業,M23H2 電機設備
8383,千附,M2331 其他電子業,M23H1 廠辦機電
4530,宏易,M1500 電機機械,M23KX 其他網通
2314,台揚,M2327 通信網路業,M23K2 衛星微波
2321,東訊,M2327 通信網路業,M23KX 其他網通
2412,中華電,M2327 通信網路業,M23K3 電信及IDC
2424,隴華,M2325 電腦及週邊,M23KX 其他網通
2485,兆赫,M2327 通信網路業,M23K2 衛星微波
2498,宏達電,M2327 通信網路業,M23KX 其他網通
3027,盛達,M2327 通信網路業,M23KX 其他網通
3045,台灣大,M2327 通信網路業,M23K3 電信及IDC
3130,一零四,M2330 資訊服務業,M23K4 電商及XaaS
3138,耀登,M2327 通信網路業,M23K2 衛星微波
3163,波若威,M2327 通信網路業,M23K6 光元件模組
3234,光環,M2327 通信網路業,M23K6 光元件模組
3306,鼎天,M2327 通信網路業,M23K5 導航定位
3363,上詮,M2327 通信網路業,M23K6 光元件模組
3419,譁裕,M2327 通信網路業,M23K2 衛星微波
3450,聯鈞,M2324 半導體,M23K6 光元件模組
3466,致振,M2327 通信網路業,M23K2 衛星微波
3491,昇達科,M2327 通信網路業,M23K2 衛星微波
3499,環天科,M2327 通信網路業,M23K5 導航定位
3632,研勤,M2327 通信網路業,M23K5 導航定位
3672,康聯訊,M2327 通信網路業,M23K6 光元件模組
3682,亞太電,M2327 通信網路業,M23K3 電信及IDC
3684,榮昌,M2327 通信網路業,M23K2 衛星微波
3694,海華,M2327 通信網路業,M23K2 衛星微波
4903,聯光通,M2327 通信網路業,M23K6 光元件模組
4904,遠傳,M2327 通信網路業,M23K3 電信及IDC
4905,台聯電,M2327 通信網路業,M23KX 其他網通
4908,前鼎,M2327 通信網路業,M23K6 光元件模組
4977,眾達-KY,M2327 通信網路業,M23K6 光元件模組
4979,華星光,M2327 通信網路業,M23K6 光元件模組
5222,全訊,M2324 半導體,M23K2 衛星微波
5348,系通,M2327 通信網路業,M23K5 導航定位
6152,百一,M2327 通信網路業,M23K2 衛星微波
6163,華電網,M2327 通信網路業,M23K1 網通工程
6183,關貿,M2330 資訊服務業,M23K4 電商及XaaS
6285,啟碁,M2327 通信網路業,M23K2 衛星微波
6404,通訊-KY,M2330 資訊服務業,M23K4 電商及XaaS
6417,韋僑,M2327 通信網路業,M23K2 衛星微波
6426,統新,M2327 通信網路業,M23K6 光元件模組
6442,光聖,M2327 通信網路業,M23K6 光元件模組
6465,威潤,M2327 通信網路業,M23K5 導航定位
6486,互動,M2327 通信網路業,M23K1 網通工程
6514,芮特-KY,M2327 通信網路業,M23K2 衛星微波
6516,勤崴國際,M2330 資訊服務業,M23K5 導航定位
6530,創威,M2327 通信網路業,M23K6 光元件模組
6546,正基,M2327 通信網路業,M23K2 衛星微波
6561,是方,M2327 通信網路業,M23K3 電信及IDC
6588,東典光電,M2327 通信網路業,M23K6 光元件模組
6689,伊雲谷,M2331 其他電子業,M23K4 電商及XaaS
6811,宏碁資訊,M2330 資訊服務業,M23K4 電商及XaaS
8011,台通,M2327 通信網路業,M23K6 光元件模組
8034,榮群,M2327 通信網路業,M23K1 網通工程
8101,華冠,M2327 通信網路業,M23KX 其他網通
8284,三竹,M2330 資訊服務業,M23K4 電商及XaaS
8454,富邦媒,M2900 貿易百貨,M23K4 電商及XaaS
3085,新零售,M3400 電子商務,M23K4 電商及XaaS
5278,尚凡,M3400 電子商務,M23K4 電商及XaaS
5287,數字,M3400 電子商務,M23K4 電商及XaaS
5321,美而快,M3400 電子商務,M23K4 電商及XaaS
6741,91APP*-KY,M3400 電子商務,M23K4 電商及XaaS
8044,網家,M3400 電子商務,M23K4 電商及XaaS
8472,夠麻吉,M3400 電子商務,M23K4 電商及XaaS
8477,創業家,M3400 電子商務,M23K4 電商及XaaS
6165,浪凡,M9900 其他,M23K4 電商及XaaS
2347,聯強,M2329 電子通路業,M23T1 3C通路
2359,所羅門,M2331 其他電子業,M23T2 零組件代理
2373,震旦行,M2331 其他電子業,M23T1 3C通路
2414,精技,M2329 電子通路業,M23T1 3C通路
2430,燦坤,M2329 電子通路業,M23T1 3C通路
2433,互盛電,M2331 其他電子業,M23T1 3C通路
2450,神腦,M2327 通信網路業,M23T1 3C通路
2459,敦吉,M2331 其他電子業,M23T2 零組件代理
3010,華立,M2329 電子通路業,M23T2 零組件代理
3028,增你強,M2329 電子通路業,M23T2 零組件代理
3033,威健,M2329 電子通路業,M23T2 零組件代理
3036,文曄,M2329 電子通路業,M23T2 零組件代理
3048,益登,M2329 電子通路業,M23T2 零組件代理
3090,日電貿,M2328 電子零組件,M23T2 零組件代理
3114,好德,M2328 電子零組件,M23T2 零組件代理
3209,全科,M2329 電子通路業,M23T2 零組件代理
3224,三顧,M2329 電子通路業,M23T2 零組件代理
3232,昱捷,M2329 電子通路業,M23T2 零組件代理
3312,弘憶股,M2329 電子通路業,M23T2 零組件代理
3360,尚立,M2329 電子通路業,M23T2 零組件代理
3388,崇越電,M2328 電子零組件,M23T2 零組件代理
3444,利機,M2329 電子通路業,M23T2 零組件代理
3494,誠研,M2325 電腦及週邊,M23T1 3C通路
3528,安馳,M2329 電子通路業,M23T2 零組件代理
3537,堡達,M2328 電子零組件,M23T2 零組件代理
3702,大聯大,M2329 電子通路業,M23T2 零組件代理
3709,鑫聯大投控,M2325 電腦及週邊,M23T1 3C通路
5410,國眾,M2330 資訊服務業,M23T1 3C通路
5434,崇越,M2329 電子通路業,M23T2 零組件代理
5452,佶優,M2331 其他電子業,M23TZ 通路
6103,合邦,M2324 半導體,M23TZ 通路
6113,亞矽,M2329 電子通路業,M23T2 零組件代理
6118,建達,M2329 電子通路業,M23T1 3C通路
6123,上奇,M2325 電腦及週邊,M23T1 3C通路
6136,富爾特,M2327 通信網路業,M23TZ 通路
6154,順發,M2329 電子通路業,M23T1 3C通路
6170,統振,M2327 通信網路業,M23TZ 通路
6189,豐藝,M2329 電子通路業,M23T2 零組件代理
6192,巨路,M2331 其他電子業,M23T2 零組件代理
6227,茂綸,M2329 電子通路業,M23T2 零組件代理
6259,百徽,M2328 電子零組件,M23T2 零組件代理
6265,方土昶,M2329 電子通路業,M23T2 零組件代理
6270,倍微,M2329 電子通路業,M23T2 零組件代理
6281,全國電,M2329 電子通路業,M23T1 3C通路
6761,穩得,M2328 電子零組件,M23TZ 通路
6776,展碁國際,M2329 電子通路業,M23T1 3C通路
8032,光菱,M2329 電子通路業,M23T2 零組件代理
8043,蜜望實,M2328 電子零組件,M23T2 零組件代理
8067,志旭,M2329 電子通路業,M23T1 3C通路
8068,全達,M2329 電子通路業,M23T2 零組件代理
8070,長華*,M2329 電子通路業,M23T2 零組件代理
8096,擎亞,M2329 電子通路業,M23T2 零組件代理
8112,至上,M2329 電子通路業,M23T2 零組件代理
2937,集雅社,M2900 貿易百貨,M23T1 3C通路
2374,佳能,M2326 光電業,M23UZ 消費性電子
2415,錩新,M2328 電子零組件,M23U2 音響設備
2439,美律,M2327 通信網路業,M23U2 音響設備
2477,美隆電,M2331 其他電子業,M23U2 音響設備
2488,漢平,M2331 其他電子業,M23U2 音響設備
3008,大立光,M2326 光電業,M23U1 光學鏡頭
3019,亞光,M2326 光電業,M23U1 光學鏡頭
3059,華晶科,M2326 光電業,M23UZ 消費性電子
3067,全域,M2331 其他電子業,M23U2 音響設備
3206,志豐,M2328 電子零組件,M23U2 音響設備
3285,微端,M2331 其他電子業,M23U2 音響設備
3362,先進光,M2326 光電業,M23U1 光學鏡頭
3406,玉晶光,M2326 光電業,M23U1 光學鏡頭
3441,聯一光,M2326 光電業,M23U1 光學鏡頭
3465,進泰電子,M2328 電子零組件,M23U2 音響設備
3630,新鉅科,M2326 光電業,M23U1 光學鏡頭
4976,佳凌,M2326 光電業,M23U1 光學鏡頭
5225,東科-KY,M2331 其他電子業,M23U2 音響設備
6201,亞弘電,M2331 其他電子業,M23U2 音響設備
6209,今國光,M2326 光電業,M23U1 光學鏡頭
6225,天瀚,M2326 光電業,M23UZ 消費性電子
6517,保勝光學,M2326 光電業,M23U1 光學鏡頭
6668,中揚光,M2326 光電業,M23U1 光學鏡頭
6743,安普新,M2331 其他電子業,M23U2 音響設備
6859,伯特光,M2326 光電業,M23U1 光學鏡頭
7402,邑錡,M2326 光電業,M23UZ 消費性電子
2427,三商電,M2330 資訊服務業,M23X1 系統整合
2453,凌群,M2330 資訊服務業,M23X1 系統整合
2468,華經,M2330 資訊服務業,M23X1 系統整合
2471,資通,M2330 資訊服務業,M23X1 系統整合
2480,敦陽科,M2330 資訊服務業,M23X1 系統整合
3029,零壹,M2330 資訊服務業,M23X9 應用軟體
3147,大綜,M2330 資訊服務業,M23X1 系統整合
3570,大塚,M2330 資訊服務業,M23X9 應用軟體
4953,緯軟,M2330 資訊服務業,M23X1 系統整合
4994,傳奇,M2330 資訊服務業,M23X2 遊戲軟體
5201,凱衛,M2330 資訊服務業,M23X1 系統整合
5202,力新,M2330 資訊服務業,M23X9 應用軟體
5203,訊連,M2330 資訊服務業,M23X9 應用軟體
5210,寶碩,M2330 資訊服務業,M23X1 系統整合
5211,蒙恬,M2330 資訊服務業,M23X9 應用軟體
5212,凌網,M2330 資訊服務業,M23X1 系統整合
5310,天剛,M2330 資訊服務業,M23X1 系統整合
5403,中菲,M2330 資訊服務業,M23X1 系統整合
6112,邁達特,M2330 資訊服務業,M23X1 系統整合
6140,訊達,M2330 資訊服務業,M23X1 系統整合
6148,驊宏資,M2330 資訊服務業,M23X1 系統整合
6214,精誠,M2330 資訊服務業,M23X1 系統整合
6218,豪勉,M2327 通信網路業,M23X1 系統整合
6221,晉泰,M2330 資訊服務業,M23X1 系統整合
6231,系微,M2330 資訊服務業,M23X9 應用軟體
6590,普鴻,M2330 資訊服務業,M23X1 系統整合
6690,安碁資訊,M2330 資訊服務業,M23X1 系統整合
6697,東捷資訊,M2330 資訊服務業,M23X1 系統整合
6751,智聯服務,M2330 資訊服務業,M23X1 系統整合
6752,叡揚,M2330 資訊服務業,M23X9 應用軟體
6791,虎門科技,M2330 資訊服務業,M23X9 應用軟體
6865,偉康,M2330 資訊服務業,M23X1 系統整合
6874,倍力,M2330 資訊服務業,M23X9 應用軟體
8099,大世科,M2330 資訊服務業,M23X1 系統整合
8416,實威,M2330 資訊服務業,M23X9 應用軟體
3083,網龍,M3200 文化創意業,M23X2 遊戲軟體
3086,華義,M3200 文化創意業,M23X2 遊戲軟體
3293,鈊象,M3200 文化創意業,M23X2 遊戲軟體
3546,宇峻,M3200 文化創意業,M23X2 遊戲軟體
3629,地心引力,M3200 文化創意業,M23X2 遊戲軟體
4946,辣椒,M3200 文化創意業,M23X2 遊戲軟體
5478,智冠,M3200 文化創意業,M23X2 遊戲軟體
6111,大宇資,M3200 文化創意業,M23X2 遊戲軟體
6144,得利影,M3200 文化創意業,M23X9 應用軟體
6169,昱泉,M3200 文化創意業,M23X2 遊戲軟體
6180,橘子,M3200 文化創意業,M23X2 遊戲軟體
6482,弘煜科,M3200 文化創意業,M23X2 遊戲軟體
6542,隆中,M3200 文化創意業,M23X2 遊戲軟體
3687,歐買尬,M3400 電子商務,M23X2 遊戲軟體
6763,綠界科技,M3400 電子商務,M23X9 應用軟體
5209,新鼎,M9900 其他,M23X1 系統整合
3289,宜特,M2331 其他電子業,M23Z 其他電子
3587,閎康,M2331 其他電子業,M23Z 其他電子
6146,耕興,M2331 其他電子業,M23Z 其他電子
6593,台灣銘板,M2330 資訊服務業,M23Z 其他電子
6830,汎銓,M2331 其他電子業,M23Z 其他電子
6840,東研信超,M2331 其他電子業,M23Z 其他電子
8201,無敵,M2331 其他電子業,M23Z 其他電子
8499,鼎炫-KY,M2331 其他電子業,M23Z 其他電子
5263,智崴,M3200 文化創意業,M23Z 其他電子
5345,天揚,M9900 其他,M23Z 其他電子
2442,新美齊,M2325 電腦及週邊,M25A 建設
1316,上曜,M2500 建材營造,M25A 建設
1436,華友聯,M2500 建材營造,M25A 建設
1438,三地開發,M2500 建材營造,M25A 建設
1442,名軒,M2500 建材營造,M25A 建設
1453,大將,M2500 建材營造,M25A 建設
1456,怡華,M2500 建材營造,M25A 建設
1805,寶徠,M2500 建材營造,M25A 建設
1808,潤隆,M2500 建材營造,M25A 建設
2501,國建,M2500 建材營造,M25A 建設
2505,國揚,M2500 建材營造,M25A 建設
2506,太設,M2500 建材營造,M25A 建設
2509,全坤建,M2500 建材營造,M25A 建設
2511,太子,M2500 建材營造,M25A 建設
2520,冠德,M2500 建材營造,M25A 建設
2524,京城,M2500 建材營造,M25A 建設
2527,宏璟,M2500 建材營造,M25A 建設
2528,皇普,M2500 建材營造,M25A 建設
2530,華建,M2500 建材營造,M25A 建設
2534,宏盛,M2500 建材營造,M25A 建設
2536,宏普,M2500 建材營造,M25A 建設
2537,聯上發,M2500 建材營造,M25A 建設
2538,基泰,M2500 建材營造,M25A 建設
2539,櫻花建,M2500 建材營造,M25A 建設
2540,愛山林,M2500 建材營造,M25A 建設
2542,興富發,M2500 建材營造,M25A 建設
2545,皇翔,M2500 建材營造,M25A 建設
2547,日勝生,M2500 建材營造,M25A 建設
2548,華固,M2500 建材營造,M25A 建設
2596,綠意,M2500 建材營造,M25A 建設
2923,鼎固-KY,M2500 建材營造,M25A 建設
3052,夆典,M2500 建材營造,M25A 建設
3056,總太,M2500 建材營造,M25A 建設
3188,鑫龍騰,M2500 建材營造,M25A 建設
3266,昇陽,M2500 建材營造,M25A 建設
3489,森寶,M2500 建材營造,M25A 建設
3512,皇龍,M2500 建材營造,M25A 建設
4113,聯上,M2500 建材營造,M25A 建設
4416,三圓,M2500 建材營造,M25A 建設
4907,富宇,M2500 建材營造,M25A 建設
5206,坤悅,M2500 建材營造,M25A 建設
5213,亞昕,M2500 建材營造,M25A 建設
5324,士開,M2500 建材營造,M25A 建設
5455,昇益,M2500 建材營造,M25A 建設
5508,永信建,M2500 建材營造,M25A 建設
5512,力麒,M2500 建材營造,M25A 建設
5514,三豐,M2500 建材營造,M25A 建設
5519,隆大,M2500 建材營造,M25A 建設
5522,遠雄,M2500 建材營造,M25A 建設
5523,豐謙,M2500 建材營造,M25A 建設
5525,順天,M2500 建材營造,M25A 建設
5529,鉅陞,M2500 建材營造,M25A 建設
5531,鄉林,M2500 建材營造,M25A 建設
5533,皇鼎,M2500 建材營造,M25A 建設
5534,長虹,M2500 建材營造,M25A 建設
6171,大城地產,M2500 建材營造,M25A 建設
6177,達麗,M2500 建材營造,M25A 建設
6186,新潤,M2500 建材營造,M25A 建設
6212,理銘,M2500 建材營造,M25A 建設
6219,富旺,M2500 建材營造,M25A 建設
6264,富裔,M2500 建材營造,M25A 建設
9906,欣巴巴,M2500 建材營造,M25A 建設
9946,三發地產,M2500 建材營造,M25A 建設
2718,晶悅,M2700 觀光事業,M25A 建設
2348,海悅,M9900 其他,M25A 建設
2514,龍邦,M9900 其他,M25A 建設
9945,潤泰新,M9900 其他,M25A 建設
1472,三洋實業,M1400 紡織纖維,M25B 營造
6122,擎邦,M1500 電機機械,M25B 營造
2515,中工,M2500 建材營造,M25B 營造
2516,新建,M2500 建材營造,M25B 營造
2535,達欣工,M2500 建材營造,M25B 營造
2543,皇昌,M2500 建材營造,M25B 營造
2546,根基,M2500 建材營造,M25B 營造
2597,潤弘,M2500 建材營造,M25B 營造
3703,欣陸,M2500 建材營造,M25B 營造
5511,德昌,M2500 建材營造,M25B 營造
5515,建國,M2500 建材營造,M25B 營造
5516,雙喜,M2500 建材營造,M25B 營造
5521,工信,M2500 建材營造,M25B 營造
8080,永利聯合,M2500 建材營造,M25C 工程承攬
6179,亞通,M9900 其他,M25C 工程承攬
6754,匯僑設計,M9900 其他,M25C 工程承攬
9933,中鼎,M9900 其他,M25C 工程承攬
9940,信義,M9900 其他,M25D 仲介建經
5530,龍巖,M9900 其他,M25E 靈骨塔業
6199,天品,M9900 其他,M25E 靈骨塔業
1437,勤益控,M9900 其他,M25F 物業管理
3040,遠見,M9900 其他,M25F 物業管理
5604,中連,M9900 其他,M25F 物業管理
2603,長榮,M2600 航運業,M26A2 貨櫃輪
2605,新興,M2600 航運業,M26A1 散裝輪
2606,裕民,M2600 航運業,M26A1 散裝輪
2609,陽明,M2600 航運業,M26A2 貨櫃輪
2612,中航,M2600 航運業,M26A1 散裝輪
2615,萬海,M2600 航運業,M26A2 貨櫃輪
2617,台航,M2600 航運業,M26A1 散裝輪
2637,慧洋-KY,M2600 航運業,M26A1 散裝輪
2641,正德,M2600 航運業,M26A1 散裝輪
5608,四維航,M2600 航運業,M26A1 散裝輪
2601,益航,M2900 貿易百貨,M26A1 散裝輪
2633,台灣高鐵,M2600 航運業,M26B2 鐵路運輸
2640,大車隊,M9900 其他,M26B1 汽車陸運
2607,榮運,M2600 航運業,M26C 貨運倉儲業
2608,嘉里大榮,M2600 航運業,M26C 貨運倉儲業
2611,志信,M2600 航運業,M26C 貨運倉儲業
2613,中櫃,M2600 航運業,M26C 貨運倉儲業
2636,台驊投控,M2600 航運業,M26C 貨運倉儲業
2642,宅配通,M2600 航運業,M26C 貨運倉儲業
2643,捷迅,M2600 航運業,M26C 貨運倉儲業
5601,台聯櫃,M2600 航運業,M26C 貨運倉儲業
5603,陸海,M2600 航運業,M26C 貨運倉儲業
5607,遠雄港,M2600 航運業,M26C 貨運倉儲業
5609,中菲行,M2600 航運業,M26C 貨運倉儲業
8367,建新國際,M2600 航運業,M26C 貨運倉儲業
1443,立益物流,M9900 其他,M26C 貨運倉儲業
2904,匯僑,M9900 其他,M26C 貨運倉儲業
2610,華航,M2600 航運業,M26D 空運業
2618,長榮航,M2600 航運業,M26D 空運業
6757,台灣虎航,M2600 航運業,M26D 空運業
2614,東森,M9900 其他,M26E 其他運儲業
4419,元勝,M1400 紡織纖維,M27A2 餐飲業
1259,安心,M2700 觀光事業,M27A2 餐飲業
1268,漢來美食,M2700 觀光事業,M27A2 餐飲業
2701,萬企,M2700 觀光事業,M27A1 飯店業
2702,華園,M2700 觀光事業,M27A1 飯店業
2704,國賓,M2700 觀光事業,M27A1 飯店業
2705,六福,M2700 觀光事業,M27A1 飯店業
2706,第一店,M2700 觀光事業,M27A1 飯店業
2707,晶華,M2700 觀光事業,M27A1 飯店業
2712,遠雄來,M2700 觀光事業,M27A1 飯店業
2722,夏都,M2700 觀光事業,M27A1 飯店業
2723,美食-KY,M2700 觀光事業,M27A2 餐飲業
2724,富驛-KY,M2700 觀光事業,M27A1 飯店業
2726,雅茗-KY,M2700 觀光事業,M27A2 餐飲業
2727,王品,M2700 觀光事業,M27A2 餐飲業
2729,瓦城,M2700 觀光事業,M27A2 餐飲業
2732,六角,M2700 觀光事業,M27A2 餐飲業
2736,富野,M2700 觀光事業,M27A1 飯店業
2739,寒舍,M2700 觀光事業,M27A1 飯店業
2740,天蔥,M2700 觀光事業,M27A2 餐飲業
2748,雲品,M2700 觀光事業,M27A1 飯店業
2752,豆府,M2700 觀光事業,M27A2 餐飲業
2753,八方雲集,M2700 觀光事業,M27A2 餐飲業
2754,亞洲藏壽司,M2700 觀光事業,M27A2 餐飲業
2755,揚秦,M2700 觀光事業,M27A2 餐飲業
2756,聯發國際,M2700 觀光事業,M27A2 餐飲業
3252,海灣,M2700 觀光事業,M27A1 飯店業
3522,御頂,M2700 觀光事業,M27A2 餐飲業
4804,大略-KY,M2700 觀光事業,M27A2 餐飲業
5364,力麗店,M2700 觀光事業,M27A1 飯店業
5701,劍湖山,M2700 觀光事業,M27A1 飯店業
5703,亞都,M2700 觀光事業,M27A1 飯店業
5704,老爺知,M2700 觀光事業,M27A1 飯店業
8077,洛碁,M2700 觀光事業,M27A1 飯店業
8940,新天地,M2700 觀光事業,M27A2 餐飲業
9943,好樂迪,M2700 觀光事業,M27B 觀光遊樂區
5905,南仁湖,M2900 貿易百貨,M27B 觀光遊樂區
2719,燦星旅,M2700 觀光事業,M27C 旅行社
2731,雄獅,M2700 觀光事業,M27C 旅行社
2734,易飛網,M2700 觀光事業,M27C 旅行社
2743,山富,M2700 觀光事業,M27C 旅行社
2745,五福,M2700 觀光事業,M27C 旅行社
5706,鳳凰,M2700 觀光事業,M27C 旅行社
2801,彰銀,M2800 金融業,M28A 本國銀行
2809,京城銀,M2800 金融業,M28A 本國銀行
2812,台中銀,M2800 金融業,M28A 本國銀行
2834,臺企銀,M2800 金融業,M28A 本國銀行
2836,高雄銀,M2800 金融業,M28A 本國銀行
2838,聯邦銀,M2800 金融業,M28A 本國銀行
2845,遠東銀,M2800 金融業,M28A 本國銀行
2849,安泰銀,M2800 金融業,M28A 本國銀行
2897,王道銀行,M2800 金融業,M28A 本國銀行
5863,瑞興銀,M2800 金融業,M28A 本國銀行
5876,上海商銀,M2800 金融業,M28A 本國銀行
2820,華票,M2800 金融業,M28F 票券公司
2867,三商壽,M2800 金融業,M28I 壽險業
5859,遠壽,M2800 金融業,M28I 壽險業
2816,旺旺保,M2800 金融業,M28J 產險業
2832,台產,M2800 金融業,M28J 產險業
2850,新產,M2800 金融業,M28J 產險業
2851,中再保,M2800 金融業,M28J 產險業
2852,第一保,M2800 金融業,M28J 產險業
5871,中租-KY,M9900 其他,M28K 租賃業
6592,和潤企業,M9900 其他,M28K 租賃業
9941,裕融,M9900 其他,M28K 租賃業
2880,華南金,M2800 金融業,M28L 金融控股
2881,富邦金,M2800 金融業,M28L 金融控股
2882,國泰金,M2800 金融業,M28L 金融控股
2883,開發金,M2800 金融業,M28L 金融控股
2884,玉山金,M2800 金融業,M28L 金融控股
2885,元大金,M2800 金融業,M28L 金融控股
2886,兆豐金,M2800 金融業,M28L 金融控股
2887,台新金,M2800 金融業,M28L 金融控股
2888,新光金,M2800 金融業,M28L 金融控股
2889,國票金,M2800 金融業,M28L 金融控股
2890,永豐金,M2800 金融業,M28L 金融控股
2891,中信金,M2800 金融業,M28L 金融控股
2892,第一金,M2800 金融業,M28L 金融控股
5880,合庫金,M2800 金融業,M28L 金融控股
5878,台名,M2800 金融業,M28N 保險經紀
1432,大魯閣,M2900 貿易百貨,M29A1 百貨購物中
2901,欣欣,M2900 貿易百貨,M29A1 百貨購物中
2903,遠百,M2900 貿易百貨,M29A1 百貨購物中
2905,三商,M2900 貿易百貨,M29A9 特殊連鎖
2910,統領,M2900 貿易百貨,M29A1 百貨購物中
2911,麗嬰房,M2900 貿易百貨,M29A9 特殊連鎖
2912,統一超,M2900 貿易百貨,M29A4 便利商店
2915,潤泰全,M2900 貿易百貨,M29A2 量販
2916,滿心,M2900 貿易百貨,M29A9 特殊連鎖
2924,宏太-KY,M2900 貿易百貨,M29A9 其他零售
2929,淘帝-KY,M2900 貿易百貨,M29A1 百貨購物中
2945,三商家購,M2900 貿易百貨,M29A3 超市
2947,振宇五金,M2900 貿易百貨,M29A7 批發
5903,全家,M2900 貿易百貨,M29A4 便利商店
5904,寶雅,M2900 貿易百貨,M29A9 特殊連鎖
5907,大洋-KY,M2900 貿易百貨,M29A1 百貨購物中
6195,詩肯,M2900 貿易百貨,M29A9 特殊連鎖
9960,邁達康,M2900 貿易百貨,M29A9 特殊連鎖
2926,誠品生活,M3200 文化創意業,M29A1 百貨購物中
1416,廣豐,M9900 其他,M29A1 百貨購物中
5301,寶得利,M2700 觀光事業,M29B 貿易業
2906,高林,M2900 貿易百貨,M29B 貿易業
2908,特力,M2900 貿易百貨,M29B 貿易業
2913,農林,M2900 貿易百貨,M29B 貿易業
2939,凱羿-KY,M2900 貿易百貨,M29B 貿易業
5902,德記,M2900 貿易百貨,M29B 貿易業
8433,弘帆,M2900 貿易百貨,M29B 貿易業
2855,統一證,M2800 金融業,M30A 證券
6021,美好證,M2800 金融業,M30A 證券
5864,致和證,M2800 金融業,M30A 證券
6005,群益證,M2800 金融業,M30A 證券
6015,宏遠證,M2800 金融業,M30A 證券
6016,康和證,M2800 金融業,M30A 證券
6020,大展證,M2800 金融業,M30A 證券
6026,福邦證,M2800 金融業,M30C 期貨
6023,元大期,M2800 金融業,M30C 期貨
6024,群益期,M2800 金融業,M99B 五金及家具
8066,來思達,M2900 貿易百貨,M99B 五金及家具
8941,關中,M2900 貿易百貨,M99B 五金及家具
2062,橋椿,M9900 其他,M99B 五金及家具
3557,嘉威,M9900 其他,M99B 五金及家具
4950,牧東,M9900 其他,M99B 五金及家具
6616,特昇-KY,M9900 其他,M99B 五金及家具
6629,泰金-KY,M9900 其他,M99B 五金及家具
6807,峰源-KY,M9900 其他,M99B 五金及家具
8426,紅木-KY,M9900 其他,M99B 五金及家具
8444,綠河-KY,M9900 其他,M99B 五金及家具
8464,億豐,M9900 其他,M99B 五金及家具
8482,商億-KY,M9900 其他,M99B 五金及家具
9911,櫻花,M9900 其他,M99B 五金及家具
9924,福興,M9900 其他,M99B 五金及家具
9934,成霖,M9900 其他,M99B 五金及家具
9935,慶豐富,M9900 其他,M99B 五金及家具
3284,太普高,M9900 其他,M99C 印刷
8401,白紗科,M9900 其他,M99C 印刷
8481,政伸,M9900 其他,M99C 印刷
8906,花王,M9900 其他,M99C 印刷
8921,沈氏,M9900 其他,M99C 印刷
9929,秋雨,M9900 其他,M99C 印刷
2616,山隆,M9700 油電燃氣業,M99D1 加油站
8908,欣雄,M9700 油電燃氣業,M99D2 天然氣
8917,欣泰,M9700 油電燃氣業,M99D2 天然氣
8926,台汽電,M9700 油電燃氣業,M99D3 汽電共生
8927,北基,M9700 油電燃氣業,M99D1 加油站
8931,大汽電,M9700 油電燃氣業,M99D3 汽電共生
9908,大台北,M9700 油電燃氣業,M99D2 天然氣
9918,欣天然,M9700 油電燃氣業,M99D2 天然氣
9926,新海,M9700 油電燃氣業,M99D2 天然氣
9931,欣高,M9700 油電燃氣業,M99D2 天然氣
9937,全國,M9700 油電燃氣業,M99D1 加油站
6806,森崴能源,M9900 其他,M99D4 電廠
6869,雲豹能源,M9900 其他,M99D4 電廠
6596,寬宏藝術,M3200 文化創意業,M99E 廣告業
8923,時報,M3200 文化創意業,M99F 平媒電子報
6240,松崗,M9900 其他,M99F 平媒電子報
6184,大豐電,M9900 其他,M99G 有線電視
6464,台數科,M9900 其他,M99G 有線電視
4806,昇華,M3200 文化創意業,M99H 電視廣播
6101,寬魚國際,M3200 文化創意業,M99H 電視廣播
8450,霹靂,M3200 文化創意業,M99H 電視廣播
8487,愛爾達,M3200 文化創意業,M99H 電視廣播
6625,必應,M9900 其他,M99H 電視廣播
9928,中視,M9900 其他,M99H 電視廣播
9917,中保科,M9900 其他,M99I 保全業
9925,新保,M9900 其他,M99I 保全業
9950,萬國通,M1300 塑膠工業,M99K 鞋及旅行箱
8429,金麗-KY,M2900 貿易百貨,M99K 鞋及旅行箱
8443,阿瘦,M2900 貿易百貨,M99K 鞋及旅行箱
6768,志強-KY,M9900 其他,M99K 鞋及旅行箱
8442,威宏-KY,M9900 其他,M99K 鞋及旅行箱
9802,鈺齊-KY,M9900 其他,M99K 鞋及旅行箱
9904,寶成,M9900 其他,M99K 鞋及旅行箱
9910,豐泰,M9900 其他,M99K 鞋及旅行箱
1785,光洋科,M2331 其他電子業,M99L1 貴金屬回收
3663,鑫科,M2331 其他電子業,M99L1 貴金屬回收
5205,中茂,M2331 其他電子業,M99L2 廢棄物處理
6581,鋼聯,M9900 其他,M99L2 廢棄物處理
6624,萬年清,M9900 其他,M99L2 廢棄物處理
6803,崑鼎,M9900 其他,M99L2 廢棄物處理
8341,日友,M9900 其他,M99L2 廢棄物處理
8390,金益鼎,M9900 其他,M99L1 貴金屬回收
8422,可寧衛,M9900 其他,M99L2 廢棄物處理
8435,鉅邁,M9900 其他,M99L2 廢棄物處理
8438,昶昕,M9900 其他,M99L2 廢棄物處理
8440,綠電,M9900 其他,M99L1 貴金屬回收
8473,山林水,M9900 其他,M99L2 廢棄物處理
8476,台境,M9900 其他,M99L2 廢棄物處理
9955,佳龍,M9900 其他,M99L1 貴金屬回收
4712,南璋,M1200 食品工業,M99ZA3 漁業
8462,柏文,M2700 觀光事業,M99ZX 其他服務業
4807,日成-KY,M2900 貿易百貨,M99ZC 其他製造業
6294,智基,M3200 文化創意業,M99ZX 其他服務業
8446,華研,M3200 文化創意業,M99ZX 其他服務業
1516,川飛,M9900 其他,M99ZC 其他製造業
2443,昶虹,M9900 其他,M99ZC 其他製造業
2496,卓越,M9900 其他,M99ZX 其他服務業
4536,拓凱,M9900 其他,M99ZC 其他製造業
5481,新華,M9900 其他,M99ZX 其他服務業
6655,科定,M9900 其他,M99ZC 其他製造業
6670,復盛應用,M9900 其他,M99Z2 高爾夫用品
6671,三能-KY,M9900 其他,M99ZC 其他製造業
6721,信實,M9900 其他,M99ZX 其他服務業
6804,明係,M9900 其他,M99Z1 自行健行車
8033,雷虎,M9900 其他,M99ZC 其他製造業
8420,明揚,M9900 其他,M99Z2 高爾夫用品
8437,大地-KY,M9900 其他,M99ZX 其他服務業
8467,波力-KY,M9900 其他,M99ZC 其他製造業
8489,三貝德,M9900 其他,M99ZX 其他服務業
8924,大田,M9900 其他,M99Z2 高爾夫用品
8928,鉅明,M9900 其他,M99Z2 高爾夫用品
8933,愛地雅,M9900 其他,M99Z1 自行健行車
8938,明安,M9900 其他,M99Z2 高爾夫用品
9902,台火,M9900 其他,M99ZC 其他製造業
9914,美利達,M9900 其他,M99Z1 自行健行車
9921,巨大,M9900 其他,M99Z1 自行健行車