,歆凱分組,代號,名稱,交易所主產業代碼,交易所子產業代碼,TEJ主產業代碼,TEJ子產業代碼,new_industry_name,minor_industry_name
0,0.0,1101.0,台泥,M1100,M1100,11A,11A,M1100 水泥工業,M11A 水泥製造
1,0.0,1102.0,亞泥,M1100,M1100,11A,11A,M1100 水泥工業,M11A 水泥製造
2,1.0,1210.0,大成,M1200,M1200,12B,12B,M1200 食品工業,M12B 油脂飼料
3,1.0,1215.0,卜蜂,M1200,M1200,12B,12B,M1200 食品工業,M12B 油脂飼料
4,1.0,1227.0,佳格,M1200,M1200,12Z,12Z,M1200 食品工業,M12Z 其他食品
5,1.0,1702.0,南僑,M1200,M1200,12B,12B,M1200 食品工業,M12B 油脂飼料
6,2.0,1310.0,台苯,M1300,M1300,13A,13A1,M1300 塑膠工業,M13A1 泛用塑膠
7,2.0,1314.0,中石化,M1300,M1300,13A,13A5,M1300 塑膠工業,M13A5 化纖
8,2.0,1718.0,中纖,M1700,M1721,13A,13A5,,
9,2.0,2515.0,中工,M2500,M2500,25B,25B,M2500 建材營造,M25B 營造
10,2.0,4306.0,炎洲,M1300,M1300,13A,13A9,M1300 塑膠工業,M13A9 膠帶
11,3.0,1476.0,儒鴻,M1400,M1400,14C,14C1,M1400 紡織纖維,M14C1 成衣製造
12,3.0,1477.0,聚陽,M1400,M1400,14C,14C1,M1400 紡織纖維,M14C1 成衣製造
13,3.0,9910.0,豐泰,M9900,M9900,99K,99K,M9900 其他,M99K 鞋及旅行箱
14,4.0,1513.0,中興電,M1500,M1500,15B,15B1,M1500 電機機械,M15B1 電機
15,4.0,1514.0,亞力,M1500,M1500,15B,15B1,M1500 電機機械,M15B1 電機
16,4.0,1519.0,華城,M1500,M1500,15B,15B1,M1500 電機機械,M15B1 電機
17,5.0,1319.0,東陽,M2200,M2200,15D,15D,M2200 汽車工業,M15D 汽車組件
18,5.0,1522.0,堤維西,M2200,M2200,15D,15D,M2200 汽車工業,M15D 汽車組件
19,5.0,1524.0,耿鼎,M2200,M2200,15D,15D,M2200 汽車工業,M15D 汽車組件
20,5.0,1568.0,倉佑,M2200,M2200,15D,15D,M2200 汽車工業,M15D 汽車組件
21,5.0,6605.0,帝寶,M2200,M2200,15D,15D,M2200 汽車工業,M15D 汽車組件
22,6.0,1517.0,利奇,M1500,M1500,15E,15E,M1500 電機機械,M15E 自行車組件
23,6.0,1526.0,日馳,M1500,M1500,15E,15E,M1500 電機機械,M15E 自行車組件
24,6.0,3038.0,全台,M2300,M2326,23C,23C8D,,
25,7.0,1590.0,亞德客-KY,M1500,M1500,15A,15A2,M1500 電機機械,M15A2 模具零件
26,7.0,2049.0,上銀,M1500,M1500,15A,15A2,M1500 電機機械,M15A2 模具零件
27,8.0,1701.0,中化,M1700,M1722,17C,17C1,,
28,8.0,1789.0,神隆,M1700,M1722,17C,17C1,,
29,8.0,4167.0,松瑞藥,M1700,M1722,17C,17C1,,
30,9.0,1217.0,愛之味,M1200,M1200,12A,12A,M1200 食品工業,M12A 罐頭加工
31,9.0,1714.0,和桐,M1700,M1721,17E,170,,
32,10.0,1711.0,永光,M1700,M1721,17B,17B,,
33,10.0,1721.0,三晃,M1700,M1721,17F,17F,,
34,10.0,1727.0,中華化,M1700,M1721,17Z,17Z,,
35,11.0,1773.0,勝一,M1700,M1721,17Z,17Z,,
36,11.0,4755.0,三福化,M1700,M1721,17Z,17Z,,
37,12.0,1806.0,冠軍,M1800,M1800,18,18,,
38,12.0,1809.0,中釉,M1800,M1800,18,18,,
39,12.0,1810.0,和成,M1800,M1800,18,18,,
40,12.0,2913.0,農林,M2900,M2900,29B,29B,M2900 貿易百貨,M29B 貿易業
41,13.0,1903.0,士紙,M1900,M1900,19A,19A,M1900 造紙工業,M19A 造紙
42,13.0,1904.0,正隆,M1900,M1900,19A,19A,M1900 造紙工業,M19A 造紙
43,13.0,1905.0,華紙,M1900,M1900,19B,19B,M1900 造紙工業,M19B 紙漿
44,13.0,1907.0,永豐餘,M1900,M1900,19A,19A,M1900 造紙工業,M19A 造紙
45,13.0,1909.0,榮成,M1900,M1900,19A,19A,M1900 造紙工業,M19A 造紙
46,14.0,2105.0,正新,M2100,M2100,21A,21A,M2100 橡膠工業,M21A 輪胎
47,14.0,2106.0,建大,M2100,M2100,21A,21A,M2100 橡膠工業,M21A 輪胎
48,14.0,2505.0,國揚,M2500,M2500,25A,25A,M2500 建材營造,M25A 建設
49,15.0,2108.0,南帝,M2100,M2100,21C,21C,M2100 橡膠工業,M21C 橡膠原料
50,15.0,6582.0,申豐,M2100,M2100,21C,21C,M2100 橡膠工業,M21C 橡膠原料
51,16.0,2201.0,裕隆,M2200,M2200,22A,22A,M2200 汽車工業,M22A 汽車製造
52,16.0,2204.0,中華,M2200,M2200,22A,22A,M2200 汽車工業,M22A 汽車製造
53,17.0,2323.0,中環,M2300,M2326,23C,23C4A,,
54,17.0,2349.0,錸德,M2300,M2326,23C,23C4A,,
55,17.0,2359.0,所羅門,M2300,M2331,23T,23T2,,
56,17.0,2461.0,光群雷,M2300,M2331,13A,13A8,,
57,18.0,2317.0,鴻海,M2300,M2331,23A,23A1,,
58,18.0,2328.0,廣宇,M2300,M2328,23D,23D2,,
59,18.0,2354.0,鴻準,M2300,M2331,23D,23D4,,
60,18.0,3149.0,正達,M2300,M2326,23C,23C8E,,
61,18.0,5243.0,乙盛-KY,M2300,M2326,23D,23D9A,,
62,19.0,2308.0,台達電,M2300,M2328,23D,23D3,,
63,19.0,2330.0,台積電,M2300,M2324,23G,23G1A,,
64,19.0,2454.0,聯發科,M2300,M2324,23G,23G5,,
65,19.0,3711.0,日月光投控,M2300,M2324,23G,23G2,,
66,19.0,5347.0,世界,M2300,M2324,23G,23G1A,,
67,20.0,2331.0,精英,M2300,M2325,23B,23B1,,
68,20.0,2371.0,大同,M1500,M1500,15B,15B1,M1500 電機機械,M15B1 電機
69,21.0,2337.0,旺宏,M2300,M2324,23G,23G1B,,
70,21.0,2344.0,華邦電,M2300,M2324,23G,23G1B,,
71,21.0,2408.0,南亞科,M2300,M2324,23G,23G1B,,
72,21.0,8110.0,華東,M2300,M2324,23G,23G2,,
73,22.0,2376.0,技嘉,M2300,M2325,23B,23B1,,
74,22.0,2377.0,微星,M2300,M2325,23B,23B1,,
75,23.0,2379.0,瑞昱,M2300,M2324,23G,23G5,,
76,23.0,3034.0,聯詠,M2300,M2324,23G,23G5,,
77,23.0,4966.0,譜瑞-KY,M2300,M2324,23G,23G5,,
78,24.0,2399.0,映泰,M2300,M2325,23B,23B1,,
79,24.0,2425.0,承啟,M2300,M2325,23B,23B4A,,
80,24.0,2465.0,麗臺,M2300,M2325,23B,23B4A,,
81,24.0,5386.0,青雲,M2300,M2325,23B,23B4A,,
82,24.0,6150.0,撼訊,M2300,M2325,23B,23B4A,,
83,25.0,1533.0,車王電,M2200,M2200,15D,15D,M2200 汽車工業,M15D 汽車組件
84,25.0,2415.0,錩新,M2300,M2328,23U,23U2,,
85,25.0,2497.0,怡利電,M2200,M2200,15D,15D,M2200 汽車工業,M15D 汽車組件
86,25.0,3552.0,同致,M2300,M2331,15D,15D,,
87,25.0,4939.0,亞電,M2300,M2328,23B,23B3C,,
88,26.0,2457.0,飛宏,M2300,M2328,23D,23D3,,
89,26.0,3058.0,立德,M2300,M2328,23D,23D3,,
90,26.0,6129.0,普誠,M2300,M2324,23G,23G5,,
91,27.0,2388.0,威盛,M2300,M2324,23G,23G5,,
92,27.0,2498.0,宏達電,M2300,M2327,23K,23KX,,
93,27.0,3508.0,位速,M2300,M2331,23D,23D4,,
94,27.0,6118.0,建達,M2300,M2329,23T,23T1,,
95,28.0,2603.0,長榮,M2600,M2600,26A,26A2,M2600 航運業,M26A2 貨櫃輪
96,28.0,2609.0,陽明,M2600,M2600,26A,26A2,M2600 航運業,M26A2 貨櫃輪
97,28.0,2615.0,萬海,M2600,M2600,26A,26A2,M2600 航運業,M26A2 貨櫃輪
98,28.0,2636.0,台驊投控,M2600,M2600,26C,26C,M2600 航運業,M26C 貨運倉儲業
99,28.0,5603.0,陸海,M2600,M2600,26C,26C,M2600 航運業,M26C 貨運倉儲業
100,29.0,2610.0,華航,M2600,M2600,26D,26D,M2600 航運業,M26D 空運業
101,29.0,2618.0,長榮航,M2600,M2600,26D,26D,M2600 航運業,M26D 空運業
102,30.0,2608.0,嘉里大榮,M2600,M2600,26C,26C,M2600 航運業,M26C 貨運倉儲業
103,30.0,2642.0,宅配通,M2600,M2600,26C,26C,M2600 航運業,M26C 貨運倉儲業
104,31.0,2723.0,美食-KY,M2700,M2700,27A,27A2,M2700 觀光事業,M27A2 餐飲業
105,31.0,2727.0,王品,M2700,M2700,27A,27A2,M2700 觀光事業,M27A2 餐飲業
106,31.0,2732.0,六角,M2700,M2700,27A,27A2,M2700 觀光事業,M27A2 餐飲業
107,32.0,2412.0,中華電,M2300,M2327,23K,23K3,,
108,32.0,3045.0,台灣大,M2300,M2327,23K,23K3,,
109,32.0,4904.0,遠傳,M2300,M2327,23K,23K3,,
110,33.0,3048.0,益登,M2300,M2329,23T,23T2,,
111,33.0,3209.0,全科,M2300,M2329,23T,23T2,,
112,34.0,2495.0,普安,M2300,M2325,23C,23C4B,,
113,34.0,3060.0,銘異,M2300,M2325,23C,23C4B,,
114,35.0,3083.0,網龍,M3200,M3200,23X,23X2,M3200 文化創意業,M23X2 遊戲軟體
115,35.0,3546.0,宇峻,M3200,M3200,23X,23X2,M3200 文化創意業,M23X2 遊戲軟體
116,35.0,5478.0,智冠,M3200,M3200,23X,23X2,M3200 文化創意業,M23X2 遊戲軟體
117,35.0,6180.0,橘子,M3200,M3200,23X,23X2,M3200 文化創意業,M23X2 遊戲軟體
118,36.0,3141.0,晶宏,M2300,M2324,23G,23G5,,
119,36.0,3169.0,亞信,M2300,M2324,23G,23G5,,
120,36.0,6143.0,振曜,M2300,M2327,23C,23C3,,
121,36.0,6411.0,晶焱,M2300,M2324,23G,23G5,,
122,36.0,8069.0,元太,M2300,M2326,23C,23C8A,,
123,37.0,3234.0,光環,M2300,M2327,23K,23K6,,
124,37.0,4908.0,前鼎,M2300,M2327,23K,23K6,,
125,37.0,4979.0,華星光,M2300,M2327,23K,23K6,,
126,38.0,2409.0,友達,M2300,M2326,23C,23C8A,,
127,38.0,3481.0,群創,M2300,M2326,23C,23C8A,,
128,38.0,6116.0,彩晶,M2300,M2326,23C,23C8A,,
129,39.0,3545.0,敦泰,M2300,M2324,23G,23G5,,
130,39.0,4961.0,天鈺,M2300,M2324,23G,23G5,,
131,39.0,6203.0,海韻電,M2300,M2328,23D,23D3,,
132,39.0,8016.0,矽創,M2300,M2324,23G,23G5,,
133,40.0,2417.0,圓剛,M2300,M2325,23B,23B4B,,
134,40.0,3669.0,圓展,M2300,M2327,23C,23CZ2,,
135,41.0,1589.0,永冠-KY,M1500,M1500,15A,15A2,M1500 電機機械,M15A2 模具零件
136,41.0,3708.0,上緯投控,M1700,M1721,17F,17F,,
137,41.0,9958.0,世紀鋼,M2000,M2000,20A,20A2,M2000 鋼鐵工業,M20A2 鋼筋
138,42.0,4114.0,健喬,M1700,M1722,17C,17C1,,
139,42.0,6461.0,益得,M1700,M1722,17C,17C1,,
140,43.0,4106.0,雃博,M1700,M1722,17G,17G,,
141,43.0,4121.0,優盛,M1700,M1722,17X,17X,,
142,44.0,4128.0,中天,M1700,M1722,17C,17C1,,
143,44.0,4743.0,合一,M1700,M1722,17C,17C1,,
144,45.0,1760.0,寶齡富錦,M1700,M1722,17C,17C1,,
145,45.0,4133.0,亞諾法,M1700,M1722,17G,17G,,
146,45.0,4171.0,瑞基,M3300,M3300,17G,17G,M3300 農業科技,M17G 醫療耗材
147,45.0,4736.0,泰博,M1700,M1722,17G,17G,,
148,45.0,6598.0,ABC-KY,M1700,M1722,17G,17G,,
149,46.0,4147.0,中裕,M1700,M1722,17C,17C1,,
150,46.0,4174.0,浩鼎,M1700,M1722,17C,17C1,,
151,47.0,3625.0,西勝,M2300,M2325,23D,23D7,,
152,47.0,4721.0,美琪瑪,M1700,M1721,17Z,17Z,,
153,47.0,4739.0,康普,M1700,M1721,17Z,17Z,,
154,47.0,6509.0,聚和,M1700,M1721,17Z,17Z,,
155,48.0,4934.0,太極,M2300,M2326,23C,23C7C,,
156,48.0,6125.0,廣運,M2300,M2326,23H,23H2,,
157,49.0,4958.0,臻鼎-KY,M2300,M2328,23B,23B2C,,
158,49.0,6269.0,台郡,M2300,M2328,23B,23B2C,,
159,50.0,4989.0,榮科,M2300,M2328,23B,23B3X,,
160,50.0,8358.0,金居,M2300,M2328,23B,23B3X,,
161,51.0,3294.0,英濟,M2300,M2328,23D,23D4,,
162,51.0,5245.0,智晶,M2300,M2326,23C,23C8A,,
163,51.0,8104.0,錸寶,M2300,M2326,23C,23C8A,,
164,51.0,8111.0,立碁,M2300,M2326,23C,23C6C,,
165,52.0,3596.0,智易,M2300,M2327,23E,230,,
166,52.0,5388.0,中磊,M2300,M2327,23E,2300,,
167,52.0,6285.0,啟碁,M2300,M2327,23K,23K2,,
168,53.0,3532.0,台勝科,M2300,M2324,23G,23G3C,,
169,53.0,5483.0,中美晶,M2300,M2324,23G,23G3C,,
170,53.0,6182.0,合晶,M2300,M2324,23G,23G3C,,
171,53.0,6488.0,環球晶,M2300,M2324,23G,23G3C,,
172,54.0,2643.0,捷迅,M2600,M2600,26C,26C,M2600 航運業,M26C 貨運倉儲業
173,54.0,5609.0,中菲行,M2600,M2600,26C,26C,M2600 航運業,M26C 貨運倉儲業
174,55.0,2707.0,晶華,M2700,M2700,27A,27A1,M2700 觀光事業,M27A1 飯店業
175,55.0,2731.0,雄獅,M2700,M2700,27C,27C,M2700 觀光事業,M27C 旅行社
176,55.0,2736.0,富野,M2700,M2700,27A,27A1,,
177,55.0,2743.0,山富,M2700,M2700,27C,27C,M2700 觀光事業,M27C 旅行社
178,55.0,5706.0,鳳凰,M2700,M2700,27C,27C,M2700 觀光事業,M27C 旅行社
179,56.0,3035.0,智原,M2300,M2324,23G,23G5,,
180,56.0,3556.0,禾瑞亞,M2300,M2324,23G,23G5,,
181,56.0,6104.0,創惟,M2300,M2324,23G,23G5,,
182,57.0,3015.0,全漢,M2300,M2328,23D,23D3,,
183,57.0,6188.0,廣明,M2300,M2325,23C,23C3,,
184,58.0,6206.0,飛捷,M2300,M2325,23B,23B5A,,
185,58.0,8114.0,振樺電,M2300,M2325,23B,23B5A,,
186,59.0,2383.0,台光電,M2300,M2328,23B,23B3A,,
187,59.0,6213.0,聯茂,M2300,M2328,23B,23B3A,,
188,59.0,6274.0,台燿,M2300,M2328,23B,23B3A,,
189,60.0,6245.0,立端,M2300,M2327,23B,23B5B,,
190,60.0,8050.0,廣積,M2300,M2325,23B,23B5B,,
191,61.0,1708.0,東鹼,M1700,M1721,17Z,17Z,,
192,61.0,1712.0,興農,M1700,M1721,17C,17C3,,
193,61.0,6508.0,惠光,M3300,M3300,17C,17C3,M3300 農業科技,M17C3 農藥肥料
194,62.0,3661.0,世芯-KY,M2300,M2324,23G,23G5,,
195,62.0,6531.0,愛普*,M2300,M2324,23G,23G5,,
196,62.0,6533.0,晶心科,M2300,M2324,23G,23G5,,
197,62.0,6643.0,M31,M2300,M2324,23G,23G5,,
198,63.0,3037.0,欣興,M2300,M2328,23B,23B2D,,
199,63.0,3189.0,景碩,M2300,M2324,23B,23B2A,,
200,63.0,8046.0,南電,M2300,M2328,23B,23B2A,,
201,64.0,2455.0,全新,M2300,M2327,23G,23G3A,,
202,64.0,3105.0,穩懋,M2300,M2324,23G,23G3A,,
203,64.0,4968.0,立積,M2300,M2324,23G,23G5,,
204,64.0,8086.0,宏捷科,M2300,M2324,23G,23G3A,,
205,65.0,8924.0,大田,M9900,M9900,99Z,99Z2,M9900 其他,M99Z2 高爾夫用品
206,65.0,8938.0,明安,M9900,M9900,99Z,99Z2,M9900 其他,M99Z2 高爾夫用品
207,66.0,9914.0,美利達,M9900,M9900,99Z,99Z1,M9900 其他,M99Z1 自行健行車
208,66.0,9921.0,巨大,M9900,M9900,99Z,99Z1,M9900 其他,M99Z1 自行健行車
209,67.0,5871.0,中租-KY,M9900,M9900,28K,28K,M9900 其他,M28K 租賃業
210,67.0,6592.0,和潤企業,M9900,M9900,28K,28K,M9900 其他,M28K 租賃業
211,67.0,9941.0,裕融,M9900,M9900,28K,28K,M9900 其他,M28K 租賃業
212,68.0,2597.0,潤弘,M2500,M2500,25B,25B,M2500 建材營造,M25B 營造
213,68.0,2915.0,潤泰全,M2900,M2900,29A,29A2,M2900 貿易百貨,M29A2 量販
214,68.0,9945.0,潤泰新,M9900,M9900,25A,25A,M9900 其他,M25A 建設
215,,1103.0,嘉泥,M1100,,11A,,M1100 水泥工業,M11A 水泥製造
216,,1104.0,環泥,M1100,,11A,,M1100 水泥工業,M11A 水泥製造
217,,1108.0,幸福,M1100,,11A,,M1100 水泥工業,M11A 水泥製造
218,,1109.0,信大,M1100,,11A,,M1100 水泥工業,M11A 水泥製造
219,,1110.0,東泥,M1100,,11A,,M1100 水泥工業,M11A 水泥製造
220,,1201.0,味全,M1200,,12C,,M1200 食品工業,M12C 飲料乳品
221,,1203.0,味王,M1200,,12Z,,M1200 食品工業,M12Z 其他食品
222,,1213.0,大飲,M1200,,12C,,M1200 食品工業,M12C 飲料乳品
223,,1216.0,統一,M1200,,12C,,M1200 食品工業,M12C 飲料乳品
224,,1218.0,泰山,M1200,,12B,,M1200 食品工業,M12B 油脂飼料
225,,1219.0,福壽,M1200,,12B,,M1200 食品工業,M12B 油脂飼料
226,,1220.0,台榮,M1200,,12B,,M1200 食品工業,M12B 油脂飼料
227,,1225.0,福懋油,M1200,,12B,,M1200 食品工業,M12B 油脂飼料
228,,1229.0,聯華,M1200,,12B,,M1200 食品工業,M12B 油脂飼料
229,,1231.0,聯華食,M1200,,12Z,,M1200 食品工業,M12Z 其他食品
230,,1232.0,大統益,M1200,,12B,,M1200 食品工業,M12B 油脂飼料
231,,1233.0,天仁,M1200,,12Z,,M1200 食品工業,M12Z 其他食品
232,,1234.0,黑松,M1200,,12C,,M1200 食品工業,M12C 飲料乳品
233,,1235.0,興泰,M1200,,12B,,M1200 食品工業,M12B 油脂飼料
234,,1236.0,宏亞,M1200,,12Z,,M1200 食品工業,M12Z 其他食品
235,,1240.0,茂生農經,M3300,,12B,,M3300 農業科技,M12B 油脂飼料
236,,1256.0,鮮活果汁-KY,M1200,,12C,,M1200 食品工業,M12C 飲料乳品
237,,1258.0,其祥-KY,M1200,,12Z,,M1200 食品工業,M12Z 其他食品
238,,1259.0,安心,M2700,,27A,,M2700 觀光事業,M27A2 餐飲業
239,,1264.0,德麥,M1200,,12Z,,M1200 食品工業,M12Z 其他食品
240,,1268.0,漢來美食,M2700,,27A,,M2700 觀光事業,M27A2 餐飲業
241,,1301.0,台塑,M1300,,13A,,M1300 塑膠工業,M13A1 泛用塑膠
242,,1303.0,南亞,M1300,,13A,,M1300 塑膠工業,M13A1 泛用塑膠
243,,1304.0,台聚,M1300,,13A,,M1300 塑膠工業,M13A1 泛用塑膠
244,,1305.0,華夏,M1300,,13A,,M1300 塑膠工業,M13A1 泛用塑膠
245,,1307.0,三芳,M1300,,13A,,M1300 塑膠工業,M13A6 合成皮
246,,1308.0,亞聚,M1300,,13A,,M1300 塑膠工業,M13A1 泛用塑膠
247,,1309.0,台達化,M1300,,13A,,M1300 塑膠工業,M13A1 泛用塑膠
248,,1312.0,國喬,M1300,,13A,,M1300 塑膠工業,M13A1 泛用塑膠
249,,1313.0,聯成,M1300,,13A,,M1300 塑膠工業,M13A7 可塑劑
250,,1315.0,達新,M1300,,13A,,M1300 塑膠工業,M13A8 塑膠加工
251,,1316.0,上曜,M2500,,25A,,M2500 建材營造,M25A 建設
252,,1321.0,大洋,M1300,,13A,,M1300 塑膠工業,M13A8 塑膠加工
253,,1323.0,永裕,M1300,,13A,,M1300 塑膠工業,M13A8 塑膠加工
254,,1324.0,地球,M1300,,13A,,M1300 塑膠工業,M13A9 膠帶
255,,1325.0,恒大,M1300,,14F,,M1300 塑膠工業,M14F 不織布
256,,1326.0,台化,M1300,,13A,,M1300 塑膠工業,M13A1 泛用塑膠
257,,1336.0,台翰,M2328,,23D,,M2328 電子零組件,M23D9A 沖壓零組件
258,,1337.0,再生-KY,M1300,,13B,,M1300 塑膠工業,M13B 塑膠製品
259,,1338.0,廣華-KY,M2200,,15D,,M2200 汽車工業,M15D 汽車組件
260,,1339.0,昭輝,M2200,,15D,,M2200 汽車工業,M15D 汽車組件
261,,1340.0,勝悅-KY,M1300,,13B,,M1300 塑膠工業,M13B 塑膠製品
262,,1341.0,富林-KY,M1300,,13A,,M1300 塑膠工業,M13A6 合成皮
263,,1342.0,八貫,M9900,,13B,,M9900 其他,M13B 塑膠製品
264,,1402.0,遠東新,M1400,,14A,,M1400 紡織纖維,M14A1 聚酯絲棉
265,,1409.0,新纖,M1400,,14A,,M1400 紡織纖維,M14A1 聚酯絲棉
266,,1410.0,南染,M1400,,14E,,M1400 紡織纖維,M14E 染整
267,,1413.0,宏洲,M1400,,14A,,M1400 紡織纖維,M14A2 加工絲
268,,1414.0,東和,M1400,,14B,,M1400 紡織纖維,M14B1 聚酯紗棉紗
269,,1416.0,廣豐,M9900,,29A,,M9900 其他,M29A1 百貨購物中
270,,1417.0,嘉裕,M1400,,14C,,M1400 紡織纖維,M14C1 成衣製造
271,,1418.0,東華,M1400,,14B,,M1400 紡織纖維,M14B2 亞克力纖維
272,,1419.0,新紡,M1400,,14C,,M1400 紡織纖維,M14C2 織布
273,,1423.0,利華,M1400,,14D,,M1400 紡織纖維,M14D2 毛紡
274,,1432.0,大魯閣,M2900,,29A,,M2900 貿易百貨,M29A1 百貨購物中
275,,1434.0,福懋,M1400,,14C,,M1400 紡織纖維,M14C2 織布
276,,1435.0,中福,M9900,,23K,,M9900 其他,M23KX 其他網通
277,,1436.0,華友聯,M2500,,25A,,M2500 建材營造,M25A 建設
278,,1437.0,勤益控,M9900,,25F,,M9900 其他,M25F 物業管理
279,,1438.0,三地開發,M2500,,25A,,M2500 建材營造,M25A 建設
280,,1439.0,中和,M1400,,14D,,M1400 紡織纖維,M14D2 毛紡
281,,1440.0,南紡,M1400,,14A,,M1400 紡織纖維,M14A1 聚酯絲棉
282,,1441.0,大東,M1400,,14B,,M1400 紡織纖維,M14B1 聚酯紗棉紗
283,,1442.0,名軒,M2500,,25A,,M2500 建材營造,M25A 建設
284,,1443.0,立益,M9900,,26C,,M9900 其他,M26C 貨運倉儲業
285,,1444.0,力麗,M1400,,14A,,M1400 紡織纖維,M14A2 加工絲
286,,1445.0,大宇,M1400,,14C,,M1400 紡織纖維,M14C2 織布
287,,1446.0,宏和,M1400,,14C,,M1400 紡織纖維,M14C2 織布
288,,1447.0,力鵬,M1400,,14A,,M1400 紡織纖維,M14A7 尼龍絲
289,,1449.0,佳和,M1400,,14C,,M1400 紡織纖維,M14C2 織布
290,,1451.0,年興,M1400,,14C,,M1400 紡織纖維,M14C1 成衣製造
291,,1452.0,宏益,M1400,,14A,,M1400 紡織纖維,M14A2 加工絲
292,,1453.0,大將,M2500,,25A,,M2500 建材營造,M25A 建設
293,,1454.0,台富,M1400,,14C,,M1400 紡織纖維,M14C2 織布
294,,1455.0,集盛,M1400,,14A,,M1400 紡織纖維,M14A7 尼龍絲
295,,1456.0,怡華,M2500,,25A,,M2500 建材營造,M25A 建設
296,,1457.0,宜進,M1400,,14A,,M1400 紡織纖維,M14A2 加工絲
297,,1459.0,聯發,M1400,,14A,,M1400 紡織纖維,M14A2 加工絲
298,,1460.0,宏遠,M1400,,14C,,M1400 紡織纖維,M14C2 織布
299,,1463.0,強盛,M1400,,14E,,M1400 紡織纖維,M14E 染整
300,,1464.0,得力,M1400,,14C,,M1400 紡織纖維,M14C2 織布
301,,1465.0,偉全,M1400,,14C,,M1400 紡織纖維,M14C2 織布
302,,1466.0,聚隆,M1400,,14A,,M1400 紡織纖維,M14A7 尼龍絲
303,,1467.0,南緯,M1400,,14C,,M1400 紡織纖維,M14C1 成衣製造
304,,1468.0,昶和,M1400,,14C,,M1400 紡織纖維,M14C2 織布
305,,1470.0,大統新創,M1400,,14E,,M1400 紡織纖維,M14E 染整
306,,1471.0,首利,M2328,,23D,,M2328 電子零組件,M23D3 電源供應器
307,,1472.0,三洋紡,M1400,,14A,,M1400 紡織纖維,M14A7 尼龍絲
308,,1473.0,台南,M1400,,14C,,M1400 紡織纖維,M14C1 成衣製造
309,,1474.0,弘裕,M1400,,14C,,M1400 紡織纖維,M14C2 織布
310,,1475.0,業旺,M1400,,14C,,M1400 紡織纖維,M14C2 織布
311,,1503.0,士電,M1500,,15B,,M1500 電機機械,M15B1 電機
312,,1504.0,東元,M1500,,15B,,M1500 電機機械,M15B1 電機
313,,1506.0,正道,M1500,,15D,,M1500 電機機械,M15D 汽車組件
314,,1507.0,永大,M1500,,15B,,M1500 電機機械,M15B1 電機
315,,1512.0,瑞利,M2200,,15D,,M2200 汽車工業,M15D 汽車組件
316,,1515.0,力山,M1500,,15Z,,M1500 電機機械,M15Z 其他電製品
317,,1516.0,川飛,M9900,,99Z,,M9900 其他,M99ZC 其他製造業
318,,1521.0,大億,M2200,,15D,,M2200 汽車工業,M15D 汽車組件
319,,1525.0,江申,M2200,,15D,,M2200 汽車工業,M15D 汽車組件
320,,1527.0,鑽全,M1500,,15A,,M1500 電機機械,M15A1 工具機
321,,1528.0,恩德,M1500,,15A,,M1500 電機機械,M15A1 工具機
322,,1529.0,樂士,M1500,,15B,,M1500 電機機械,M15B1 電機
323,,1530.0,亞崴,M1500,,15A,,M1500 電機機械,M15A1 工具機
324,,1531.0,高林股,M1500,,15A,,M1500 電機機械,M15A3 紡織工具機
325,,1532.0,勤美,M1500,,15A,,M1500 電機機械,M15A2 模具零件
326,,1535.0,中宇,M1500,,15B,,M1500 電機機械,M15B2 機電工程
327,,1536.0,和大,M2200,,15D,,M2200 汽車工業,M15D 汽車組件
328,,1537.0,廣隆,M1500,,23D,,M1500 電機機械,M23D7 二次電池
329,,1538.0,正峰,M1500,,15A,,M1500 電機機械,M15A1 工具機
330,,1539.0,巨庭,M1500,,15A,,M1500 電機機械,M15A1 工具機
331,,1540.0,喬福,M1500,,15A,,M1500 電機機械,M15A1 工具機
332,,1541.0,錩泰,M1500,,15A,,M1500 電機機械,M15A1 工具機
333,,1558.0,伸興,M1500,,15A,,M1500 電機機械,M15A3 紡織工具機
334,,1560.0,中砂,M1500,,15A,,M1500 電機機械,M15A2 模具零件
335,,1565.0,精華,M1722,,17G,,M1722 生技醫療,M17G 醫療耗材
336,,1569.0,濱川,M2325,,23D,,M2325 電腦及週邊,M23D4 機殼
337,,1570.0,力肯,M1500,,15A,,M1500 電機機械,M15A1 工具機
338,,1580.0,新麥,M1500,,15Z,,M1500 電機機械,M15Z 其他電製品
339,,1582.0,信錦,M2328,,23D,,M2328 電子零組件,M23D9A 沖壓零組件
340,,1583.0,程泰,M1500,,15A,,M1500 電機機械,M15A1 工具機
341,,1584.0,精剛,M9900,,20A,,M9900 其他,M20A6 不鏽鋼
342,,1586.0,和勤,M1500,,23D,,M1500 電機機械,M23D9A 沖壓零組件
343,,1587.0,吉茂,M2200,,15D,,M2200 汽車工業,M15D 汽車組件
344,,1591.0,駿吉-KY,M1500,,15A,,M1500 電機機械,M15A1 工具機
345,,1592.0,英瑞-KY,M2200,,15D,,M2200 汽車工業,M15D 汽車組件
346,,1593.0,祺驊,M1722,,15Z,,M1722 生技醫療,M15Z 其他電製品
347,,1595.0,川寶,M2328,,23H,,M2328 電子零組件,M23H2 電機設備
348,,1597.0,直得,M1500,,15A,,M1500 電機機械,M15A2 模具零件
349,,1598.0,岱宇,M1722,,15Z,,M1722 生技醫療,M15Z 其他電製品
350,,1599.0,宏佳騰,M1500,,22A,,M1500 電機機械,M22A 汽車製造
351,,1603.0,華電,M1600,,16 ,,M1600 電器電纜,M16 電線
352,,1604.0,聲寶,M1600,,15C,,M1600 電器電纜,M15C1 家電
353,,1605.0,華新,M1600,,16 ,,M1600 電器電纜,M16 電線
354,,1608.0,華榮,M1600,,16 ,,M1600 電器電纜,M16 電線
355,,1609.0,大亞,M1600,,16 ,,M1600 電器電纜,M16 電線
356,,1611.0,中電,M1600,,15C,,M1600 電器電纜,M15C4 照明
357,,1612.0,宏泰,M1600,,16 ,,M1600 電器電纜,M16 電線
358,,1614.0,三洋電,M1600,,15C,,M1600 電器電纜,M15C1 家電
359,,1615.0,大山,M1600,,16 ,,M1600 電器電纜,M16 電線
360,,1616.0,億泰,M1600,,16 ,,M1600 電器電纜,M16 電線
361,,1617.0,榮星,M1600,,16 ,,M1600 電器電纜,M16 電線
362,,1618.0,合機,M1600,,16 ,,M1600 電器電纜,M16 電線
363,,1626.0,艾美特-KY,M1600,,15C,,M1600 電器電纜,M15C1 家電
364,,1701.0,中化,M1722,,17C,,M1722 生技醫療,M17C1 西藥
365,,1707.0,葡萄王,M1722,,17C,,M1722 生技醫療,M17C2 機能性食品
366,,1708.0,東鹼,M1721,,17Z,,M1721 化學工業,M17Z 其他化學
367,,1709.0,和益,M1721,,17E,,M1721 化學工業,M17E1 清潔劑原料
368,,1710.0,東聯,M1721,,13A,,M1721 化學工業,M13A5 化纖
369,,1711.0,永光,M1721,,17B,,M1721 化學工業,M17B 染料及顏料
370,,1712.0,興農,M1721,,17C,,M1721 化學工業,M17C3 農藥肥料
371,,1713.0,國化,M1721,,17B,,M1721 化學工業,M17B 染料及顏料
372,,1714.0,和桐,M1721,,17E,,M1721 化學工業,M17E1 清潔劑原料
373,,1717.0,長興,M1721,,17F,,M1721 化學工業,M17F 樹脂
374,,1718.0,中纖,M1721,,13A,,M1721 化學工業,M13A5 化纖
375,,1720.0,生達,M1722,,17C,,M1722 生技醫療,M17C1 西藥
376,,1721.0,三晃,M1721,,17F,,M1721 化學工業,M17F 樹脂
377,,1722.0,台肥,M1721,,17C,,M1721 化學工業,M17C3 農藥肥料
378,,1723.0,中碳,M1721,,17Z,,M1721 化學工業,M17Z 其他化學
379,,1724.0,台硝,M1721,,17Z,,M1721 化學工業,M17Z 其他化學
380,,1725.0,元禎,M1721,,17Z,,M1721 化學工業,M17Z 其他化學
381,,1726.0,永記,M1721,,17B,,M1721 化學工業,M17B 染料及顏料
382,,1727.0,中華化,M1721,,17Z,,M1721 化學工業,M17Z 其他化學
383,,1730.0,花仙子,M1721,,17E,,M1721 化學工業,M17E2 清潔用品
384,,1731.0,美吾華,M1722,,17C,,M1722 生技醫療,M17C1 西藥
385,,1732.0,毛寶,M1721,,17E,,M1721 化學工業,M17E2 清潔用品
386,,1733.0,五鼎,M1722,,17G,,M1722 生技醫療,M17G 醫療耗材
387,,1734.0,杏輝,M1722,,17C,,M1722 生技醫療,M17C1 西藥
388,,1735.0,日勝化,M1721,,17F,,M1721 化學工業,M17F 樹脂
389,,1736.0,喬山,M1722,,15Z,,M1722 生技醫療,M15Z 其他電製品
390,,1737.0,臺鹽,M1200,,12Z,,M1200 食品工業,M12Z 其他食品
391,,1742.0,台蠟,M1721,,17Z,,M1721 化學工業,M17Z 其他化學
392,,1752.0,南光,M1722,,17C,,M1722 生技醫療,M17C1 西藥
393,,1760.0,寶齡富錦,M1722,,17C,,M1722 生技醫療,M17C1 西藥
394,,1762.0,中化生,M1722,,17C,,M1722 生技醫療,M17C1 西藥
395,,1773.0,勝一,M1721,,17Z,,M1721 化學工業,M17Z 其他化學
396,,1776.0,展宇,M1721,,17F,,M1721 化學工業,M17F 樹脂
397,,1777.0,生泰,M1722,,17C,,M1722 生技醫療,M17C1 西藥
398,,1781.0,合世,M1722,,17G,,M1722 生技醫療,M17G 醫療耗材
399,,1783.0,和康生,M1722,,17G,,M1722 生技醫療,M17G 醫療耗材
400,,1784.0,訊聯,M1722,,17H,,M1722 生技醫療,M17H 生物科技
401,,1785.0,光洋科,M2331,,99L,,M2331 其他電子業,M99L1 貴金屬回收
402,,1786.0,科妍,M1722,,17G,,M1722 生技醫療,M17G 醫療耗材
403,,1788.0,杏昌,M1722,,17G,,M1722 生技醫療,M17G 醫療耗材
404,,1789.0,神隆,M1722,,17C,,M1722 生技醫療,M17C1 西藥
405,,1795.0,美時,M1722,,17C,,M1722 生技醫療,M17C1 西藥
406,,1796.0,金穎生技,M1200,,17C,,M1200 食品工業,M17C2 機能性食品
407,,1799.0,易威,M1722,,17C,,M1722 生技醫療,M17C1 西藥
408,,1802.0,台玻,M1800,,18 ,,M1800 玻璃陶瓷,M18 玻璃陶瓷
409,,1805.0,寶徠,M2500,,25A,,M2500 建材營造,M25A 建設
410,,1806.0,冠軍,M1800,,18 ,,M1800 玻璃陶瓷,M18 玻璃陶瓷
411,,1808.0,潤隆,M2500,,25A,,M2500 建材營造,M25A 建設
412,,1809.0,中釉,M1800,,18 ,,M1800 玻璃陶瓷,M18 玻璃陶瓷
413,,1810.0,和成,M1800,,18 ,,M1800 玻璃陶瓷,M18 玻璃陶瓷
414,,1813.0,寶利徠,M1722,,17G,,M1722 生技醫療,M17G 醫療耗材
415,,1815.0,富喬,M2328,,23B,,M2328 電子零組件,M23B3B 玻纖紗布
416,,1817.0,凱撒衛,M1800,,18 ,,M1800 玻璃陶瓷,M18 玻璃陶瓷
417,,1906.0,寶隆,M1900,,19A,,M1900 造紙工業,M19A 造紙
418,,2002.0,中鋼,M2000,,20A,,M2000 鋼鐵工業,M20A3 鋼板
419,,2006.0,東和鋼鐵,M2000,,20A,,M2000 鋼鐵工業,M20A2 鋼筋
420,,2007.0,燁興,M2000,,20A,,M2000 鋼鐵工業,M20A1 線材
421,,2008.0,高興昌,M2000,,20A,,M2000 鋼鐵工業,M20A7 鋼管
422,,2009.0,第一銅,M2000,,20A,,M2000 鋼鐵工業,M20A4 銅
423,,2010.0,春源,M2000,,20A,,M2000 鋼鐵工業,M20A3 鋼板
424,,2012.0,春雨,M2000,,20A,,M2000 鋼鐵工業,M20A1 線材
425,,2013.0,中鋼構,M2000,,20A,,M2000 鋼鐵工業,M20A2 鋼筋
426,,2014.0,中鴻,M2000,,20A,,M2000 鋼鐵工業,M20A3 鋼板
427,,2015.0,豐興,M2000,,20A,,M2000 鋼鐵工業,M20A2 鋼筋
428,,2017.0,官田鋼,M2000,,20A,,M2000 鋼鐵工業,M20A1 線材
429,,2020.0,美亞,M2000,,20A,,M2000 鋼鐵工業,M20A7 鋼管
430,,2022.0,聚亨,M2000,,20A,,M2000 鋼鐵工業,M20A1 線材
431,,2023.0,燁輝,M2000,,20A,,M2000 鋼鐵工業,M20A3 鋼板
432,,2024.0,志聯,M2000,,20A,,M2000 鋼鐵工業,M20A1 線材
433,,2025.0,千興,M2000,,20A,,M2000 鋼鐵工業,M20A6 不鏽鋼
434,,2027.0,大成鋼,M2000,,20A,,M2000 鋼鐵工業,M20A6 不鏽鋼
435,,2028.0,威致,M2000,,20A,,M2000 鋼鐵工業,M20A2 鋼筋
436,,2029.0,盛餘,M2000,,20A,,M2000 鋼鐵工業,M20A3 鋼板
437,,2030.0,彰源,M2000,,20A,,M2000 鋼鐵工業,M20A7 鋼管
438,,2031.0,新光鋼,M2000,,20A,,M2000 鋼鐵工業,M20A3 鋼板
439,,2032.0,新鋼,M2000,,20A,,M2000 鋼鐵工業,M20A6 不鏽鋼
440,,2033.0,佳大,M2000,,20A,,M2000 鋼鐵工業,M20A1 線材
441,,2034.0,允強,M2000,,20A,,M2000 鋼鐵工業,M20A7 鋼管
442,,2035.0,唐榮,M2000,,20A,,M2000 鋼鐵工業,M20A6 不鏽鋼
443,,2038.0,海光,M2000,,20A,,M2000 鋼鐵工業,M20A2 鋼筋
444,,2059.0,川湖,M2328,,20B,,M2328 電子零組件,M20B 金屬製品
445,,2061.0,風青,M1600,,20A,,M1600 電器電纜,M20A4 銅
446,,2062.0,橋椿,M9900,,99B,,M9900 其他,M99B 五金及家具
447,,2063.0,世鎧,M2000,,20A,,M2000 鋼鐵工業,M20A1 線材
448,,2064.0,晉椿,M2000,,20A,,M2000 鋼鐵工業,M20A1 線材
449,,2065.0,世豐,M2000,,20A,,M2000 鋼鐵工業,M20A1 線材
450,,2066.0,世德,M1500,,15D,,M1500 電機機械,M15D 汽車組件
451,,2067.0,嘉鋼,M1500,,15A,,M1500 電機機械,M15A2 模具零件
452,,2069.0,運錩,M2000,,20A,,M2000 鋼鐵工業,M20A6 不鏽鋼
453,,2070.0,精湛,M1500,,15H,,M1500 電機機械,M15H 儀器設備
454,,2101.0,南港,M2100,,21A,,M2100 橡膠工業,M21A 輪胎
455,,2102.0,泰豐,M2100,,21A,,M2100 橡膠工業,M21A 輪胎
456,,2103.0,台橡,M2100,,21C,,M2100 橡膠工業,M21C 橡膠原料
457,,2104.0,國際中橡,M2100,,21C,,M2100 橡膠工業,M21C 橡膠原料
458,,2107.0,厚生,M2100,,21B,,M2100 橡膠工業,M21B2 其他橡膠
459,,2109.0,華豐,M2100,,21A,,M2100 橡膠工業,M21A 輪胎
460,,2114.0,鑫永銓,M2100,,21B,,M2100 橡膠工業,M21B1 工業橡膠
461,,2115.0,六暉-KY,M2200,,15D,,M2200 汽車工業,M15D 汽車組件
462,,2206.0,三陽工業,M2200,,22A,,M2200 汽車工業,M22A 汽車製造
463,,2207.0,和泰車,M2200,,22X,,M2200 汽車工業,M22X 汽車買賣
464,,2208.0,台船,M2600,,22B,,M2600 航運業,M22B1 船舶製造
465,,2211.0,長榮鋼,M2000,,20A,,M2000 鋼鐵工業,M20A2 鋼筋
466,,2221.0,大甲,M9900,,20A,,M9900 其他,M20A7 鋼管
467,,2227.0,裕日車,M2200,,22X,,M2200 汽車工業,M22X 汽車買賣
468,,2228.0,劍麟,M2200,,15D,,M2200 汽車工業,M15D 汽車組件
469,,2230.0,泰茂,M1500,,15D,,M1500 電機機械,M15D 汽車組件
470,,2231.0,為升,M2200,,15D,,M2200 汽車工業,M15D 汽車組件
471,,2233.0,宇隆,M2200,,15D,,M2200 汽車工業,M15D 汽車組件
472,,2235.0,謚源,M1500,,15D,,M1500 電機機械,M15D 汽車組件
473,,2236.0,百達-KY,M2200,,15D,,M2200 汽車工業,M15D 汽車組件
474,,2239.0,英利-KY,M2200,,15D,,M2200 汽車工業,M15D 汽車組件
475,,2241.0,艾姆勒,M2200,,15D,,M2200 汽車工業,M15D 汽車組件
476,,2243.0,宏旭-KY,M2200,,15D,,M2200 汽車工業,M15D 汽車組件
477,,2247.0,汎德永業,M2200,,22X,,M2200 汽車工業,M22X 汽車買賣
478,,2250.0,IKKA-KY,M2200,,22A,,M2200 汽車工業,M22A 汽車製造
479,,2301.0,光寶科,M2325,,23C,,M2325 電腦及週邊,M23C3 PC週邊
480,,2302.0,麗正,M2324,,23D,,M2324 半導體,M23D1 整流二極體
481,,2303.0,聯電,M2324,,23G,,M2324 半導體,M23G1A 晶圓代工
482,,2305.0,全友,M2325,,23C,,M2325 電腦及週邊,M23C2 影像掃描
483,,2308.0,台達電,M2328,,23D,,M2328 電子零組件,M23D3 電源供應器
484,,2312.0,金寶,M2331,,23A,,M2331 其他電子業,M23A1 EMS
485,,2313.0,華通,M2328,,23B,,M2328 電子零組件,M23B2D 硬板及其他
486,,2314.0,台揚,M2327,,23K,,M2327 通信網路業,M23K2 衛星微波
487,,2316.0,楠梓電,M2328,,23B,,M2328 電子零組件,M23B2D 硬板及其他
488,,2317.0,鴻海,M2331,,23A,,M2331 其他電子業,M23A1 EMS
489,,2321.0,東訊,M2327,,23K,,M2327 通信網路業,M23KX 其他網通
490,,2323.0,中環,M2326,,23C,,M2326 光電業,M23C4A 光碟
491,,2324.0,仁寶,M2325,,23A,,M2325 電腦及週邊,M23A1 EMS
492,,2327.0,國巨,M2328,,23D,,M2328 電子零組件,M23D5 被動元件
493,,2328.0,廣宇,M2328,,23D,,M2328 電子零組件,M23D2 連接器
494,,2329.0,華泰,M2324,,23G,,M2324 半導體,M23G2 IC封測
495,,2330.0,台積電,M2324,,23G,,M2324 半導體,M23G1A 晶圓代工
496,,2331.0,精英,M2325,,23B,,M2325 電腦及週邊,M23B1 主機板
497,,2332.0,友訊,M2327,,23E,,M2327 通信網路業,M23E2 網路卡
498,,2337.0,旺宏,M2324,,23G,,M2324 半導體,M23G1B 記憶體製造
499,,2338.0,光罩,M2324,,23G,,M2324 半導體,M23G6 其他半導體
500,,2340.0,光磊,M2326,,23C,,M2326 光電業,M23C6B 磊晶及晶粒
501,,2342.0,茂矽,M2324,,23G,,M2324 半導體,M23G1A 晶圓代工
502,,2344.0,華邦電,M2324,,23G,,M2324 半導體,M23G1B 記憶體製造
503,,2345.0,智邦,M2327,,23E,,M2327 通信網路業,M23E2 網路卡
504,,2347.0,聯強,M2329,,23T,,M2329 電子通路業,M23T1 3C通路
505,,2348.0,海悅,M9900,,25A,,M9900 其他,M25A 建設
506,,2349.0,錸德,M2326,,23C,,M2326 光電業,M23C4A 光碟
507,,2351.0,順德,M2324,,23G,,M2324 半導體,M23G4 IC導線架
508,,2352.0,佳世達,M2325,,23C,,M2325 電腦及週邊,M23C1 顯示器
509,,2353.0,宏碁,M2325,,23A,,M2325 電腦及週邊,M23A3 PC品牌
510,,2354.0,鴻準,M2331,,23D,,M2331 其他電子業,M23D4 機殼
511,,2355.0,敬鵬,M2328,,23B,,M2328 電子零組件,M23B2D 硬板及其他
512,,2356.0,英業達,M2325,,23A,,M2325 電腦及週邊,M23A1 EMS
513,,2357.0,華碩,M2325,,23A,,M2325 電腦及週邊,M23A3 PC品牌
514,,2358.0,廷鑫,M9900,,20A,,M9900 其他,M20A5 鋁鋅
515,,2359.0,所羅門,M2331,,23T,,M2331 其他電子業,M23T2 零組件代理
516,,2360.0,致茂,M2331,,23H,,M2331 其他電子業,M23H2 電機設備
517,,2362.0,藍天,M2325,,23A,,M2325 電腦及週邊,M23A2 泛用電腦
518,,2363.0,矽統,M2324,,23G,,M2324 半導體,M23G5 IC設計
519,,2364.0,倫飛,M2325,,23A,,M2325 電腦及週邊,M23A2 泛用電腦
520,,2365.0,昆盈,M2325,,23C,,M2325 電腦及週邊,M23C3 PC週邊
521,,2367.0,燿華,M2328,,23B,,M2328 電子零組件,M23B2D 硬板及其他
522,,2368.0,金像電,M2328,,23B,,M2328 電子零組件,M23B2D 硬板及其他
523,,2369.0,菱生,M2324,,23G,,M2324 半導體,M23G2 IC封測
524,,2373.0,震旦行,M2331,,23T,,M2331 其他電子業,M23T1 3C通路
525,,2374.0,佳能,M2326,,23U,,M2326 光電業,M23UZ 消費性電子
526,,2375.0,凱美,M2328,,23D,,M2328 電子零組件,M23D5 被動元件
527,,2376.0,技嘉,M2325,,23B,,M2325 電腦及週邊,M23B1 主機板
528,,2377.0,微星,M2325,,23B,,M2325 電腦及週邊,M23B1 主機板
529,,2379.0,瑞昱,M2324,,23G,,M2324 半導體,M23G5 IC設計
530,,2380.0,虹光,M2325,,23C,,M2325 電腦及週邊,M23C2 影像掃描
531,,2382.0,廣達,M2325,,23A,,M2325 電腦及週邊,M23A1 EMS
532,,2383.0,台光電,M2328,,23B,,M2328 電子零組件,M23B3A 銅箔基板
533,,2385.0,群光,M2328,,23C,,M2328 電子零組件,M23C3 PC週邊
534,,2387.0,精元,M2325,,23C,,M2325 電腦及週邊,M23C3 PC週邊
535,,2388.0,威盛,M2324,,23G,,M2324 半導體,M23G5 IC設計
536,,2390.0,云辰,M2331,,23C,,M2331 其他電子業,M23C9 安全監控
537,,2392.0,正崴,M2328,,23D,,M2328 電子零組件,M23D2 連接器
538,,2393.0,億光,M2326,,23C,,M2326 光電業,M23C6C 封裝及應用
539,,2395.0,研華,M2325,,23B,,M2325 電腦及週邊,M23B5B 工業電腦
540,,2397.0,友通,M2325,,23B,,M2325 電腦及週邊,M23B5B 工業電腦
541,,2399.0,映泰,M2325,,23B,,M2325 電腦及週邊,M23B1 主機板
542,,2401.0,凌陽,M2324,,23G,,M2324 半導體,M23G5 IC設計
543,,2402.0,毅嘉,M2328,,23B,,M2328 電子零組件,M23B2C 軟板
544,,2404.0,漢唐,M2331,,23H,,M2331 其他電子業,M23H1 廠辦機電
545,,2405.0,浩鑫,M2325,,23A,,M2325 電腦及週邊,M23A2 泛用電腦
546,,2406.0,國碩,M2326,,23C,,M2326 光電業,M23C7B 太陽能晶圓
547,,2408.0,南亞科,M2324,,23G,,M2324 半導體,M23G1B 記憶體製造
548,,2409.0,友達,M2326,,23C,,M2326 光電業,M23C8A LCD 面板
549,,2412.0,中華電,M2327,,23K,,M2327 通信網路業,M23K3 電信及IDC
550,,2413.0,環科,M2328,,23D,,M2328 電子零組件,M23D3 電源供應器
551,,2414.0,精技,M2329,,23T,,M2329 電子通路業,M23T1 3C通路
552,,2415.0,錩新,M2328,,23U,,M2328 電子零組件,M23U2 聲學產品
553,,2417.0,圓剛,M2325,,23B,,M2325 電腦及週邊,M23B4B 電視卡
554,,2419.0,仲琦,M2327,,23E,,M2327 通信網路業,M23E1 數據機
555,,2420.0,新巨,M2328,,23D,,M2328 電子零組件,M23D3 電源供應器
556,,2421.0,建準,M2328,,23D,,M2328 電子零組件,M23D9B 散熱零組件
557,,2423.0,固緯,M2331,,23H,,M2331 其他電子業,M23H2 電機設備
558,,2424.0,隴華,M2325,,23K,,M2325 電腦及週邊,M23KX 其他網通
559,,2425.0,承啟,M2325,,23B,,M2325 電腦及週邊,M23B4A 繪圖卡
560,,2426.0,鼎元,M2326,,23C,,M2326 光電業,M23C6B 磊晶及晶粒
561,,2427.0,三商電,M2330,,23X,,M2330 資訊服務業,M23X1 系統整合
562,,2428.0,興勤,M2328,,23D,,M2328 電子零組件,M23D5 被動元件
563,,2429.0,銘旺科,M2326,,23C,,M2326 光電業,M23CZ2 其他顯示
564,,2430.0,燦坤,M2329,,23T,,M2329 電子通路業,M23T1 3C通路
565,,2431.0,聯昌,M2328,,23D,,M2328 電子零組件,M23D3 電源供應器
566,,2433.0,互盛電,M2331,,23T,,M2331 其他電子業,M23T1 3C通路
567,,2434.0,統懋,M2324,,23D,,M2324 半導體,M23D1 整流二極體
568,,2436.0,偉詮電,M2324,,23G,,M2324 半導體,M23G5 IC設計
569,,2438.0,翔耀,M2326,,23C,,M2326 光電業,M23C8C LCD 原料
570,,2439.0,美律,M2327,,23U,,M2327 通信網路業,M23U2 聲學產品
571,,2440.0,太空梭,M2328,,23D,,M2328 電子零組件,M23D2 連接器
572,,2441.0,超豐,M2324,,23G,,M2324 半導體,M23G2 IC封測
573,,2442.0,新美齊,M2325,,25A,,M2325 電腦及週邊,M25A 建設
574,,2443.0,億麗,M9900,,99Z,,M9900 其他,M99ZC 其他製造業
575,,2444.0,兆勁,M2327,,23E,,M2327 通信網路業,M23E1 數據機
576,,2449.0,京元電子,M2324,,23G,,M2324 半導體,M23G2 IC封測
577,,2450.0,神腦,M2327,,23T,,M2327 通信網路業,M23T1 3C通路
578,,2451.0,創見,M2324,,23G,,M2324 半導體,M23G3B 記憶體模組
579,,2453.0,凌群,M2330,,23X,,M2330 資訊服務業,M23X1 系統整合
580,,2454.0,聯發科,M2324,,23G,,M2324 半導體,M23G5 IC設計
581,,2455.0,全新,M2327,,23G,,M2327 通信網路業,M23G3A 化合物SEMI
582,,2456.0,奇力新,M2328,,23D,,M2328 電子零組件,M23D5 被動元件
583,,2457.0,飛宏,M2328,,23D,,M2328 電子零組件,M23D3 電源供應器
584,,2458.0,義隆,M2324,,23G,,M2324 半導體,M23G5 IC設計
585,,2459.0,敦吉,M2331,,23T,,M2331 其他電子業,M23T2 零組件代理
586,,2460.0,建通,M2328,,23D,,M2328 電子零組件,M23D2 連接器
587,,2461.0,光群雷,M2331,,13A,,M2331 其他電子業,M13A8 塑膠加工
588,,2462.0,良得電,M2328,,23D,,M2328 電子零組件,M23D2 連接器
589,,2464.0,盟立,M2331,,23H,,M2331 其他電子業,M23H1 廠辦機電
590,,2465.0,麗臺,M2325,,23B,,M2325 電腦及週邊,M23B4A 繪圖卡
591,,2466.0,冠西電,M2326,,23C,,M2326 光電業,M23C6C 封裝及應用
592,,2467.0,志聖,M2328,,23H,,M2328 電子零組件,M23H2 電機設備
593,,2468.0,華經,M2330,,23X,,M2330 資訊服務業,M23X1 系統整合
594,,2471.0,資通,M2330,,23X,,M2330 資訊服務業,M23X1 系統整合
595,,2472.0,立隆電,M2328,,23D,,M2328 電子零組件,M23D5 被動元件
596,,2474.0,可成,M2331,,23D,,M2331 其他電子業,M23D4 機殼
597,,2476.0,鉅祥,M2328,,23D,,M2328 電子零組件,M23D9A 沖壓零組件
598,,2477.0,美隆電,M2331,,23U,,M2331 其他電子業,M23U2 聲學產品
599,,2478.0,大毅,M2328,,23D,,M2328 電子零組件,M23D5 被動元件
600,,2480.0,敦陽科,M2330,,23X,,M2330 資訊服務業,M23X1 系統整合
601,,2481.0,強茂,M2324,,23D,,M2324 半導體,M23D1 整流二極體
602,,2482.0,連宇,M2331,,23C,,M2331 其他電子業,M23C3 PC週邊
603,,2483.0,百容,M2328,,23D,,M2328 電子零組件,M23D9A 沖壓零組件
604,,2484.0,希華,M2328,,23D,,M2328 電子零組件,M23D6 石英元件
605,,2485.0,兆赫,M2327,,23K,,M2327 通信網路業,M23K2 衛星微波
606,,2486.0,一詮,M2326,,23D,,M2326 光電業,M23D9C 光電導線架
607,,2488.0,漢平,M2331,,23U,,M2331 其他電子業,M23U2 聲學產品
608,,2489.0,瑞軒,M2326,,23C,,M2326 光電業,M23C1 顯示器
609,,2491.0,吉祥全,M2326,,15C,,M2326 光電業,M15C4 照明
610,,2492.0,華新科,M2328,,23D,,M2328 電子零組件,M23D5 被動元件
611,,2493.0,揚博,M2328,,23H,,M2328 電子零組件,M23H2 電機設備
612,,2495.0,普安,M2331,,23C,,M2331 其他電子業,M23C4B 硬碟磁碟
613,,2496.0,卓越,M9900,,99Z,,M9900 其他,M99ZX 其他服務業
614,,2498.0,宏達電,M2327,,23K,,M2327 通信網路業,M23KX 其他網通
615,,2501.0,國建,M2500,,25A,,M2500 建材營造,M25A 建設
616,,2504.0,國產,M2500,,11B,,M2500 建材營造,M11B 預拌混凝土
617,,2506.0,太設,M2500,,25A,,M2500 建材營造,M25A 建設
618,,2509.0,全坤建,M2500,,25A,,M2500 建材營造,M25A 建設
619,,2511.0,太子,M2500,,25A,,M2500 建材營造,M25A 建設
620,,2514.0,龍邦,M9900,,25A,,M9900 其他,M25A 建設
621,,2516.0,新建,M2500,,25B,,M2500 建材營造,M25B 營造
622,,2520.0,冠德,M2500,,25A,,M2500 建材營造,M25A 建設
623,,2524.0,京城,M2500,,25A,,M2500 建材營造,M25A 建設
624,,2527.0,宏璟,M2500,,25A,,M2500 建材營造,M25A 建設
625,,2528.0,皇普,M2500,,25A,,M2500 建材營造,M25A 建設
626,,2530.0,華建,M2500,,25A,,M2500 建材營造,M25A 建設
627,,2534.0,宏盛,M2500,,25A,,M2500 建材營造,M25A 建設
628,,2535.0,達欣工,M2500,,25B,,M2500 建材營造,M25B 營造
629,,2536.0,宏普,M2500,,25A,,M2500 建材營造,M25A 建設
630,,2537.0,聯上發,M2500,,25A,,M2500 建材營造,M25A 建設
631,,2538.0,基泰,M2500,,25A,,M2500 建材營造,M25A 建設
632,,2539.0,櫻花建,M2500,,25A,,M2500 建材營造,M25A 建設
633,,2540.0,愛山林,M2500,,25A,,M2500 建材營造,M25A 建設
634,,2542.0,興富發,M2500,,25A,,M2500 建材營造,M25A 建設
635,,2543.0,皇昌,M2500,,25B,,M2500 建材營造,M25B 營造
636,,2545.0,皇翔,M2500,,25A,,M2500 建材營造,M25A 建設
637,,2546.0,根基,M2500,,25B,,M2500 建材營造,M25B 營造
638,,2547.0,日勝生,M2500,,25A,,M2500 建材營造,M25A 建設
639,,2548.0,華固,M2500,,25A,,M2500 建材營造,M25A 建設
640,,2596.0,綠意,M2500,,25A,,M2500 建材營造,M25A 建設
641,,2601.0,益航,M2900,,26A,,M2900 貿易百貨,M26A1 散裝輪
642,,2605.0,新興,M2600,,26A,,M2600 航運業,M26A1 散裝輪
643,,2606.0,裕民,M2600,,26A,,M2600 航運業,M26A1 散裝輪
644,,2607.0,榮運,M2600,,26C,,M2600 航運業,M26C 貨運倉儲業
645,,2611.0,志信,M2600,,26C,,M2600 航運業,M26C 貨運倉儲業
646,,2612.0,中航,M2600,,26A,,M2600 航運業,M26A1 散裝輪
647,,2613.0,中櫃,M2600,,26C,,M2600 航運業,M26C 貨運倉儲業
648,,2614.0,東森,M9900,,26E,,M9900 其他,M26E 其他運儲業
649,,2616.0,山隆,M9700,,99D,,M9700 油電燃氣業,M99D1 加油站
650,,2617.0,台航,M2600,,26A,,M2600 航運業,M26A1 散裝輪
651,,2630.0,亞航,M2600,,22B,,M2600 航運業,M22B3 航空器製造
652,,2633.0,台灣高鐵,M2600,,26B,,M2600 航運業,M26B2 鐵路運輸
653,,2634.0,漢翔,M2600,,22B,,M2600 航運業,M22B3 航空器製造
654,,2637.0,慧洋-KY,M2600,,26A,,M2600 航運業,M26A1 散裝輪
655,,2640.0,大車隊,M9900,,26B,,M9900 其他,M26B1 汽車陸運
656,,2641.0,正德,M2600,,26A,,M2600 航運業,M26A1 散裝輪
657,,2701.0,萬企,M2700,,27A,,M2700 觀光事業,M27A1 飯店業
658,,2702.0,華園,M2700,,27A,,M2700 觀光事業,M27A1 飯店業
659,,2704.0,國賓,M2700,,27A,,M2700 觀光事業,M27A1 飯店業
660,,2705.0,六福,M2700,,27A,,M2700 觀光事業,M27A1 飯店業
661,,2706.0,第一店,M2700,,27A,,M2700 觀光事業,M27A1 飯店業
662,,2712.0,遠雄來,M2700,,27A,,M2700 觀光事業,M27A1 飯店業
663,,2718.0,晶悅,M2700,,25A,,M2700 觀光事業,M25A 建設
664,,2719.0,燦星旅,M2700,,27C,,M2700 觀光事業,M27C 旅行社
665,,2722.0,夏都,M2700,,27A,,M2700 觀光事業,M27A1 飯店業
666,,2724.0,富驛-KY,M2700,,27A,,M2700 觀光事業,M27A1 飯店業
667,,2726.0,雅茗-KY,M2700,,27A,,M2700 觀光事業,M27A2 餐飲業
668,,2729.0,瓦城,M2700,,27A,,M2700 觀光事業,M27A2 餐飲業
669,,2734.0,易飛網,M2700,,27C,,M2700 觀光事業,M27C 旅行社
670,,2736.0,高野,M2700,,27A,,M2700 觀光事業,M27A1 飯店業
671,,2739.0,寒舍,M2700,,27A,,M2700 觀光事業,M27A1 飯店業
672,,2740.0,天蔥,M2700,,27A,,M2700 觀光事業,M27A2 餐飲業
673,,2745.0,五福,M2700,,27C,,M2700 觀光事業,M27C 旅行社
674,,2748.0,雲品,M2700,,27A,,M2700 觀光事業,M27A1 飯店業
675,,2752.0,豆府,M2700,,27A,,M2700 觀光事業,M27A2 餐飲業
676,,2754.0,亞洲藏壽司,M2700,,27A,,M2700 觀光事業,M27A2 餐飲業
677,,2755.0,揚秦,M2700,,27A,,M2700 觀光事業,M27A2 餐飲業
678,,2801.0,彰銀,M2800,,28A,,M2800 金融業,M28A 本國銀行
679,,2809.0,京城銀,M2800,,28A,,M2800 金融業,M28A 本國銀行
680,,2812.0,台中銀,M2800,,28A,,M2800 金融業,M28A 本國銀行
681,,2816.0,旺旺保,M2800,,28J,,M2800 金融業,M28J 產險業
682,,2820.0,華票,M2800,,28F,,M2800 金融業,M28F 票券公司
683,,2823.0,中壽,M2800,,28I,,M2800 金融業,M28I 壽險業
684,,2832.0,台產,M2800,,28J,,M2800 金融業,M28J 產險業
685,,2834.0,臺企銀,M2800,,28A,,M2800 金融業,M28A 本國銀行
686,,2836.0,高雄銀,M2800,,28A,,M2800 金融業,M28A 本國銀行
687,,2838.0,聯邦銀,M2800,,28A,,M2800 金融業,M28A 本國銀行
688,,2841.0,台開,M2500,,25B,,M2500 建材營造,M25B 營造
689,,2845.0,遠東銀,M2800,,28A,,M2800 金融業,M28A 本國銀行
690,,2849.0,安泰銀,M2800,,28A,,M2800 金融業,M28A 本國銀行
691,,2850.0,新產,M2800,,28J,,M2800 金融業,M28J 產險業
692,,2851.0,中再保,M2800,,28J,,M2800 金融業,M28J 產險業
693,,2852.0,第一保,M2800,,28J,,M2800 金融業,M28J 產險業
694,,2855.0,統一證,M2800,,30A,,M2800 金融業,M30A 證券
695,,2867.0,三商壽,M2800,,28I,,M2800 金融業,M28I 壽險業
696,,2880.0,華南金,M2800,,28L,,M2800 金融業,M28L 金融控股
697,,2881.0,富邦金,M2800,,28L,,M2800 金融業,M28L 金融控股
698,,2882.0,國泰金,M2800,,28L,,M2800 金融業,M28L 金融控股
699,,2883.0,開發金,M2800,,28L,,M2800 金融業,M28L 金融控股
700,,2884.0,玉山金,M2800,,28L,,M2800 金融業,M28L 金融控股
701,,2885.0,元大金,M2800,,28L,,M2800 金融業,M28L 金融控股
702,,2886.0,兆豐金,M2800,,28L,,M2800 金融業,M28L 金融控股
703,,2887.0,台新金,M2800,,28L,,M2800 金融業,M28L 金融控股
704,,2888.0,新光金,M2800,,28L,,M2800 金融業,M28L 金融控股
705,,2889.0,國票金,M2800,,28L,,M2800 金融業,M28L 金融控股
706,,2890.0,永豐金,M2800,,28L,,M2800 金融業,M28L 金融控股
707,,2891.0,中信金,M2800,,28L,,M2800 金融業,M28L 金融控股
708,,2892.0,第一金,M2800,,28L,,M2800 金融業,M28L 金融控股
709,,2897.0,王道銀行,M2800,,28A,,M2800 金融業,M28A 本國銀行
710,,2901.0,欣欣,M2900,,29A,,M2900 貿易百貨,M29A1 百貨購物中
711,,2903.0,遠百,M2900,,29A,,M2900 貿易百貨,M29A1 百貨購物中
712,,2904.0,匯僑,M9900,,26C,,M9900 其他,M26C 貨運倉儲業
713,,2905.0,三商,M2900,,29A,,M2900 貿易百貨,M29A9 其他零售
714,,2906.0,高林,M2900,,29B,,M2900 貿易百貨,M29B 貿易業
715,,2908.0,特力,M2900,,29B,,M2900 貿易百貨,M29B 貿易業
716,,2910.0,統領,M2900,,29A,,M2900 貿易百貨,M29A1 百貨購物中
717,,2911.0,麗嬰房,M2900,,29A,,M2900 貿易百貨,M29A9 其他零售
718,,2912.0,統一超,M2900,,29A,,M2900 貿易百貨,M29A4 便利商店
719,,2916.0,滿心,M2900,,29A,,M2900 貿易百貨,M29A9 其他零售
720,,2923.0,鼎固-KY,M2500,,25A,,M2500 建材營造,M25A 建設
721,,2924.0,東凌-KY,M2900,,29A,,M2900 貿易百貨,M29A9 其他零售
722,,2926.0,誠品生活,M3200,,29A,,M3200 文化創意業,M29A1 百貨購物中
723,,2928.0,紅馬-KY,M2700,,29A,,M2700 觀光事業,M29A9 其他零售
724,,2929.0,淘帝-KY,M2900,,29A,,M2900 貿易百貨,M29A1 百貨購物中
725,,2936.0,客思達-KY,M2900,,29B,,M2900 貿易百貨,M29B 貿易業
726,,2937.0,集雅社,M2900,,23T,,M2900 貿易百貨,M23T1 3C通路
727,,2939.0,凱羿-KY,M2900,,29B,,M2900 貿易百貨,M29B 貿易業
728,,3002.0,歐格,M2325,,23D,,M2325 電腦及週邊,M23D3 電源供應器
729,,3003.0,健和興,M2328,,23D,,M2328 電子零組件,M23D2 連接器
730,,3004.0,豐達科,M2000,,22B,,M2000 鋼鐵工業,M22B3 航空器製造
731,,3005.0,神基,M2325,,23D,,M2325 電腦及週邊,M23D4 機殼
732,,3006.0,晶豪科,M2324,,23G,,M2324 半導體,M23G5 IC設計
733,,3008.0,大立光,M2326,,23U,,M2326 光電業,M23U1 光學鏡頭
734,,3010.0,華立,M2329,,23T,,M2329 電子通路業,M23T2 零組件代理
735,,3011.0,今皓,M2328,,23D,,M2328 電子零組件,M23D2 連接器
736,,3013.0,晟銘電,M2325,,23D,,M2325 電腦及週邊,M23D4 機殼
737,,3014.0,聯陽,M2324,,23G,,M2324 半導體,M23G5 IC設計
738,,3015.0,全漢,M2328,,23D,,M2328 電子零組件,M23D3 電源供應器
739,,3016.0,嘉晶,M2324,,23G,,M2324 半導體,M23G3C 晶圓材料
740,,3017.0,奇鋐,M2325,,23D,,M2325 電腦及週邊,M23D9B 散熱零組件
741,,3018.0,同開,M2331,,23H,,M2331 其他電子業,M23H1 廠辦機電
742,,3019.0,亞光,M2326,,23U,,M2326 光電業,M23U1 光學鏡頭
743,,3021.0,鴻名,M2328,,23D,,M2328 電子零組件,M23D2 連接器
744,,3022.0,威強電,M2325,,23B,,M2325 電腦及週邊,M23B5B 工業電腦
745,,3023.0,信邦,M2328,,23D,,M2328 電子零組件,M23D2 連接器
746,,3024.0,憶聲,M2326,,15C,,M2326 光電業,M15C1 家電
747,,3025.0,星通,M2327,,23E,,M2327 通信網路業,M23E2 網路卡
748,,3026.0,禾伸堂,M2328,,23D,,M2328 電子零組件,M23D5 被動元件
749,,3027.0,盛達,M2327,,23K,,M2327 通信網路業,M23KX 其他網通
750,,3028.0,增你強,M2329,,23T,,M2329 電子通路業,M23T2 零組件代理
751,,3029.0,零壹,M2330,,23X,,M2330 資訊服務業,M23X9 應用軟體
752,,3030.0,德律,M2331,,23H,,M2331 其他電子業,M23H2 電機設備
753,,3031.0,佰鴻,M2326,,23C,,M2326 光電業,M23C6C 封裝及應用
754,,3032.0,偉訓,M2328,,23D,,M2328 電子零組件,M23D4 機殼
755,,3033.0,威健,M2329,,23T,,M2329 電子通路業,M23T2 零組件代理
756,,3034.0,聯詠,M2324,,23G,,M2324 半導體,M23G5 IC設計
757,,3035.0,智原,M2324,,23G,,M2324 半導體,M23G5 IC設計
758,,3036.0,文曄,M2329,,23T,,M2329 電子通路業,M23T2 零組件代理
759,,3037.0,欣興,M2328,,23B,,M2328 電子零組件,M23B2D 硬板及其他
760,,3038.0,全台,M2326,,23C,,M2326 光電業,M23C8D LCD-其他
761,,3040.0,遠見,M9900,,25F,,M9900 其他,M25F 物業管理
762,,3041.0,揚智,M2324,,23G,,M2324 半導體,M23G5 IC設計
763,,3042.0,晶技,M2328,,23D,,M2328 電子零組件,M23D6 石英元件
764,,3043.0,科風,M2331,,23D,,M2331 其他電子業,M23D3 電源供應器
765,,3044.0,健鼎,M2328,,23B,,M2328 電子零組件,M23B2D 硬板及其他
766,,3045.0,台灣大,M2327,,23K,,M2327 通信網路業,M23K3 電信及IDC
767,,3046.0,建碁,M2325,,23B,,M2325 電腦及週邊,M23B1 主機板
768,,3047.0,訊舟,M2327,,23E,,M2327 通信網路業,M23E1 數據機
769,,3048.0,益登,M2329,,23T,,M2329 電子通路業,M23T2 零組件代理
770,,3049.0,和鑫,M2326,,23C,,M2326 光電業,M23C8E 觸控面板
771,,3050.0,鈺德,M2326,,23C,,M2326 光電業,M23C4A 光碟
772,,3051.0,力特,M2326,,23C,,M2326 光電業,M23C8C LCD 原料
773,,3052.0,夆典,M2500,,25A,,M2500 建材營造,M25A 建設
774,,3054.0,立萬利,M2324,,23C,,M2324 半導體,M23C3 PC週邊
775,,3055.0,蔚華科,M2329,,23H,,M2329 電子通路業,M23H3 設備通路
776,,3056.0,總太,M2500,,25A,,M2500 建材營造,M25A 建設
777,,3057.0,喬鼎,M2325,,23C,,M2325 電腦及週邊,M23C4B 硬碟磁碟
778,,3058.0,立德,M2328,,23D,,M2328 電子零組件,M23D3 電源供應器
779,,3059.0,華晶科,M2326,,23U,,M2326 光電業,M23UZ 消費性電子
780,,3060.0,銘異,M2325,,23C,,M2325 電腦及週邊,M23C4B 硬碟磁碟
781,,3062.0,建漢,M2327,,23E,,M2327 通信網路業,M23E2 網路卡
782,,3064.0,泰偉,M3200,,23B,,M3200 文化創意業,M23B5B 工業電腦
783,,3066.0,李洲,M2326,,23C,,M2326 光電業,M23C6C 封裝及應用
784,,3067.0,全域,M2331,,23U,,M2331 其他電子業,M23U2 聲學產品
785,,3071.0,協禧,M2325,,23D,,M2325 電腦及週邊,M23D9B 散熱零組件
786,,3073.0,天方能源,M2324,,23C,,M2324 半導體,M23C7E 太陽能系統
787,,3078.0,僑威,M2328,,23D,,M2328 電子零組件,M23D3 電源供應器
788,,3081.0,聯亞,M2327,,23G,,M2327 通信網路業,M23G3A 化合物SEMI
789,,3085.0,新零售,M3400,,23K,,M3400 電子商務,M23K4 電商及XaaS
790,,3086.0,華義,M3200,,23X,,M3200 文化創意業,M23X2 遊戲軟體
791,,3088.0,艾訊,M2325,,23B,,M2325 電腦及週邊,M23B5B 工業電腦
792,,3089.0,億杰,M2328,,23D,,M2328 電子零組件,M23D5 被動元件
793,,3090.0,日電貿,M2328,,23T,,M2328 電子零組件,M23T2 零組件代理
794,,3092.0,鴻碩,M2328,,23D,,M2328 電子零組件,M23D2 連接器
795,,3093.0,港建,M2331,,23H,,M2331 其他電子業,M23H3 設備通路
796,,3094.0,聯傑,M2324,,23G,,M2324 半導體,M23G5 IC設計
797,,3095.0,及成,M2327,,23D,,M2327 通信網路業,M23D4 機殼
798,,3105.0,穩懋,M2324,,23G,,M2324 半導體,M23G3A 化合物SEMI
799,,3114.0,好德,M2328,,23T,,M2328 電子零組件,M23T2 零組件代理
800,,3115.0,寶島極,M2328,,23B,,M2328 電子零組件,M23B3X PCB材-其他
801,,3118.0,進階,M1722,,17G,,M1722 生技醫療,M17G 醫療耗材
802,,3122.0,笙泉,M2324,,23G,,M2324 半導體,M23G5 IC設計
803,,3128.0,昇銳,M2326,,23C,,M2326 光電業,M23C9 安全監控
804,,3130.0,一零四,M2330,,23K,,M2330 資訊服務業,M23K4 電商及XaaS
805,,3131.0,弘塑,M2331,,23H,,M2331 其他電子業,M23H2 電機設備
806,,3138.0,耀登,M2327,,23K,,M2327 通信網路業,M23K2 衛星微波
807,,3141.0,晶宏,M2324,,23G,,M2324 半導體,M23G5 IC設計
808,,3144.0,新揚科,M2328,,23B,,M2328 電子零組件,M23B3C FCCL
809,,3147.0,大綜,M2330,,23X,,M2330 資訊服務業,M23X1 系統整合
810,,3149.0,正達,M2326,,23C,,M2326 光電業,M23C8E 觸控面板
811,,3152.0,璟德,M2327,,23D,,M2327 通信網路業,M23D5 被動元件
812,,3162.0,精確,M1500,,15E,,M1500 電機機械,M15E 自行車組件
813,,3163.0,波若威,M2327,,23K,,M2327 通信網路業,M23K6 光元件模組
814,,3164.0,景岳,M1722,,17C,,M1722 生技醫療,M17C2 機能性食品
815,,3167.0,大量,M1500,,23H,,M1500 電機機械,M23H2 電機設備
816,,3169.0,亞信,M2324,,23G,,M2324 半導體,M23G5 IC設計
817,,3171.0,新洲,M2900,,13A,,M2900 貿易百貨,M13A9 膠帶
818,,3176.0,基亞,M1722,,17C,,M1722 生技醫療,M17C1 西藥
819,,3178.0,公準,M1500,,23H,,M1500 電機機械,M23H2 電機設備
820,,3188.0,鑫龍騰,M2324,,25A,,M2324 半導體,M25A 建設
821,,3189.0,景碩,M2324,,23B,,M2324 半導體,M23B2A IC載板
822,,3191.0,和進,M2328,,23D,,M2328 電子零組件,M23D9D 其他零組件
823,,3202.0,樺晟,M2328,,23D,,M2328 電子零組件,M23D2 連接器
824,,3205.0,佰研,M1722,,17C,,M1722 生技醫療,M17C2 機能性食品
825,,3206.0,志豐,M2328,,23U,,M2328 電子零組件,M23U2 聲學產品
826,,3207.0,耀勝,M2328,,23D,,M2328 電子零組件,M23D3 電源供應器
827,,3209.0,全科,M2329,,23T,,M2329 電子通路業,M23T2 零組件代理
828,,3211.0,順達,M2325,,23D,,M2325 電腦及週邊,M23D7 二次電池
829,,3213.0,茂訊,M2325,,23A,,M2325 電腦及週邊,M23A2 泛用電腦
830,,3217.0,優群,M2328,,23D,,M2328 電子零組件,M23D2 連接器
831,,3218.0,大學光,M1722,,17G,,M1722 生技醫療,M17G 醫療耗材
832,,3219.0,倚強科技,M2331,,23Z,,M2331 其他電子業,M23Z 其他電子
833,,3221.0,台嘉碩,M2327,,23D,,M2327 通信網路業,M23D6 石英元件
834,,3224.0,三顧,M2329,,23T,,M2329 電子通路業,M23T2 零組件代理
835,,3226.0,至寶電,M1500,,15D,,M1500 電機機械,M15D 汽車組件
836,,3227.0,原相,M2324,,23G,,M2324 半導體,M23G5 IC設計
837,,3228.0,金麗科,M2324,,23G,,M2324 半導體,M23G5 IC設計
838,,3229.0,晟鈦,M2328,,23B,,M2328 電子零組件,M23B2D 硬板及其他
839,,3230.0,錦明,M2326,,23D,,M2326 光電業,M23D4 機殼
840,,3231.0,緯創,M2325,,23A,,M2325 電腦及週邊,M23A1 EMS
841,,3232.0,昱捷,M2329,,23T,,M2329 電子通路業,M23T2 零組件代理
842,,3234.0,光環,M2327,,23K,,M2327 通信網路業,M23K6 光元件模組
843,,3236.0,千如,M2328,,23D,,M2328 電子零組件,M23D5 被動元件
844,,3252.0,海灣,M2700,,27A,,M2700 觀光事業,M27A1 飯店業
845,,3257.0,虹冠電,M2324,,23G,,M2324 半導體,M23G5 IC設計
846,,3259.0,鑫創,M2324,,23G,,M2324 半導體,M23G5 IC設計
847,,3260.0,威剛,M2324,,23G,,M2324 半導體,M23G3B 記憶體模組
848,,3264.0,欣銓,M2324,,23G,,M2324 半導體,M23G2 IC封測
849,,3265.0,台星科,M2324,,23G,,M2324 半導體,M23G2 IC封測
850,,3266.0,昇陽,M2500,,25A,,M2500 建材營造,M25A 建設
851,,3268.0,海德威,M2324,,23G,,M2324 半導體,M23G5 IC設計
852,,3272.0,東碩,M2325,,23C,,M2325 電腦及週邊,M23C3 PC週邊
853,,3276.0,宇環,M2328,,23B,,M2328 電子零組件,M23B2C 軟板
854,,3284.0,太普高,M9900,,99C,,M9900 其他,M99C 印刷
855,,3285.0,微端,M2331,,23U,,M2331 其他電子業,M23U2 聲學產品
856,,3287.0,廣寰科,M2325,,23B,,M2325 電腦及週邊,M23B4B 電視卡
857,,3288.0,點晶,M2328,,23G,,M2328 電子零組件,M23G5 IC設計
858,,3289.0,宜特,M2331,,23Z,,M2331 其他電子業,M23Z 其他電子
859,,3290.0,東浦,M2328,,23D,,M2328 電子零組件,M23D9D 其他零組件
860,,3293.0,鈊象,M3200,,23X,,M3200 文化創意業,M23X2 遊戲軟體
861,,3294.0,英濟,M2328,,23D,,M2328 電子零組件,M23D4 機殼
862,,3296.0,勝德,M2328,,23D,,M2328 電子零組件,M23D3 電源供應器
863,,3297.0,杭特,M2326,,23C,,M2326 光電業,M23C9 安全監控
864,,3303.0,岱稜,M2331,,13A,,M2331 其他電子業,M13A8 塑膠加工
865,,3305.0,昇貿,M2331,,23B,,M2331 其他電子業,M23B3X PCB材-其他
866,,3306.0,鼎天,M2327,,23K,,M2327 通信網路業,M23K5 導航定位
867,,3308.0,聯德,M2328,,23D,,M2328 電子零組件,M23D3 電源供應器
868,,3310.0,佳穎,M2328,,23D,,M2328 電子零組件,M23D9A 沖壓零組件
869,,3311.0,閎暉,M2327,,23D,,M2327 通信網路業,M23D9A 沖壓零組件
870,,3312.0,弘憶股,M2329,,23T,,M2329 電子通路業,M23T2 零組件代理
871,,3313.0,斐成,M9900,,12B,,M9900 其他,M12B 油脂飼料
872,,3317.0,尼克森,M2324,,23G,,M2324 半導體,M23G5 IC設計
873,,3321.0,同泰,M2328,,23B,,M2328 電子零組件,M23B2C 軟板
874,,3322.0,建舜電,M2328,,23D,,M2328 電子零組件,M23D2 連接器
875,,3323.0,加百裕,M2325,,23D,,M2325 電腦及週邊,M23D7 二次電池
876,,3324.0,雙鴻,M2331,,23D,,M2331 其他電子業,M23D9B 散熱零組件
877,,3325.0,旭品,M2325,,23D,,M2325 電腦及週邊,M23D4 機殼
878,,3332.0,幸康,M2328,,23D,,M2328 電子零組件,M23D3 電源供應器
879,,3338.0,泰碩,M2328,,23D,,M2328 電子零組件,M23D9B 散熱零組件
880,,3339.0,泰谷,M2326,,23C,,M2326 光電業,M23C6B 磊晶及晶粒
881,,3346.0,麗清,M2200,,23C,,M2200 汽車工業,M23C6C 封裝及應用
882,,3354.0,律勝,M2328,,23B,,M2328 電子零組件,M23B3C FCCL
883,,3356.0,奇偶,M2326,,23C,,M2326 光電業,M23C9 安全監控
884,,3357.0,臺慶科,M2328,,23D,,M2328 電子零組件,M23D5 被動元件
885,,3360.0,尚立,M2329,,23T,,M2329 電子通路業,M23T2 零組件代理
886,,3362.0,先進光,M2326,,23U,,M2326 光電業,M23U1 光學鏡頭
887,,3363.0,上詮,M2327,,23K,,M2327 通信網路業,M23K6 光元件模組
888,,3372.0,典範,M2324,,23G,,M2324 半導體,M23G2 IC封測
889,,3373.0,熱映,M2331,,17G,,M2331 其他電子業,M17G 醫療耗材
890,,3374.0,精材,M2324,,23G,,M2324 半導體,M23G2 IC封測
891,,3376.0,新日興,M2328,,23D,,M2328 電子零組件,M23D9A 沖壓零組件
892,,3379.0,彬台,M1500,,15Z,,M1500 電機機械,M15Z 其他電製品
893,,3380.0,明泰,M2327,,23E,,M2327 通信網路業,M23E2 網路卡
894,,3383.0,新世紀,M2326,,23C,,M2326 光電業,M23C6B 磊晶及晶粒
895,,3388.0,崇越電,M2328,,23T,,M2328 電子零組件,M23T2 零組件代理
896,,3390.0,旭軟,M2328,,23B,,M2328 電子零組件,M23B2C 軟板
897,,3402.0,漢科,M2331,,23H,,M2331 其他電子業,M23H1 廠辦機電
898,,3406.0,玉晶光,M2326,,23U,,M2326 光電業,M23U1 光學鏡頭
899,,3413.0,京鼎,M2324,,23H,,M2324 半導體,M23H2 電機設備
900,,3416.0,融程電,M2325,,23B,,M2325 電腦及週邊,M23B5B 工業電腦
901,,3419.0,譁裕,M2327,,23K,,M2327 通信網路業,M23K2 衛星微波
902,,3426.0,台興,M1500,,15Z,,M1500 電機機械,M15Z 其他電製品
903,,3432.0,台端,M2328,,23D,,M2328 電子零組件,M23D2 連接器
904,,3434.0,哲固,M2326,,23C,,M2326 光電業,M23C1 顯示器
905,,3437.0,榮創,M2326,,23C,,M2326 光電業,M23C6C 封裝及應用
906,,3438.0,類比科,M2324,,23G,,M2324 半導體,M23G5 IC設計
907,,3441.0,聯一光電,M2326,,23U,,M2326 光電業,M23U1 光學鏡頭
908,,3443.0,創意,M2324,,23G,,M2324 半導體,M23G5 IC設計
909,,3444.0,利機,M2329,,23T,,M2329 電子通路業,M23T2 零組件代理
910,,3450.0,聯鈞,M2324,,23K,,M2324 半導體,M23K6 光元件模組
911,,3454.0,晶睿,M2326,,23C,,M2326 光電業,M23C9 安全監控
912,,3455.0,由田,M2326,,23H,,M2326 光電業,M23H2 電機設備
913,,3465.0,進泰電子,M2328,,23U,,M2328 電子零組件,M23U2 聲學產品
914,,3466.0,致振,M2327,,23K,,M2327 通信網路業,M23K2 衛星微波
915,,3479.0,安勤,M2325,,23B,,M2325 電腦及週邊,M23B5B 工業電腦
916,,3481.0,群創,M2326,,23C,,M2326 光電業,M23C8A LCD 面板
917,,3483.0,力致,M2325,,23D,,M2325 電腦及週邊,M23D9B 散熱零組件
918,,3484.0,崧騰,M2328,,23D,,M2328 電子零組件,M23D2 連接器
919,,3489.0,森寶,M2500,,25A,,M2500 建材營造,M25A 建設
920,,3490.0,單井,M2326,,23H,,M2326 光電業,M23H2 電機設備
921,,3491.0,昇達科,M2327,,23K,,M2327 通信網路業,M23K2 衛星微波
922,,3492.0,長盛,M2328,,23D,,M2328 電子零組件,M23D2 連接器
923,,3494.0,誠研,M2325,,23T,,M2325 電腦及週邊,M23T1 3C通路
924,,3498.0,陽程,M2331,,23H,,M2331 其他電子業,M23H2 電機設備
925,,3499.0,環天科,M2327,,23K,,M2327 通信網路業,M23K5 導航定位
926,,3501.0,維熹,M2328,,23D,,M2328 電子零組件,M23D2 連接器
927,,3504.0,揚明光,M2326,,23C,,M2326 光電業,M23CZ1 投影裝置
928,,3508.0,位速,M2331,,23D,,M2331 其他電子業,M23D4 機殼
929,,3511.0,矽瑪,M2328,,23D,,M2328 電子零組件,M23D2 連接器
930,,3512.0,皇龍,M2328,,25A,,M2328 電子零組件,M25A 建設
931,,3515.0,華擎,M2325,,23B,,M2325 電腦及週邊,M23B1 主機板
932,,3516.0,亞帝歐,M2326,,15C,,M2326 光電業,M15C4 照明
933,,3518.0,柏騰,M2331,,23H,,M2331 其他電子業,M23H2 電機設備
934,,3520.0,華盈電子,M2328,,23D,,M2328 電子零組件,M23D2 連接器
935,,3521.0,鴻翊,M2325,,23B,,M2325 電腦及週邊,M23B5A POS
936,,3522.0,御頂,M2700,,27A,,M2700 觀光事業,M27A2 餐飲業
937,,3523.0,迎輝,M2326,,23C,,M2326 光電業,M23C8C LCD 原料
938,,3526.0,凡甲,M2328,,23D,,M2328 電子零組件,M23D2 連接器
939,,3527.0,聚積,M2324,,23G,,M2324 半導體,M23G5 IC設計
940,,3528.0,安馳,M2329,,23T,,M2329 電子通路業,M23T2 零組件代理
941,,3529.0,力旺,M2324,,23G,,M2324 半導體,M23G5 IC設計
942,,3530.0,晶相光,M2324,,23G,,M2324 半導體,M23G5 IC設計
943,,3531.0,先益,M2326,,23C,,M2326 光電業,M23C8B 背光模組
944,,3532.0,台勝科,M2324,,23G,,M2324 半導體,M23G3C 晶圓材料
945,,3533.0,嘉澤,M2328,,23D,,M2328 電子零組件,M23D2 連接器
946,,3535.0,晶彩科,M2326,,23H,,M2326 光電業,M23H2 電機設備
947,,3536.0,誠創,M2324,,23D,,M2324 半導體,M23D1 整流二極體
948,,3537.0,堡達,M2328,,23T,,M2328 電子零組件,M23T2 零組件代理
949,,3540.0,曜越,M2325,,23D,,M2325 電腦及週邊,M23D4 機殼
950,,3541.0,西柏,M2331,,23C,,M2331 其他電子業,M23C3 PC週邊
951,,3543.0,州巧,M2326,,23D,,M2326 光電業,M23D9A 沖壓零組件
952,,3545.0,敦泰,M2324,,23G,,M2324 半導體,M23G5 IC設計
953,,3548.0,兆利,M2328,,23D,,M2328 電子零組件,M23D9A 沖壓零組件
954,,3550.0,聯穎,M2328,,23D,,M2328 電子零組件,M23D2 連接器
955,,3551.0,世禾,M2331,,23H,,M2331 其他電子業,M23H2 電機設備
956,,3552.0,同致,M2331,,15D,,M2331 其他電子業,M15D 汽車組件
957,,3555.0,重鵬,M2324,,17C,,M2324 半導體,M17C2 機能性食品
958,,3556.0,禾瑞亞,M2324,,23G,,M2324 半導體,M23G5 IC設計
959,,3557.0,嘉威,M9900,,99B,,M9900 其他,M99B 五金及家具
960,,3558.0,神準,M2327,,23E,,M2327 通信網路業,M23E1 數據機
961,,3563.0,牧德,M2326,,23H,,M2326 光電業,M23H2 電機設備
962,,3564.0,其陽,M2327,,23B,,M2327 通信網路業,M23B5B 工業電腦
963,,3567.0,逸昌,M2324,,23G,,M2324 半導體,M23G2 IC封測
964,,3570.0,大塚,M2330,,23X,,M2330 資訊服務業,M23X9 應用軟體
965,,3576.0,聯合再生,M2326,,23C,,M2326 光電業,M23C7C 太陽能電池
966,,3577.0,泓格,M2325,,23B,,M2325 電腦及週邊,M23B5B 工業電腦
967,,3580.0,友威科,M2331,,23H,,M2331 其他電子業,M23H2 電機設備
968,,3581.0,博磊,M2324,,23H,,M2324 半導體,M23H2 電機設備
969,,3583.0,辛耘,M2324,,23H,,M2324 半導體,M23H2 電機設備
970,,3587.0,閎康,M2331,,23Z,,M2331 其他電子業,M23Z 其他電子
971,,3588.0,通嘉,M2324,,23G,,M2324 半導體,M23G5 IC設計
972,,3591.0,艾笛森,M2326,,23C,,M2326 光電業,M23C6C 封裝及應用
973,,3593.0,力銘,M2328,,23D,,M2328 電子零組件,M23D4 機殼
974,,3594.0,磐儀,M2325,,23B,,M2325 電腦及週邊,M23B5B 工業電腦
975,,3596.0,智易,M2327,,23E,,M2327 通信網路業,M23E1 數據機
976,,3597.0,映興,M2328,,23D,,M2328 電子零組件,M23D2 連接器
977,,3605.0,宏致,M2328,,23D,,M2328 電子零組件,M23D2 連接器
978,,3607.0,谷崧,M2328,,23D,,M2328 電子零組件,M23D4 機殼
979,,3609.0,東林,M2328,,15C,,M2328 電子零組件,M15C4 照明
980,,3611.0,鼎翰,M2325,,23B,,M2325 電腦及週邊,M23B5A POS
981,,3615.0,安可,M2326,,23C,,M2326 光電業,M23C8E 觸控面板
982,,3617.0,碩天,M2331,,23D,,M2331 其他電子業,M23D3 電源供應器
983,,3622.0,洋華,M2326,,23C,,M2326 光電業,M23C8E 觸控面板
984,,3623.0,富晶通,M2326,,23C,,M2326 光電業,M23C8E 觸控面板
985,,3624.0,光頡,M2328,,23D,,M2328 電子零組件,M23D5 被動元件
986,,3625.0,西勝,M2325,,23D,,M2325 電腦及週邊,M23D7 二次電池
987,,3628.0,盈正,M2331,,23D,,M2331 其他電子業,M23D3 電源供應器
988,,3629.0,地心引力,M3200,,23X,,M3200 文化創意業,M23X2 遊戲軟體
989,,3630.0,新鉅科,M2326,,23U,,M2326 光電業,M23U1 光學鏡頭
990,,3631.0,晟楠,M2328,,23B,,M2328 電子零組件,M23B3X PCB材-其他
991,,3632.0,研勤,M2327,,23K,,M2327 通信網路業,M23K5 導航定位
992,,3642.0,駿熠電,M2331,,23C,,M2331 其他電子業,M23C3 PC週邊
993,,3645.0,達邁,M2328,,23B,,M2328 電子零組件,M23B2C 軟板
994,,3646.0,艾恩特,M2328,,23D,,M2328 電子零組件,M23D2 連接器
995,,3652.0,精聯,M2325,,23B,,M2325 電腦及週邊,M23B5A POS
996,,3653.0,健策,M2328,,23D,,M2328 電子零組件,M23D9B 散熱零組件
997,,3661.0,世芯-KY,M2324,,23G,,M2324 半導體,M23G5 IC設計
998,,3663.0,鑫科,M2331,,99L,,M2331 其他電子業,M99L1 貴金屬回收
999,,3664.0,安瑞-KY,M2327,,23E,,M2327 通信網路業,M23E1 數據機
1000,,3665.0,貿聯-KY,M2331,,23D,,M2331 其他電子業,M23D2 連接器
1001,,3666.0,光耀,M2326,,23C,,M2326 光電業,M23C8C LCD 原料
1002,,3669.0,圓展,M2327,,23C,,M2327 通信網路業,M23CZ2 其他顯示
1003,,3672.0,康聯訊,M2327,,23K,,M2327 通信網路業,M23K6 光元件模組
1004,,3673.0,TPK-KY,M2326,,23C,,M2326 光電業,M23C8E 觸控面板
1005,,3675.0,德微,M2324,,23D,,M2324 半導體,M23D1 整流二極體
1006,,3679.0,新至陞,M2328,,23D,,M2328 電子零組件,M23D9A 沖壓零組件
1007,,3680.0,家登,M2324,,23H,,M2324 半導體,M23H2 電機設備
1008,,3682.0,亞太電,M2327,,23K,,M2327 通信網路業,M23K3 電信及IDC
1009,,3684.0,榮昌,M2327,,23K,,M2327 通信網路業,M23K2 衛星微波
1010,,3685.0,元創精密,M1500,,15D,,M1500 電機機械,M15D 汽車組件
1011,,3686.0,達能,M2324,,23C,,M2324 半導體,M23C7B 太陽能晶圓
1012,,3687.0,歐買尬,M3400,,23X,,M3400 電子商務,M23X2 遊戲軟體
1013,,3689.0,湧德,M2328,,23D,,M2328 電子零組件,M23D2 連接器
1014,,3691.0,碩禾,M2326,,23C,,M2326 光電業,M23C7F 其他太陽能
1015,,3693.0,營邦,M2325,,23D,,M2325 電腦及週邊,M23D4 機殼
1016,,3694.0,海華,M2327,,23K,,M2327 通信網路業,M23K2 衛星微波
1017,,3701.0,大眾控,M2325,,23A,,M2325 電腦及週邊,M23A1 EMS
1018,,3702.0,大聯大,M2329,,23T,,M2329 電子通路業,M23T2 零組件代理
1019,,3703.0,欣陸,M2500,,25B,,M2500 建材營造,M25B 營造
1020,,3704.0,合勤控,M2327,,23E,,M2327 通信網路業,M23E1 數據機
1021,,3705.0,永信,M1722,,17C,,M1722 生技醫療,M17C1 西藥
1022,,3706.0,神達,M2325,,23A,,M2325 電腦及週邊,M23A1 EMS
1023,,3707.0,漢磊,M2324,,23G,,M2324 半導體,M23G1A 晶圓代工
1024,,3708.0,上緯投控,M1721,,17F,,M1721 化學工業,M17F 樹脂
1025,,3709.0,鑫聯大投控,M2325,,23T,,M2325 電腦及週邊,M23T1 3C通路
1026,,3710.0,連展投控,M2328,,23D,,M2328 電子零組件,M23D2 連接器
1027,,3711.0,日月光投控,M2324,,23G,,M2324 半導體,M23G2 IC封測
1028,,3712.0,永崴投控,M2325,,23C,,M2325 電腦及週邊,M23C2 影像掃描
1029,,3713.0,新晶投控,M2326,,23C,,M2326 光電業,M23C7E 太陽能系統
1030,,3714.0,富采,M2326,,23C,,M2326 光電業,M23C6B 磊晶及晶粒
1031,,4102.0,永日,M1722,,17C,,M1722 生技醫療,M17C1 西藥
1032,,4104.0,佳醫,M1722,,17G,,M1722 生技醫療,M17G 醫療耗材
1033,,4105.0,東洋,M1722,,17C,,M1722 生技醫療,M17C1 西藥
1034,,4106.0,雃博,M1722,,17G,,M1722 生技醫療,M17G 醫療耗材
1035,,4107.0,邦特,M1722,,17G,,M1722 生技醫療,M17G 醫療耗材
1036,,4108.0,懷特,M1722,,17C,,M1722 生技醫療,M17C1 西藥
1037,,4109.0,加捷生醫,M1722,,17C,,M1722 生技醫療,M17C2 機能性食品
1038,,4111.0,濟生,M1722,,17C,,M1722 生技醫療,M17C1 西藥
1039,,4113.0,聯上,M2500,,25A,,M2500 建材營造,M25A 建設
1040,,4114.0,健喬,M1722,,17C,,M1722 生技醫療,M17C1 西藥
1041,,4116.0,明基醫,M1722,,17G,,M1722 生技醫療,M17G 醫療耗材
1042,,4119.0,旭富,M1722,,17C,,M1722 生技醫療,M17C1 西藥
1043,,4120.0,友華,M1722,,17C,,M1722 生技醫療,M17C1 西藥
1044,,4121.0,優盛,M1722,,17X,,M1722 生技醫療,M17X 藥局
1045,,4123.0,晟德,M1722,,17C,,M1722 生技醫療,M17C1 西藥
1046,,4126.0,太醫,M1722,,17G,,M1722 生技醫療,M17G 醫療耗材
1047,,4127.0,天良,M1722,,17C,,M1722 生技醫療,M17C2 機能性食品
1048,,4128.0,中天,M1722,,17C,,M1722 生技醫療,M17C1 西藥
1049,,4129.0,聯合,M1722,,17G,,M1722 生技醫療,M17G 醫療耗材
1050,,4130.0,健亞,M1722,,17C,,M1722 生技醫療,M17C1 西藥
1051,,4131.0,晶宇,M1722,,17G,,M1722 生技醫療,M17G 醫療耗材
1052,,4133.0,亞諾法,M1722,,17G,,M1722 生技醫療,M17G 醫療耗材
1053,,4137.0,麗豐-KY,M1722,,17Z,,M1722 生技醫療,M17Z 其他化學
1054,,4138.0,曜亞,M1722,,17G,,M1722 生技醫療,M17G 醫療耗材
1055,,4139.0,馬光-KY,M1722,,17H,,M1722 生技醫療,M17H 生物科技
1056,,4141.0,龍燈-KY,M1722,,17C,,M1722 生技醫療,M17C3 農藥肥料
1057,,4142.0,國光生,M1722,,17C,,M1722 生技醫療,M17C1 西藥
1058,,4147.0,中裕,M1722,,17C,,M1722 生技醫療,M17C1 西藥
1059,,4148.0,全宇生技-KY,M1722,,17C,,M1722 生技醫療,M17C3 農藥肥料
1060,,4152.0,台微體,M1722,,17C,,M1722 生技醫療,M17C1 西藥
1061,,4153.0,鈺緯,M1722,,23C,,M1722 生技醫療,M23C1 顯示器
1062,,4154.0,康樂-KY,M1722,,17C,,M1722 生技醫療,M17C2 機能性食品
1063,,4155.0,訊映,M1722,,17G,,M1722 生技醫療,M17G 醫療耗材
1064,,4157.0,太景*-KY,M1722,,17C,,M1722 生技醫療,M17C1 西藥
1065,,4160.0,創源,M1722,,17G,,M1722 生技醫療,M17G 醫療耗材
1066,,4161.0,聿新科,M1722,,17G,,M1722 生技醫療,M17G 醫療耗材
1067,,4162.0,智擎,M1722,,17C,,M1722 生技醫療,M17C1 西藥
1068,,4163.0,鐿鈦,M1722,,17G,,M1722 生技醫療,M17G 醫療耗材
1069,,4164.0,承業醫,M1722,,17G,,M1722 生技醫療,M17G 醫療耗材
1070,,4167.0,松瑞藥,M1722,,17C,,M1722 生技醫療,M17C1 西藥
1071,,4168.0,醣聯,M1722,,17C,,M1722 生技醫療,M17C1 西藥
1072,,4173.0,久裕,M1722,,17C,,M1722 生技醫療,M17C1 西藥
1073,,4174.0,浩鼎,M1722,,17C,,M1722 生技醫療,M17C1 西藥
1074,,4175.0,杏一,M1722,,17X,,M1722 生技醫療,M17X 藥局
1075,,4183.0,福永生技,M1722,,17G,,M1722 生技醫療,M17G 醫療耗材
1076,,4188.0,安克,M1722,,17G,,M1722 生技醫療,M17G 醫療耗材
1077,,4190.0,佐登-KY,M1722,,17Z,,M1722 生技醫療,M17Z 其他化學
1078,,4192.0,杏國,M1722,,17C,,M1722 生技醫療,M17C1 西藥
1079,,4198.0,欣大健康,M1722,,17G,,M1722 生技醫療,M17G 醫療耗材
1080,,4205.0,中華食,M1200,,12Z,,M1200 食品工業,M12Z 其他食品
1081,,4207.0,環泰,M1200,,12Z,,M1200 食品工業,M12Z 其他食品
1082,,4303.0,信立,M1300,,13A,,M1300 塑膠工業,M13A6 合成皮
1083,,4304.0,勝昱,M1300,,13A,,M1300 塑膠工業,M13A8 塑膠加工
1084,,4305.0,世坤,M1300,,13A,,M1300 塑膠工業,M13A8 塑膠加工
1085,,4401.0,東隆興,M1400,,14A,,M1400 紡織纖維,M14A7 尼龍絲
1086,,4402.0,福大,M1400,,14A,,M1400 紡織纖維,M14A7 尼龍絲
1087,,4406.0,新昕纖,M1400,,14A,,M1400 紡織纖維,M14A2 加工絲
1088,,4413.0,飛寶企業,M1400,,14C,,M1400 紡織纖維,M14C2 織布
1089,,4414.0,如興,M1400,,14C,,M1400 紡織纖維,M14C1 成衣製造
1090,,4416.0,三圓,M2500,,25A,,M2500 建材營造,M25A 建設
1091,,4417.0,金洲,M1400,,14Z,,M1400 紡織纖維,M14Z 其他紡織
1092,,4419.0,元勝,M1400,,27A,,M1400 紡織纖維,M27A2 餐飲業
1093,,4420.0,光明,M1400,,14C,,M1400 紡織纖維,M14C2 織布
1094,,4426.0,利勤,M1400,,14C,,M1400 紡織纖維,M14C2 織布
1095,,4429.0,聚紡,M1400,,14C,,M1400 紡織纖維,M14C2 織布
1096,,4430.0,耀億,M9900,,14Z,,M9900 其他,M14Z 其他紡織
1097,,4432.0,銘旺實,M1400,,14C,,M1400 紡織纖維,M14C1 成衣製造
1098,,4433.0,興采,M1400,,14C,,M1400 紡織纖維,M14C2 織布
1099,,4438.0,廣越,M1400,,14C,,M1400 紡織纖維,M14C1 成衣製造
1100,,4439.0,冠星-KY,M1400,,14C,,M1400 紡織纖維,M14C2 織布
1101,,4502.0,健信,M1500,,15D,,M1500 電機機械,M15D 汽車組件
1102,,4503.0,金雨,M1500,,15Z,,M1500 電機機械,M15Z 其他電製品
1103,,4506.0,崇友,M1500,,15B,,M1500 電機機械,M15B1 電機
1104,,4510.0,高鋒,M1500,,15A,,M1500 電機機械,M15A1 工具機
1105,,4513.0,福裕,M1500,,15A,,M1500 電機機械,M15A1 工具機
1106,,4523.0,永彰,M1500,,15D,,M1500 電機機械,M15D 汽車組件
1107,,4526.0,東台,M1500,,15A,,M1500 電機機械,M15A1 工具機
1108,,4527.0,方土霖,M1500,,15C,,M1500 電機機械,M15C2 空調冷凍
1109,,4528.0,江興鍛,M1500,,15D,,M1500 電機機械,M15D 汽車組件
1110,,4529.0,淳紳,M9900,,22A,,M9900 其他,M22A 汽車製造
1111,,4530.0,宏易,M1500,,23K,,M1500 電機機械,M23KX 其他網通
1112,,4532.0,瑞智,M1500,,15C,,M1500 電機機械,M15C1 家電
1113,,4533.0,協易機,M1500,,15A,,M1500 電機機械,M15A1 工具機
1114,,4534.0,慶騰,M1500,,15A,,M1500 電機機械,M15A1 工具機
1115,,4535.0,至興,M1500,,15D,,M1500 電機機械,M15D 汽車組件
1116,,4536.0,拓凱,M9900,,99Z,,M9900 其他,M99ZC 其他製造業
1117,,4538.0,大詠城,M1500,,15A,,M1500 電機機械,M15A2 模具零件
1118,,4540.0,全球傳動,M1500,,15A,,M1500 電機機械,M15A2 模具零件
1119,,4541.0,晟田,M9900,,22B,,M9900 其他,M22B3 航空器製造
1120,,4542.0,科嶠,M2328,,23H,,M2328 電子零組件,M23H2 電機設備
1121,,4543.0,萬在,M1500,,15D,,M1500 電機機械,M15D 汽車組件
1122,,4545.0,銘鈺,M2328,,23D,,M2328 電子零組件,M23D9A 沖壓零組件
1123,,4549.0,桓達,M1500,,15H,,M1500 電機機械,M15H 儀器設備
1124,,4550.0,長佳,M1500,,15B,,M1500 電機機械,M15B2 機電工程
1125,,4551.0,智伸科,M2200,,15D,,M2200 汽車工業,M15D 汽車組件
1126,,4552.0,力達-KY,M1500,,15C,,M1500 電機機械,M15C1 家電
1127,,4554.0,橙的,M2331,,15D,,M2331 其他電子業,M15D 汽車組件
1128,,4555.0,氣立,M1500,,15A,,M1500 電機機械,M15A2 模具零件
1129,,4556.0,旭然,M9900,,15Z,,M9900 其他,M15Z 其他電製品
1130,,4557.0,永新-KY,M2200,,15D,,M2200 汽車工業,M15D 汽車組件
1131,,4560.0,強信-KY,M1500,,15A,,M1500 電機機械,M15A3 紡織工具機
1132,,4561.0,健椿,M1500,,15A,,M1500 電機機械,M15A2 模具零件
1133,,4562.0,穎漢,M1500,,15A,,M1500 電機機械,M15A1 工具機
1134,,4563.0,百德,M1500,,15A,,M1500 電機機械,M15A1 工具機
1135,,4564.0,元翎,M1500,,20B,,M1500 電機機械,M20B 金屬製品
1136,,4566.0,時碩工業,M1500,,15D,,M1500 電機機械,M15D 汽車組件
1137,,4568.0,科際精密,M1500,,15Z,,M1500 電機機械,M15Z 其他電製品
1138,,4571.0,鈞興-KY,M1500,,15D,,M1500 電機機械,M15D 汽車組件
1139,,4572.0,駐龍,M1500,,22B,,M1500 電機機械,M22B3 航空器製造
1140,,4576.0,大銀微系統,M1500,,15A,,M1500 電機機械,M15A2 模具零件
1141,,4580.0,捷流閥業,M1500,,15Z,,M1500 電機機械,M15Z 其他電製品
1142,,4581.0,光隆精密-KY,M2200,,15D,,M2200 汽車工業,M15D 汽車組件
1143,,4609.0,唐鋒,M1600,,15C,,M1600 電器電纜,M15C1 家電
1144,,4702.0,中美實,M1721,,17B,,M1721 化學工業,M17B 染料及顏料
1145,,4706.0,大恭,M1721,,17B,,M1721 化學工業,M17B 染料及顏料
1146,,4707.0,磐亞,M1721,,17E,,M1721 化學工業,M17E1 清潔劑原料
1147,,4711.0,永純,M1721,,17F,,M1721 化學工業,M17F 樹脂
1148,,4712.0,南璋,M1200,,99Z,,M1200 食品工業,M99ZA3 漁業
1149,,4714.0,永捷,M1721,,17F,,M1721 化學工業,M17F 樹脂
1150,,4716.0,大立,M1721,,17F,,M1721 化學工業,M17F 樹脂
1151,,4720.0,德淵,M1721,,17F,,M1721 化學工業,M17F 樹脂
1152,,4721.0,美琪瑪,M1721,,17Z,,M1721 化學工業,M17Z 其他化學
1153,,4722.0,國精化,M1721,,17F,,M1721 化學工業,M17F 樹脂
1154,,4726.0,永昕,M1722,,17C,,M1722 生技醫療,M17C1 西藥
1155,,4728.0,雙美,M1722,,17G,,M1722 生技醫療,M17G 醫療耗材
1156,,4729.0,熒茂,M2326,,23C,,M2326 光電業,M23C8E 觸控面板
1157,,4735.0,豪展,M1722,,17G,,M1722 生技醫療,M17G 醫療耗材
1158,,4736.0,泰博,M1722,,17G,,M1722 生技醫療,M17G 醫療耗材
1159,,4737.0,華廣,M1722,,17G,,M1722 生技醫療,M17G 醫療耗材
1160,,4739.0,康普,M1721,,17Z,,M1721 化學工業,M17Z 其他化學
1161,,4741.0,泓瀚,M1721,,17B,,M1721 化學工業,M17B 染料及顏料
1162,,4743.0,合一,M1722,,17C,,M1722 生技醫療,M17C1 西藥
1163,,4744.0,皇將,M1722,,15H,,M1722 生技醫療,M15H 儀器設備
1164,,4745.0,合富-KY,M1722,,17G,,M1722 生技醫療,M17G 醫療耗材
1165,,4746.0,台耀,M1722,,17C,,M1722 生技醫療,M17C1 西藥
1166,,4747.0,強生,M1722,,17C,,M1722 生技醫療,M17C1 西藥
1167,,4754.0,國碳科,M1721,,17Z,,M1721 化學工業,M17Z 其他化學
1168,,4755.0,三福化,M1721,,17Z,,M1721 化學工業,M17Z 其他化學
1169,,4760.0,勤凱,M2331,,23D,,M2331 其他電子業,M23D5 被動元件
1170,,4763.0,材料-KY,M1721,,17Z,,M1721 化學工業,M17Z 其他化學
1171,,4764.0,雙鍵,M1721,,17Z,,M1721 化學工業,M17Z 其他化學
1172,,4766.0,南寶,M1721,,17F,,M1721 化學工業,M17F 樹脂
1173,,4767.0,誠泰科技,M1721,,17F,,M1721 化學工業,M17F 樹脂
1174,,4803.0,VHQ-KY,M3200,,99H,,M3200 文化創意業,M99H 電視廣播
1175,,4804.0,大略-KY,M2700,,27A,,M2700 觀光事業,M27A2 餐飲業
1176,,4806.0,昇華,M3200,,99H,,M3200 文化創意業,M99H 電視廣播
1177,,4807.0,日成-KY,M2900,,99Z,,M2900 貿易百貨,M99ZC 其他製造業
1178,,4903.0,聯光通,M2327,,23K,,M2327 通信網路業,M23K6 光元件模組
1179,,4904.0,遠傳,M2327,,23K,,M2327 通信網路業,M23K3 電信及IDC
1180,,4905.0,台聯電,M2327,,23K,,M2327 通信網路業,M23KX 其他網通
1181,,4906.0,正文,M2327,,23E,,M2327 通信網路業,M23E2 網路卡
1182,,4907.0,富宇,M2500,,25A,,M2500 建材營造,M25A 建設
1183,,4908.0,前鼎,M2327,,23K,,M2327 通信網路業,M23K6 光元件模組
1184,,4909.0,新復興,M2327,,23B,,M2327 通信網路業,M23B2D 硬板及其他
1185,,4911.0,德英,M1722,,17C,,M1722 生技醫療,M17C1 西藥
1186,,4912.0,聯德控股-KY,M2328,,23D,,M2328 電子零組件,M23D9A 沖壓零組件
1187,,4915.0,致伸,M2328,,23C,,M2328 電子零組件,M23C3 PC週邊
1188,,4916.0,事欣科,M2325,,23B,,M2325 電腦及週邊,M23B5B 工業電腦
1189,,4919.0,新唐,M2324,,23G,,M2324 半導體,M23G5 IC設計
1190,,4924.0,欣厚-KY,M2325,,23C,,M2325 電腦及週邊,M23C3 PC週邊
1191,,4927.0,泰鼎-KY,M2328,,23B,,M2328 電子零組件,M23B2D 硬板及其他
1192,,4930.0,燦星網,M1600,,15C,,M1600 電器電纜,M15C1 家電
1193,,4931.0,新盛力,M2325,,23D,,M2325 電腦及週邊,M23D7 二次電池
1194,,4933.0,友輝,M2326,,23C,,M2326 光電業,M23C8C LCD 原料
1195,,4934.0,太極,M2326,,23C,,M2326 光電業,M23C7C 太陽能電池
1196,,4935.0,茂林-KY,M2326,,23C,,M2326 光電業,M23C8C LCD 原料
1197,,4938.0,和碩,M2325,,23A,,M2325 電腦及週邊,M23A1 EMS
1198,,4939.0,亞電,M2328,,23B,,M2328 電子零組件,M23B3C FCCL
1199,,4942.0,嘉彰,M2326,,23D,,M2326 光電業,M23D9A 沖壓零組件
1200,,4943.0,康控-KY,M2328,,23D,,M2328 電子零組件,M23D2 連接器
1201,,4944.0,兆遠,M2326,,23C,,M2326 光電業,M23C6A 藍寶石基板
1202,,4945.0,陞達科技,M2324,,23G,,M2324 半導體,M23G5 IC設計
1203,,4946.0,辣椒,M3200,,23X,,M3200 文化創意業,M23X2 遊戲軟體
1204,,4950.0,牧東,M9900,,99B,,M9900 其他,M99B 五金及家具
1205,,4952.0,凌通,M2324,,23G,,M2324 半導體,M23G5 IC設計
1206,,4953.0,緯軟,M2330,,23X,,M2330 資訊服務業,M23X1 系統整合
1207,,4956.0,光鋐,M2326,,23C,,M2326 光電業,M23C6B 磊晶及晶粒
1208,,4958.0,臻鼎-KY,M2328,,23B,,M2328 電子零組件,M23B2C 軟板
1209,,4960.0,誠美材,M2326,,23C,,M2326 光電業,M23C8C LCD 原料
1210,,4961.0,天鈺,M2324,,23G,,M2324 半導體,M23G5 IC設計
1211,,4966.0,譜瑞-KY,M2324,,23G,,M2324 半導體,M23G5 IC設計
1212,,4967.0,十銓,M2324,,23G,,M2324 半導體,M23G3B 記憶體模組
1213,,4968.0,立積,M2324,,23G,,M2324 半導體,M23G5 IC設計
1214,,4971.0,IET-KY,M2324,,23G,,M2324 半導體,M23G3A 化合物SEMI
1215,,4972.0,湯石照明,M2326,,23C,,M2326 光電業,M23C6C 封裝及應用
1216,,4973.0,廣穎,M2324,,23G,,M2324 半導體,M23G3B 記憶體模組
1217,,4974.0,亞泰,M2328,,23C,,M2328 電子零組件,M23C2 影像掃描
1218,,4976.0,佳凌,M2326,,23U,,M2326 光電業,M23U1 光學鏡頭
1219,,4977.0,眾達-KY,M2327,,23K,,M2327 通信網路業,M23K6 光元件模組
1220,,4979.0,華星光,M2327,,23K,,M2327 通信網路業,M23K6 光元件模組
1221,,4987.0,科誠,M2325,,23B,,M2325 電腦及週邊,M23B5A POS
1222,,4989.0,榮科,M2328,,23B,,M2328 電子零組件,M23B3X PCB材-其他
1223,,4991.0,環宇-KY,M2324,,23G,,M2324 半導體,M23G3A 化合物SEMI
1224,,4994.0,傳奇,M2330,,23X,,M2330 資訊服務業,M23X2 遊戲軟體
1225,,4995.0,晶達,M2326,,23C,,M2326 光電業,M23C1 顯示器
1226,,4999.0,鑫禾,M2328,,23D,,M2328 電子零組件,M23D9A 沖壓零組件
1227,,5007.0,三星,M2000,,20A,,M2000 鋼鐵工業,M20A1 線材
1228,,5009.0,榮剛,M2000,,20A,,M2000 鋼鐵工業,M20A6 不鏽鋼
1229,,5011.0,久陽,M2000,,20A,,M2000 鋼鐵工業,M20A1 線材
1230,,5013.0,強新,M2000,,20A,,M2000 鋼鐵工業,M20A1 線材
1231,,5014.0,建錩,M2000,,20A,,M2000 鋼鐵工業,M20A6 不鏽鋼
1232,,5015.0,華祺,M2000,,20A,,M2000 鋼鐵工業,M20A1 線材
1233,,5016.0,松和,M2000,,20A,,M2000 鋼鐵工業,M20A1 線材
1234,,5102.0,富強,M2100,,21A,,M2100 橡膠工業,M21A 輪胎
1235,,5201.0,凱衛,M2330,,23X,,M2330 資訊服務業,M23X1 系統整合
1236,,5202.0,力新,M2330,,23X,,M2330 資訊服務業,M23X9 應用軟體
1237,,5203.0,訊連,M2330,,23X,,M2330 資訊服務業,M23X9 應用軟體
1238,,5205.0,中茂,M2331,,15B,,M2331 其他電子業,M15B2 機電工程
1239,,5206.0,坤悅,M2500,,25A,,M2500 建材營造,M25A 建設
1240,,5209.0,新鼎,M2330,,23X,,M2330 資訊服務業,M23X1 系統整合
1241,,5210.0,寶碩,M2330,,23X,,M2330 資訊服務業,M23X1 系統整合
1242,,5211.0,蒙恬,M2330,,23X,,M2330 資訊服務業,M23X9 應用軟體
1243,,5212.0,凌網,M2330,,23X,,M2330 資訊服務業,M23X1 系統整合
1244,,5213.0,亞昕,M2500,,25A,,M2500 建材營造,M25A 建設
1245,,5215.0,科嘉-KY,M2325,,23D,,M2325 電腦及週邊,M23D9D 其他零組件
1246,,5220.0,萬達光電,M2326,,23C,,M2326 光電業,M23C8E 觸控面板
1247,,5223.0,安力-KY,M2325,,23D,,M2325 電腦及週邊,M23D9A 沖壓零組件
1248,,5225.0,東科-KY,M2331,,23U,,M2331 其他電子業,M23U2 聲學產品
1249,,5227.0,立凱-KY,M2328,,23D,,M2328 電子零組件,M23D7 二次電池
1250,,5230.0,雷笛克光學,M2326,,23C,,M2326 光電業,M23C6C 封裝及應用
1251,,5234.0,達興材料,M2326,,23C,,M2326 光電業,M23C8C LCD 原料
1252,,5236.0,凌陽創新,M2324,,23G,,M2324 半導體,M23G5 IC設計
1253,,5243.0,乙盛-KY,M2326,,23D,,M2326 光電業,M23D9A 沖壓零組件
1254,,5245.0,智晶,M2326,,23C,,M2326 光電業,M23C8A LCD 面板
1255,,5251.0,天鉞電,M2326,,23C,,M2326 光電業,M23C9 安全監控
1256,,5258.0,虹堡,M2325,,23B,,M2325 電腦及週邊,M23B5A POS
1257,,5263.0,智崴,M3200,,23Z,,M3200 文化創意業,M23Z 其他電子
1258,,5269.0,祥碩,M2324,,23G,,M2324 半導體,M23G5 IC設計
1259,,5272.0,笙科,M2324,,23G,,M2324 半導體,M23G5 IC設計
1260,,5274.0,信驊,M2324,,23G,,M2324 半導體,M23G5 IC設計
1261,,5276.0,達輝-KY,M9900,,15D,,M9900 其他,M15D 汽車組件
1262,,5278.0,尚凡,M3400,,23K,,M3400 電子商務,M23K4 電商及XaaS
1263,,5281.0,大峽谷-KY,M2326,,23C,,M2326 光電業,M23C6C 封裝及應用
1264,,5283.0,禾聯碩,M1600,,15C,,M1600 電器電纜,M15C1 家電
1265,,5284.0,jpp-KY,M9900,,23D,,M9900 其他,M23D9A 沖壓零組件
1266,,5285.0,界霖,M2324,,23G,,M2324 半導體,M23G4 IC導線架
1267,,5287.0,數字,M3400,,23K,,M3400 電子商務,M23K4 電商及XaaS
1268,,5288.0,豐祥-KY,M1500,,15D,,M1500 電機機械,M15D 汽車組件
1269,,5289.0,宜鼎,M2325,,23G,,M2325 電腦及週邊,M23G3B 記憶體模組
1270,,5291.0,邑昇,M2328,,23B,,M2328 電子零組件,M23B2D 硬板及其他
1271,,5299.0,杰力,M2324,,23G,,M2324 半導體,M23G5 IC設計
1272,,5301.0,寶得利,M2700,,29B,,M2700 觀光事業,M29B 貿易業
1273,,5302.0,太欣,M2324,,23G,,M2324 半導體,M23G5 IC設計
1274,,5306.0,桂盟,M9900,,15E,,M9900 其他,M15E 自行車組件
1275,,5309.0,系統電,M2328,,23D,,M2328 電子零組件,M23D3 電源供應器
1276,,5310.0,天剛,M2330,,23X,,M2330 資訊服務業,M23X1 系統整合
1277,,5312.0,寶島科,M1722,,17G,,M1722 生技醫療,M17G 醫療耗材
1278,,5314.0,世紀,M2324,,23G,,M2324 半導體,M23G5 IC設計
1279,,5315.0,光聯,M2326,,23C,,M2326 光電業,M23C8D LCD-其他
1280,,5321.0,友銓,M2328,,23K,,M2328 電子零組件,M23K4 電商及XaaS
1281,,5324.0,士開,M2500,,25A,,M2500 建材營造,M25A 建設
1282,,5328.0,華容,M2328,,23D,,M2328 電子零組件,M23D5 被動元件
1283,,5340.0,建榮,M2328,,23B,,M2328 電子零組件,M23B3B 玻纖紗布
1284,,5344.0,立衛,M2324,,23G,,M2324 半導體,M23G2 IC封測
1285,,5345.0,天揚,M9900,,23Z,,M9900 其他,M23Z 其他電子
1286,,5347.0,世界,M2324,,23G,,M2324 半導體,M23G1A 晶圓代工
1287,,5348.0,系通,M2327,,23K,,M2327 通信網路業,M23K5 導航定位
1288,,5351.0,鈺創,M2324,,23G,,M2324 半導體,M23G5 IC設計
1289,,5353.0,台林,M2327,,23E,,M2327 通信網路業,M23E1 數據機
1290,,5355.0,佳總,M2328,,23B,,M2328 電子零組件,M23B2D 硬板及其他
1291,,5356.0,協益,M2325,,13B,,M2325 電腦及週邊,M13B 塑膠製品
1292,,5364.0,力麗店,M2700,,27A,,M2700 觀光事業,M27A1 飯店業
1293,,5371.0,中光電,M2326,,23C,,M2326 光電業,M23C8B 背光模組
1294,,5381.0,合正,M2328,,23B,,M2328 電子零組件,M23B3A 銅箔基板
1295,,5383.0,金利,M2331,,23D,,M2331 其他電子業,M23D9B 散熱零組件
1296,,5386.0,青雲,M2325,,23B,,M2325 電腦及週邊,M23B4A 繪圖卡
1297,,5388.0,中磊,M2327,,23E,,M2327 通信網路業,M23E2 網路卡
1298,,5392.0,應華,M2326,,23D,,M2326 光電業,M23D4 機殼
1299,,5398.0,慕康生醫,M9900,,17C,,M9900 其他,M17C1 西藥
1300,,5403.0,中菲,M2330,,23X,,M2330 資訊服務業,M23X1 系統整合
1301,,5410.0,國眾,M2330,,23T,,M2330 資訊服務業,M23T1 3C通路
1302,,5425.0,台半,M2324,,23D,,M2324 半導體,M23D1 整流二極體
1303,,5426.0,振發,M2325,,23D,,M2325 電腦及週邊,M23D4 機殼
1304,,5432.0,達威,M2326,,23C,,M2326 光電業,M23C8D LCD-其他
1305,,5434.0,崇越,M2329,,23T,,M2329 電子通路業,M23T2 零組件代理
1306,,5438.0,東友,M2325,,23C,,M2325 電腦及週邊,M23C2 影像掃描
1307,,5439.0,高技,M2328,,23B,,M2328 電子零組件,M23B2D 硬板及其他
1308,,5443.0,均豪,M2326,,23H,,M2326 光電業,M23H2 電機設備
1309,,5450.0,南良,M9900,,17Z,,M9900 其他,M17Z 其他化學
1310,,5452.0,佶優,M2331,,23T,,M2331 其他電子業,M23T2 零組件代理
1311,,5455.0,昇益,M2500,,25A,,M2500 建材營造,M25A 建設
1312,,5457.0,宣德,M2328,,23D,,M2328 電子零組件,M23D2 連接器
1313,,5460.0,同協,M2328,,23D,,M2328 電子零組件,M23D9A 沖壓零組件
1314,,5464.0,霖宏,M2328,,23B,,M2328 電子零組件,M23B2D 硬板及其他
1315,,5465.0,富驊,M2325,,23D,,M2325 電腦及週邊,M23D4 機殼
1316,,5468.0,凱鈺,M2324,,23G,,M2324 半導體,M23G5 IC設計
1317,,5469.0,瀚宇博,M2328,,23B,,M2328 電子零組件,M23B2D 硬板及其他
1318,,5471.0,松翰,M2324,,23G,,M2324 半導體,M23G5 IC設計
1319,,5474.0,聰泰,M2325,,23B,,M2325 電腦及週邊,M23B4B 電視卡
1320,,5475.0,德宏,M2328,,23B,,M2328 電子零組件,M23B3B 玻纖紗布
1321,,5481.0,新華,M9900,,99Z,,M9900 其他,M99ZX 其他服務業
1322,,5483.0,中美晶,M2324,,23G,,M2324 半導體,M23G3C 晶圓材料
1323,,5484.0,慧友,M2326,,23C,,M2326 光電業,M23C9 安全監控
1324,,5487.0,通泰,M2324,,23G,,M2324 半導體,M23G5 IC設計
1325,,5488.0,松普,M2328,,23D,,M2328 電子零組件,M23D2 連接器
1326,,5489.0,彩富,M2331,,23C,,M2331 其他電子業,M23C9 安全監控
1327,,5490.0,同亨,M2325,,23B,,M2325 電腦及週邊,M23B5A POS
1328,,5493.0,三聯,M2331,,23H,,M2331 其他電子業,M23H2 電機設備
1329,,5498.0,凱崴,M2328,,23B,,M2328 電子零組件,M23B3X PCB材-其他
1330,,5508.0,永信建,M2500,,25A,,M2500 建材營造,M25A 建設
1331,,5511.0,德昌,M2500,,25B,,M2500 建材營造,M25B 營造
1332,,5512.0,力麒,M2500,,25A,,M2500 建材營造,M25A 建設
1333,,5514.0,三豐,M2500,,25A,,M2500 建材營造,M25A 建設
1334,,5515.0,建國,M2500,,25B,,M2500 建材營造,M25B 營造
1335,,5516.0,雙喜,M2500,,25B,,M2500 建材營造,M25B 營造
1336,,5519.0,隆大,M2500,,25A,,M2500 建材營造,M25A 建設
1337,,5520.0,力泰,M2500,,11B,,M2500 建材營造,M11B 預拌混凝土
1338,,5521.0,工信,M2500,,25B,,M2500 建材營造,M25B 營造
1339,,5522.0,遠雄,M2500,,25A,,M2500 建材營造,M25A 建設
1340,,5523.0,豐謙,M2500,,25A,,M2500 建材營造,M25A 建設
1341,,5525.0,順天,M2500,,25A,,M2500 建材營造,M25A 建設
1342,,5529.0,鉅陞,M2500,,25A,,M2500 建材營造,M25A 建設
1343,,5530.0,龍巖,M9900,,25E,,M9900 其他,M25E 靈骨塔業
1344,,5531.0,鄉林,M2500,,25A,,M2500 建材營造,M25A 建設
1345,,5533.0,皇鼎,M2500,,25A,,M2500 建材營造,M25A 建設
1346,,5534.0,長虹,M2500,,25A,,M2500 建材營造,M25A 建設
1347,,5536.0,聖暉,M2331,,23H,,M2331 其他電子業,M23H1 廠辦機電
1348,,5538.0,東明-KY,M2000,,20A,,M2000 鋼鐵工業,M20A1 線材
1349,,5543.0,桓鼎-KY,M2500,,20B,,M2500 建材營造,M20B 金屬製品
1350,,5546.0,永固-KY,M2500,,11B,,M2500 建材營造,M11B 預拌混凝土
1351,,5601.0,台聯櫃,M2600,,26C,,M2600 航運業,M26C 貨運倉儲業
1352,,5604.0,中連貨,M9900,,25F,,M9900 其他,M25F 物業管理
1353,,5607.0,遠雄港,M2600,,26C,,M2600 航運業,M26C 貨運倉儲業
1354,,5608.0,四維航,M2600,,26A,,M2600 航運業,M26A1 散裝輪
1355,,5701.0,劍湖山,M2700,,27A,,M2700 觀光事業,M27A1 飯店業
1356,,5703.0,亞都,M2700,,27A,,M2700 觀光事業,M27A1 飯店業
1357,,5704.0,老爺知,M2700,,27A,,M2700 觀光事業,M27A1 飯店業
1358,,5820.0,日盛金,M2800,,28L,,M2800 金融業,M28L 金融控股
1359,,5864.0,致和證,M2800,,30A,,M2800 金融業,M30A 證券
1360,,5876.0,上海商銀,M2800,,28A,,M2800 金融業,M28A 本國銀行
1361,,5878.0,台名,M2800,,28N,,M2800 金融業,M28N 保險經紀
1362,,5880.0,合庫金,M2800,,28L,,M2800 金融業,M28L 金融控股
1363,,5902.0,德記,M2900,,29B,,M2900 貿易百貨,M29B 貿易業
1364,,5903.0,全家,M2900,,29A,,M2900 貿易百貨,M29A4 便利商店
1365,,5904.0,寶雅,M2900,,29A,,M2900 貿易百貨,M29A9 其他零售
1366,,5905.0,南仁湖,M2900,,27B,,M2900 貿易百貨,M27B 觀光遊樂區
1367,,5906.0,台南-KY,M2900,,14C,,M2900 貿易百貨,M14C1 成衣製造
1368,,5907.0,大洋-KY,M2900,,29A,,M2900 貿易百貨,M29A1 百貨購物中
1369,,6005.0,群益證,M2800,,30A,,M2800 金融業,M30A 證券
1370,,6015.0,宏遠證,M2800,,30A,,M2800 金融業,M30A 證券
1371,,6016.0,康和證,M2800,,30A,,M2800 金融業,M30A 證券
1372,,6020.0,大展證,M2800,,30A,,M2800 金融業,M30A 證券
1373,,6021.0,大慶證,M2800,,30A,,M2800 金融業,M30A 證券
1374,,6023.0,元大期,M2800,,30C,,M2800 金融業,M30C 期貨
1375,,6024.0,群益期,M2800,,30C,,M2800 金融業,M30C 期貨
1376,,6026.0,福邦證,M2800,,30A,,M2800 金融業,M30A 證券
1377,,6101.0,寬魚國際,M3200,,99H,,M3200 文化創意業,M99H 電視廣播
1378,,6103.0,合邦,M2324,,23T,,M2324 半導體,M23T2 零組件代理
1379,,6104.0,創惟,M2324,,23G,,M2324 半導體,M23G5 IC設計
1380,,6108.0,競國,M2328,,23B,,M2328 電子零組件,M23B2D 硬板及其他
1381,,6109.0,亞元,M2327,,23D,,M2327 通信網路業,M23D3 電源供應器
1382,,6111.0,大宇資,M3200,,23X,,M3200 文化創意業,M23X2 遊戲軟體
1383,,6112.0,聚碩,M2330,,23X,,M2330 資訊服務業,M23X1 系統整合
1384,,6113.0,亞矽,M2329,,23T,,M2329 電子通路業,M23T2 零組件代理
1385,,6114.0,久威,M2328,,23B,,M2328 電子零組件,M23B2D 硬板及其他
1386,,6115.0,鎰勝,M2328,,23D,,M2328 電子零組件,M23D2 連接器
1387,,6116.0,彩晶,M2326,,23C,,M2326 光電業,M23C8A LCD 面板
1388,,6117.0,迎廣,M2325,,23D,,M2325 電腦及週邊,M23D4 機殼
1389,,6118.0,建達,M2329,,23T,,M2329 電子通路業,M23T1 3C通路
1390,,6120.0,達運,M2326,,23C,,M2326 光電業,M23C8B 背光模組
1391,,6121.0,新普,M2325,,23D,,M2325 電腦及週邊,M23D7 二次電池
1392,,6122.0,擎邦,M1500,,25B,,M1500 電機機械,M25B 營造
1393,,6123.0,上奇,M2325,,23T,,M2325 電腦及週邊,M23T1 3C通路
1394,,6124.0,業強,M2328,,23D,,M2328 電子零組件,M23D9B 散熱零組件
1395,,6125.0,廣運,M2326,,23H,,M2326 光電業,M23H2 電機設備
1396,,6126.0,信音,M2328,,23D,,M2328 電子零組件,M23D2 連接器
1397,,6127.0,九豪,M2328,,23D,,M2328 電子零組件,M23D5 被動元件
1398,,6128.0,上福,M2325,,23C,,M2325 電腦及週邊,M23C3 PC週邊
1399,,6129.0,普誠,M2324,,23G,,M2324 半導體,M23G5 IC設計
1400,,6130.0,星寶國際,M1722,,17C,,M1722 生技醫療,M17C1 西藥
1401,,6133.0,金橋,M2328,,23D,,M2328 電子零組件,M23D2 連接器
1402,,6134.0,萬旭,M2328,,23D,,M2328 電子零組件,M23D2 連接器
1403,,6136.0,富爾特,M2327,,23T,,M2327 通信網路業,M23T2 零組件代理
1404,,6138.0,茂達,M2324,,23G,,M2324 半導體,M23G5 IC設計
1405,,6139.0,亞翔,M2331,,23H,,M2331 其他電子業,M23H1 廠辦機電
1406,,6140.0,訊達,M2330,,23X,,M2330 資訊服務業,M23X1 系統整合
1407,,6141.0,柏承,M2328,,23B,,M2328 電子零組件,M23B2D 硬板及其他
1408,,6142.0,友勁,M2327,,23E,,M2327 通信網路業,M23E2 網路卡
1409,,6143.0,振曜,M2327,,23C,,M2327 通信網路業,M23C3 PC週邊
1410,,6144.0,得利影,M3200,,23X,,M3200 文化創意業,M23X9 應用軟體
1411,,6146.0,耕興,M2331,,23Z,,M2331 其他電子業,M23Z 其他電子
1412,,6147.0,頎邦,M2324,,23G,,M2324 半導體,M23G2 IC封測
1413,,6148.0,驊宏資,M2330,,23X,,M2330 資訊服務業,M23X1 系統整合
1414,,6150.0,撼訊,M2325,,23B,,M2325 電腦及週邊,M23B4A 繪圖卡
1415,,6151.0,晉倫,M2331,,13A,,M2331 其他電子業,M13A8 塑膠加工
1416,,6152.0,百一,M2327,,23K,,M2327 通信網路業,M23K2 衛星微波
1417,,6153.0,嘉聯益,M2328,,23B,,M2328 電子零組件,M23B2C 軟板
1418,,6154.0,順發,M2329,,23T,,M2329 電子通路業,M23T1 3C通路
1419,,6155.0,鈞寶,M2328,,23D,,M2328 電子零組件,M23D5 被動元件
1420,,6156.0,松上,M2328,,23B,,M2328 電子零組件,M23B2D 硬板及其他
1421,,6158.0,禾昌,M2328,,23D,,M2328 電子零組件,M23D2 連接器
1422,,6160.0,欣技,M2325,,23B,,M2325 電腦及週邊,M23B5B 工業電腦
1423,,6161.0,捷波,M2325,,23B,,M2325 電腦及週邊,M23B4A 繪圖卡
1424,,6163.0,華電網,M2327,,23K,,M2327 通信網路業,M23K1 網通工程
1425,,6164.0,華興,M2326,,23C,,M2326 光電業,M23C6C 封裝及應用
1426,,6165.0,浪凡,M9900,,23K,,M9900 其他,M23K4 電商及XaaS
1427,,6166.0,凌華,M2325,,23B,,M2325 電腦及週邊,M23B5B 工業電腦
1428,,6167.0,久正,M2326,,23C,,M2326 光電業,M23C8D LCD-其他
1429,,6168.0,宏齊,M2326,,23C,,M2326 光電業,M23C6C 封裝及應用
1430,,6169.0,昱泉,M3200,,23X,,M3200 文化創意業,M23X2 遊戲軟體
1431,,6170.0,統振,M2327,,23T,,M2327 通信網路業,M23T2 零組件代理
1432,,6171.0,亞銳士,M2500,,25A,,M2500 建材營造,M25A 建設
1433,,6172.0,互億,M2325,,23E,,M2325 電腦及週邊,M23E1 數據機
1434,,6173.0,信昌電,M2328,,23D,,M2328 電子零組件,M23D5 被動元件
1435,,6174.0,安碁,M2328,,23D,,M2328 電子零組件,M23D6 石英元件
1436,,6175.0,立敦,M2328,,23D,,M2328 電子零組件,M23D5 被動元件
1437,,6176.0,瑞儀,M2326,,23C,,M2326 光電業,M23C8B 背光模組
1438,,6177.0,達麗,M2500,,25A,,M2500 建材營造,M25A 建設
1439,,6179.0,亞通,M9900,,25C,,M9900 其他,M25C 工程承攬
1440,,6182.0,合晶,M2324,,23G,,M2324 半導體,M23G3C 晶圓材料
1441,,6183.0,關貿,M2330,,23K,,M2330 資訊服務業,M23K4 電商及XaaS
1442,,6184.0,大豐電,M9900,,99G,,M9900 其他,M99G 有線電視
1443,,6185.0,幃翔,M2328,,23D,,M2328 電子零組件,M23D2 連接器
1444,,6186.0,新潤,M2500,,25A,,M2500 建材營造,M25A 建設
1445,,6187.0,萬潤,M2331,,23H,,M2331 其他電子業,M23H2 電機設備
1446,,6188.0,廣明,M2325,,23C,,M2325 電腦及週邊,M23C3 PC週邊
1447,,6189.0,豐藝,M2329,,23T,,M2329 電子通路業,M23T2 零組件代理
1448,,6190.0,萬泰科,M2327,,23D,,M2327 通信網路業,M23D2 連接器
1449,,6191.0,精成科,M2328,,23B,,M2328 電子零組件,M23B2B PCB 組裝
1450,,6192.0,巨路,M2331,,23T,,M2331 其他電子業,M23T2 零組件代理
1451,,6194.0,育富,M2328,,23B,,M2328 電子零組件,M23B2D 硬板及其他
1452,,6195.0,詩肯,M2900,,29A,,M2900 貿易百貨,M29A9 其他零售
1453,,6196.0,帆宣,M2331,,23H,,M2331 其他電子業,M23H1 廠辦機電
1454,,6197.0,佳必琪,M2328,,23D,,M2328 電子零組件,M23D2 連接器
1455,,6198.0,凌泰,M2324,,23G,,M2324 半導體,M23G5 IC設計
1456,,6199.0,天品,M9900,,25E,,M9900 其他,M25E 靈骨塔業
1457,,6201.0,亞弘電,M2331,,23U,,M2331 其他電子業,M23U2 聲學產品
1458,,6202.0,盛群,M2324,,23G,,M2324 半導體,M23G5 IC設計
1459,,6203.0,海韻電,M2328,,23D,,M2328 電子零組件,M23D3 電源供應器
1460,,6204.0,艾華,M2328,,23D,,M2328 電子零組件,M23D5 被動元件
1461,,6205.0,詮欣,M2328,,23D,,M2328 電子零組件,M23D2 連接器
1462,,6206.0,飛捷,M2325,,23B,,M2325 電腦及週邊,M23B5A POS
1463,,6207.0,雷科,M2328,,23D,,M2328 電子零組件,M23D9D 其他零組件
1464,,6208.0,日揚,M2328,,23H,,M2328 電子零組件,M23H2 電機設備
1465,,6209.0,今國光,M2326,,23U,,M2326 光電業,M23U1 光學鏡頭
1466,,6210.0,慶生,M2328,,23B,,M2328 電子零組件,M23B2D 硬板及其他
1467,,6212.0,理銘,M2500,,25A,,M2500 建材營造,M25A 建設
1468,,6213.0,聯茂,M2328,,23B,,M2328 電子零組件,M23B3A 銅箔基板
1469,,6214.0,精誠,M2330,,23X,,M2330 資訊服務業,M23X1 系統整合
1470,,6215.0,和椿,M2331,,23H,,M2331 其他電子業,M23H2 電機設備
1471,,6216.0,居易,M2327,,23E,,M2327 通信網路業,M23E1 數據機
1472,,6217.0,中探針,M2328,,23B,,M2328 電子零組件,M23B3X PCB材-其他
1473,,6218.0,豪勉,M2327,,23X,,M2327 通信網路業,M23X1 系統整合
1474,,6219.0,富旺,M2500,,25A,,M2500 建材營造,M25A 建設
1475,,6220.0,岳豐,M2328,,23D,,M2328 電子零組件,M23D2 連接器
1476,,6221.0,晉泰,M2330,,23X,,M2330 資訊服務業,M23X1 系統整合
1477,,6222.0,上揚,M2326,,23C,,M2326 光電業,M23C6C 封裝及應用
1478,,6223.0,旺矽,M2324,,23B,,M2324 半導體,M23B2D 硬板及其他
1479,,6224.0,聚鼎,M2328,,23D,,M2328 電子零組件,M23D5 被動元件
1480,,6225.0,天瀚,M2326,,23U,,M2326 光電業,M23UZ 消費性電子
1481,,6226.0,光鼎,M2326,,23C,,M2326 光電業,M23C6C 封裝及應用
1482,,6227.0,茂綸,M2329,,23T,,M2329 電子通路業,M23T2 零組件代理
1483,,6228.0,全譜,M2325,,23C,,M2325 電腦及週邊,M23C2 影像掃描
1484,,6229.0,研通,M2324,,23G,,M2324 半導體,M23G5 IC設計
1485,,6230.0,尼得科超眾,M2325,,23D,,M2325 電腦及週邊,M23D9B 散熱零組件
1486,,6231.0,系微,M2330,,23X,,M2330 資訊服務業,M23X9 應用軟體
1487,,6233.0,旺玖,M2324,,23G,,M2324 半導體,M23G5 IC設計
1488,,6234.0,高僑,M2326,,23H,,M2326 光電業,M23H2 電機設備
1489,,6235.0,華孚,M2325,,23D,,M2325 電腦及週邊,M23D4 機殼
1490,,6236.0,康呈,M9900,,17C,,M9900 其他,M17C2 機能性食品
1491,,6237.0,驊訊,M2324,,23G,,M2324 半導體,M23G5 IC設計
1492,,6239.0,力成,M2324,,23G,,M2324 半導體,M23G2 IC封測
1493,,6240.0,松崗,M9900,,99F,,M9900 其他,M99F 平媒電子報
1494,,6241.0,易通展,M2327,,23E,,M2327 通信網路業,M23E1 數據機
1495,,6242.0,立康,M1722,,17C,,M1722 生技醫療,M17C2 機能性食品
1496,,6243.0,迅杰,M2324,,23G,,M2324 半導體,M23G5 IC設計
1497,,6244.0,茂迪,M2326,,23C,,M2326 光電業,M23C7C 太陽能電池
1498,,6245.0,立端,M2327,,23B,,M2327 通信網路業,M23B5B 工業電腦
1499,,6246.0,臺龍,M2326,,23C,,M2326 光電業,M23C8B 背光模組
1500,,6247.0,淇譽電,M2331,,23U,,M2331 其他電子業,M23U2 聲學產品
1501,,6248.0,沛波,M2000,,20A,,M2000 鋼鐵工業,M20A2 鋼筋
1502,,6251.0,定穎,M2328,,23B,,M2328 電子零組件,M23B2D 硬板及其他
1503,,6257.0,矽格,M2324,,23G,,M2324 半導體,M23G2 IC封測
1504,,6259.0,百徽,M2328,,23T,,M2328 電子零組件,M23T2 零組件代理
1505,,6261.0,久元,M2324,,23G,,M2324 半導體,M23G2 IC封測
1506,,6263.0,普萊德,M2327,,23E,,M2327 通信網路業,M23E2 網路卡
1507,,6264.0,富裔,M2500,,25A,,M2500 建材營造,M25A 建設
1508,,6265.0,方土昶,M2329,,23T,,M2329 電子通路業,M23T2 零組件代理
1509,,6266.0,泰詠,M2328,,23B,,M2328 電子零組件,M23B2B PCB 組裝
1510,,6269.0,台郡,M2328,,23B,,M2328 電子零組件,M23B2C 軟板
1511,,6270.0,倍微,M2329,,23T,,M2329 電子通路業,M23T2 零組件代理
1512,,6271.0,同欣電,M2324,,23G,,M2324 半導體,M23G2 IC封測
1513,,6274.0,台燿,M2328,,23B,,M2328 電子零組件,M23B3A 銅箔基板
1514,,6275.0,元山,M2328,,23D,,M2328 電子零組件,M23D9B 散熱零組件
1515,,6276.0,安鈦克,M2325,,23D,,M2325 電腦及週邊,M23D3 電源供應器
1516,,6277.0,宏正,M2325,,23C,,M2325 電腦及週邊,M23C3 PC週邊
1517,,6278.0,台表科,M2326,,23B,,M2326 光電業,M23B2B PCB 組裝
1518,,6279.0,胡連,M2328,,15D,,M2328 電子零組件,M15D 汽車組件
1519,,6281.0,全國電,M2329,,23T,,M2329 電子通路業,M23T1 3C通路
1520,,6282.0,康舒,M2328,,23D,,M2328 電子零組件,M23D3 電源供應器
1521,,6283.0,淳安,M2331,,23C,,M2331 其他電子業,M23C3 PC週邊
1522,,6284.0,佳邦,M2328,,23D,,M2328 電子零組件,M23D5 被動元件
1523,,6285.0,啟碁,M2327,,23K,,M2327 通信網路業,M23K2 衛星微波
1524,,6287.0,元隆,M2324,,23G,,M2324 半導體,M23G1A 晶圓代工
1525,,6288.0,聯嘉,M2200,,23C,,M2200 汽車工業,M23C6C 封裝及應用
1526,,6289.0,華上,M2326,,23C,,M2326 光電業,M23C6B 磊晶及晶粒
1527,,6290.0,良維,M2328,,23D,,M2328 電子零組件,M23D2 連接器
1528,,6291.0,沛亨,M2324,,23G,,M2324 半導體,M23G5 IC設計
1529,,6292.0,迅德,M2328,,23D,,M2328 電子零組件,M23D3 電源供應器
1530,,6294.0,智基,M3200,,99Z,,M3200 文化創意業,M99ZX 其他服務業
1531,,6404.0,通訊-KY,M2330,,23K,,M2330 資訊服務業,M23K4 電商及XaaS
1532,,6405.0,悅城,M2326,,23C,,M2326 光電業,M23C8C LCD 原料
1533,,6409.0,旭隼,M2331,,23D,,M2331 其他電子業,M23D3 電源供應器
1534,,6411.0,晶焱,M2324,,23G,,M2324 半導體,M23G5 IC設計
1535,,6412.0,群電,M2328,,23D,,M2328 電子零組件,M23D3 電源供應器
1536,,6414.0,樺漢,M2325,,23B,,M2325 電腦及週邊,M23B5B 工業電腦
1537,,6415.0,矽力-KY,M2324,,23G,,M2324 半導體,M23G5 IC設計
1538,,6416.0,瑞祺電通,M2327,,23E,,M2327 通信網路業,M23E1 數據機
1539,,6417.0,韋僑,M2327,,23K,,M2327 通信網路業,M23K2 衛星微波
1540,,6418.0,詠昇,M2328,,23D,,M2328 電子零組件,M23D2 連接器
1541,,6419.0,京晨科,M2326,,23C,,M2326 光電業,M23C9 安全監控
1542,,6425.0,易發,M1500,,23H,,M1500 電機機械,M23H2 電機設備
1543,,6426.0,統新,M2327,,23K,,M2327 通信網路業,M23K6 光元件模組
1544,,6431.0,光麗-KY,M2326,,23C,,M2326 光電業,M23C8E 觸控面板
1545,,6432.0,今展科,M2328,,23D,,M2328 電子零組件,M23D5 被動元件
1546,,6435.0,大中,M2324,,23G,,M2324 半導體,M23G5 IC設計
1547,,6438.0,迅得,M2331,,23H,,M2331 其他電子業,M23H2 電機設備
1548,,6441.0,廣錠,M2325,,23D,,M2325 電腦及週邊,M23D7 二次電池
1549,,6442.0,光聖,M2327,,23K,,M2327 通信網路業,M23K6 光元件模組
1550,,6443.0,元晶,M2326,,23C,,M2326 光電業,M23C7C 太陽能電池
1551,,6446.0,藥華藥,M1722,,17C,,M1722 生技醫療,M17C1 西藥
1552,,6449.0,鈺邦,M2328,,23D,,M2328 電子零組件,M23D5 被動元件
1553,,6451.0,訊芯-KY,M2324,,23G,,M2324 半導體,M23G2 IC封測
1554,,6456.0,GIS-KY,M2326,,23C,,M2326 光電業,M23C8E 觸控面板
1555,,6457.0,紘康,M2324,,23G,,M2324 半導體,M23G5 IC設計
1556,,6461.0,益得,M1722,,17C,,M1722 生技醫療,M17C1 西藥
1557,,6462.0,神盾,M2324,,23G,,M2324 半導體,M23G5 IC設計
1558,,6464.0,台數科,M9900,,99G,,M9900 其他,M99G 有線電視
1559,,6465.0,威潤,M2327,,23K,,M2327 通信網路業,M23K5 導航定位
1560,,6469.0,大樹,M1722,,17X,,M1722 生技醫療,M17X 藥局
1561,,6470.0,宇智,M2327,,23E,,M2327 通信網路業,M23E1 數據機
1562,,6472.0,保瑞,M1722,,17C,,M1722 生技醫療,M17C1 西藥
1563,,6477.0,安集,M2326,,23C,,M2326 光電業,M23C7E 太陽能系統
1564,,6482.0,弘煜科,M3200,,23X,,M3200 文化創意業,M23X2 遊戲軟體
1565,,6485.0,點序,M2324,,23G,,M2324 半導體,M23G5 IC設計
1566,,6486.0,互動,M2327,,23K,,M2327 通信網路業,M23K1 網通工程
1567,,6488.0,環球晶,M2324,,23G,,M2324 半導體,M23G3C 晶圓材料
1568,,6491.0,晶碩,M1722,,17G,,M1722 生技醫療,M17G 醫療耗材
1569,,6492.0,生華科,M1722,,17C,,M1722 生技醫療,M17C1 西藥
1570,,6494.0,九齊,M2324,,23G,,M2324 半導體,M23G5 IC設計
1571,,6496.0,科懋,M1722,,17C,,M1722 生技醫療,M17C1 西藥
1572,,6499.0,益安,M1722,,17G,,M1722 生技醫療,M17G 醫療耗材
1573,,6504.0,南六,M9900,,14F,,M9900 其他,M14F 不織布
1574,,6505.0,台塑化,M9700,,13C,,M9700 油電燃氣業,M13C 輕油製解
1575,,6506.0,雙邦,M1400,,17F,,M1400 紡織纖維,M17F 樹脂
1576,,6509.0,聚和,M1721,,17Z,,M1721 化學工業,M17Z 其他化學
1577,,6510.0,精測,M2324,,23B,,M2324 半導體,M23B2D 硬板及其他
1578,,6512.0,啟發電,M2331,,23D,,M2331 其他電子業,M23D9D 其他零組件
1579,,6514.0,芮特-KY,M2327,,23K,,M2327 通信網路業,M23K2 衛星微波
1580,,6515.0,穎崴,M2324,,23B,,M2324 半導體,M23B3X PCB材-其他
1581,,6516.0,勤崴國際,M2330,,23K,,M2330 資訊服務業,M23K5 導航定位
1582,,6523.0,達爾膚,M1722,,17H,,M1722 生技醫療,M17H 生物科技
1583,,6525.0,捷敏-KY,M2324,,23G,,M2324 半導體,M23G2 IC封測
1584,,6527.0,明達醫,M1722,,17G,,M1722 生技醫療,M17G 醫療耗材
1585,,6530.0,創威,M2327,,23K,,M2327 通信網路業,M23K6 光元件模組
1586,,6531.0,愛普,M2324,,23G,,M2324 半導體,M23G5 IC設計
1587,,6532.0,瑞耘,M2324,,23H,,M2324 半導體,M23H2 電機設備
1588,,6533.0,晶心科,M2324,,23G,,M2324 半導體,M23G5 IC設計
1589,,6535.0,順藥,M1722,,17C,,M1722 生技醫療,M17C1 西藥
1590,,6538.0,倉和,M2328,,23C,,M2328 電子零組件,M23C7F 其他太陽能
1591,,6541.0,泰福-KY,M1722,,17C,,M1722 生技醫療,M17C1 西藥
1592,,6542.0,隆中,M3200,,23X,,M3200 文化創意業,M23X2 遊戲軟體
1593,,6547.0,高端疫苗,M1722,,17C,,M1722 生技醫療,M17C1 西藥
1594,,6548.0,長科*,M2324,,23G,,M2324 半導體,M23G4 IC導線架
1595,,6552.0,易華電,M2324,,23B,,M2324 半導體,M23B2C 軟板
1596,,6556.0,勝品,M2326,,23C,,M2326 光電業,M23C9 安全監控
1597,,6558.0,興能高,M2331,,23D,,M2331 其他電子業,M23D7 二次電池
1598,,6560.0,欣普羅,M2326,,23C,,M2326 光電業,M23C9 安全監控
1599,,6561.0,是方,M2327,,23K,,M2327 通信網路業,M23K3 電信及IDC
1600,,6568.0,宏觀,M2324,,23G,,M2324 半導體,M23G5 IC設計
1601,,6569.0,醫揚,M1722,,23B,,M1722 生技醫療,M23B5B 工業電腦
1602,,6570.0,維田,M2325,,23B,,M2325 電腦及週邊,M23B5B 工業電腦
1603,,6573.0,虹揚-KY,M2324,,23D,,M2324 半導體,M23D1 整流二極體
1604,,6574.0,霈方,M1722,,17Z,,M1722 生技醫療,M17Z 其他化學
1605,,6576.0,逸達,M1722,,17C,,M1722 生技醫療,M17C1 西藥
1606,,6577.0,勁豐,M2325,,23B,,M2325 電腦及週邊,M23B5B 工業電腦
1607,,6578.0,達邦蛋白,M3300,,12B,,M3300 農業科技,M12B 油脂飼料
1608,,6579.0,研揚,M2325,,23B,,M2325 電腦及週邊,M23B5B 工業電腦
1609,,6581.0,鋼聯,M9900,,99L,,M9900 其他,M99L2 廢棄物處理
1610,,6588.0,東典光電,M2327,,23K,,M2327 通信網路業,M23K6 光元件模組
1611,,6589.0,台康生技,M1722,,17H,,M1722 生技醫療,M17H 生物科技
1612,,6590.0,普鴻,M2330,,23X,,M2330 資訊服務業,M23X1 系統整合
1613,,6591.0,動力-KY,M2325,,23D,,M2325 電腦及週邊,M23D9B 散熱零組件
1614,,6593.0,台灣銘板,M2330,,23Z,,M2330 資訊服務業,M23Z 其他電子
1615,,6594.0,展匯科,M2324,,23G,,M2324 半導體,M23G5 IC設計
1616,,6596.0,寬宏藝術,M3200,,99E,,M3200 文化創意業,M99E 廣告業
1617,,6598.0,ABC-KY,M1722,,17G,,M1722 生技醫療,M17G 醫療耗材
1618,,6603.0,富強鑫,M1500,,15A,,M1500 電機機械,M15A1 工具機
1619,,6609.0,瀧澤科,M1500,,15A,,M1500 電機機械,M15A1 工具機
1620,,6612.0,奈米醫材,M1722,,17G,,M1722 生技醫療,M17G 醫療耗材
1621,,6613.0,朋億,M2331,,23H,,M2331 其他電子業,M23H1 廠辦機電
1622,,6615.0,慧智,M1722,,17G,,M1722 生技醫療,M17G 醫療耗材
1623,,6616.0,特昇-KY,M9900,,99B,,M9900 其他,M99B 五金及家具
1624,,6624.0,萬年清,M9900,,99L,,M9900 其他,M99L2 廢棄物處理
1625,,6625.0,必應,M9900,,99H,,M9900 其他,M99H 電視廣播
1626,,6629.0,泰金-KY,M9900,,99B,,M9900 其他,M99B 五金及家具
1627,,6640.0,均華,M2324,,23H,,M2324 半導體,M23H2 電機設備
1628,,6641.0,基士德-KY,M9900,,15Z,,M9900 其他,M15Z 其他電製品
1629,,6642.0,富致,M2328,,23D,,M2328 電子零組件,M23D5 被動元件
1630,,6643.0,M31,M2324,,23G,,M2324 半導體,M23G5 IC設計
1631,,6649.0,台生材,M1722,,17G,,M1722 生技醫療,M17G 醫療耗材
1632,,6651.0,全宇昕,M2324,,23G,,M2324 半導體,M23G5 IC設計
1633,,6654.0,天正國際,M2331,,23H,,M2331 其他電子業,M23H2 電機設備
1634,,6655.0,科定,M9900,,99Z,,M9900 其他,M99ZC 其他製造業
1635,,6661.0,威健生技,M1722,,17G,,M1722 生技醫療,M17G 醫療耗材
1636,,6662.0,樂斯科,M1722,,17H,,M1722 生技醫療,M17H 生物科技
1637,,6664.0,群翊,M2328,,23H,,M2328 電子零組件,M23H2 電機設備
1638,,6666.0,羅麗芬-KY,M1722,,17Z,,M1722 生技醫療,M17Z 其他化學
1639,,6667.0,信紘科,M2331,,23H,,M2331 其他電子業,M23H1 廠辦機電
1640,,6668.0,中揚光,M2326,,23U,,M2326 光電業,M23U1 光學鏡頭
1641,,6669.0,緯穎,M2325,,23A,,M2325 電腦及週邊,M23A2 泛用電腦
1642,,6670.0,復盛應用,M9900,,99Z,,M9900 其他,M99Z2 高爾夫用品
1643,,6671.0,三能-KY,M9900,,99Z,,M9900 其他,M99ZC 其他製造業
1644,,6672.0,騰輝電子-KY,M2328,,23B,,M2328 電子零組件,M23B3A 銅箔基板
1645,,6674.0,鋐寶科技,M2327,,23E,,M2327 通信網路業,M23E1 數據機
1646,,6679.0,鈺太,M2324,,23G,,M2324 半導體,M23G5 IC設計
1647,,6680.0,鑫創電子,M2325,,23B,,M2325 電腦及週邊,M23B5B 工業電腦
1648,,6683.0,雍智科技,M2324,,23B,,M2324 半導體,M23B2A IC載板
1649,,6684.0,安格,M2324,,23G,,M2324 半導體,M23G5 IC設計
1650,,6690.0,安碁資訊,M2330,,23X,,M2330 資訊服務業,M23X1 系統整合
1651,,6697.0,東捷資訊,M2330,,23X,,M2330 資訊服務業,M23X1 系統整合
1652,,6698.0,旭暉應材,M2331,,23C,,M2331 其他電子業,M23C8C LCD 原料
1653,,6703.0,軒郁,M1722,,17H,,M1722 生技醫療,M17H 生物科技
1654,,6706.0,惠特,M2326,,23H,,M2326 光電業,M23H2 電機設備
1655,,6712.0,長聖,M1722,,17H,,M1722 生技醫療,M17H 生物科技
1656,,6715.0,嘉基,M2328,,23D,,M2328 電子零組件,M23D2 連接器
1657,,6716.0,應廣,M2324,,23G,,M2324 半導體,M23G5 IC設計
1658,,6727.0,亞泰金屬,M2328,,23H,,M2328 電子零組件,M23H2 電機設備
1659,,6728.0,上洋,M2900,,15C,,M2900 貿易百貨,M15C1 家電
1660,,6732.0,昇佳電子,M2324,,23G,,M2324 半導體,M23G5 IC設計
1661,,6733.0,博晟生醫,M1722,,17G,,M1722 生技醫療,M17G 醫療耗材
1662,,6741.0,91APP*-KY,M3400,,23K,,M3400 電子商務,M23K4 電商及XaaS
1663,,6743.0,安普新,M2331,,23U,,M2331 其他電子業,M23U2 聲學產品
1664,,6747.0,亨泰光,M1722,,17G,,M1722 生技醫療,M17G 醫療耗材
1665,,6751.0,智聯服務,M2330,,23X,,M2330 資訊服務業,M23X1 系統整合
1666,,6752.0,叡揚資訊,M2330,,23X,,M2330 資訊服務業,M23X9 應用軟體
1667,,6754.0,匯僑設計,M9900,,25C,,M9900 其他,M25C 工程承攬
1668,,6756.0,威鋒電子,M2324,,23G,,M2324 半導體,M23G5 IC設計
1669,,6762.0,達亞,M1722,,17G,,M1722 生技醫療,M17G 醫療耗材
1670,,6767.0,台微醫,M1722,,17G,,M1722 生技醫療,M17G 醫療耗材
1671,,6768.0,志強-KY,M9900,,99K,,M9900 其他,M99K 鞋及旅行箱
1672,,6776.0,展碁國際,M2329,,23T,,M2329 電子通路業,M23T1 3C通路
1673,,6781.0,AES-KY,M2328,,23D,,M2328 電子零組件,M23D7 二次電池
1674,,6803.0,崑鼎,M9900,,99L,,M9900 其他,M99L2 廢棄物處理
1675,,7402.0,邑錡,M2326,,23U,,M2326 光電業,M23UZ 消費性電子
1676,,7556.0,意德士,M2324,,23H,,M2324 半導體,M23H2 電機設備
1677,,8011.0,台通,M2327,,23K,,M2327 通信網路業,M23K6 光元件模組
1678,,8016.0,矽創,M2324,,23G,,M2324 半導體,M23G5 IC設計
1679,,8021.0,尖點,M2331,,23B,,M2331 其他電子業,M23B3X PCB材-其他
1680,,8024.0,佑華,M2324,,23G,,M2324 半導體,M23G5 IC設計
1681,,8027.0,鈦昇,M1500,,23H,,M1500 電機機械,M23H2 電機設備
1682,,8028.0,昇陽半導體,M2324,,23G,,M2324 半導體,M23G3C 晶圓材料
1683,,8032.0,光菱,M2329,,23T,,M2329 電子通路業,M23T2 零組件代理
1684,,8033.0,雷虎,M9900,,99Z,,M9900 其他,M99ZC 其他製造業
1685,,8034.0,榮群,M2327,,23K,,M2327 通信網路業,M23K1 網通工程
1686,,8038.0,長園科,M2328,,23D,,M2328 電子零組件,M23D7 二次電池
1687,,8039.0,台虹,M2328,,23B,,M2328 電子零組件,M23B3C FCCL
1688,,8040.0,九暘,M2324,,23G,,M2324 半導體,M23G5 IC設計
1689,,8042.0,金山電,M2328,,23D,,M2328 電子零組件,M23D5 被動元件
1690,,8043.0,蜜望實,M2328,,23T,,M2328 電子零組件,M23T2 零組件代理
1691,,8044.0,網家,M3400,,23K,,M3400 電子商務,M23K4 電商及XaaS
1692,,8046.0,南電,M2328,,23B,,M2328 電子零組件,M23B2A IC載板
1693,,8047.0,星雲,M2331,,23C,,M2331 其他電子業,M23C3 PC週邊
1694,,8048.0,德勝,M2327,,23E,,M2327 通信網路業,M23E2 網路卡
1695,,8049.0,晶采,M2326,,23C,,M2326 光電業,M23C8D LCD-其他
1696,,8050.0,廣積,M2325,,23B,,M2325 電腦及週邊,M23B5B 工業電腦
1697,,8054.0,安國,M2324,,23G,,M2324 半導體,M23G5 IC設計
1698,,8059.0,凱碩,M2327,,23E,,M2327 通信網路業,M23E1 數據機
1699,,8064.0,東捷,M2326,,23H,,M2326 光電業,M23H2 電機設備
1700,,8066.0,來思達,M2900,,99B,,M2900 貿易百貨,M99B 五金及家具
1701,,8067.0,志旭,M2329,,23T,,M2329 電子通路業,M23T1 3C通路
1702,,8068.0,全達,M2329,,23T,,M2329 電子通路業,M23T2 零組件代理
1703,,8069.0,元太,M2326,,23C,,M2326 光電業,M23C8A LCD 面板
1704,,8070.0,長華*,M2329,,23T,,M2329 電子通路業,M23T2 零組件代理
1705,,8071.0,能率網通,M2328,,23D,,M2328 電子零組件,M23D9A 沖壓零組件
1706,,8072.0,陞泰,M2329,,23C,,M2329 電子通路業,M23C9 安全監控
1707,,8074.0,鉅橡,M2328,,23B,,M2328 電子零組件,M23B3X PCB材-其他
1708,,8076.0,伍豐,M2325,,23B,,M2325 電腦及週邊,M23B5A POS
1709,,8077.0,洛碁,M2700,,27A,,M2700 觀光事業,M27A1 飯店業
1710,,8080.0,永利聯合,M2328,,25C,,M2328 電子零組件,M25C 工程承攬
1711,,8081.0,致新,M2324,,23G,,M2324 半導體,M23G5 IC設計
1712,,8083.0,瑞穎,M1500,,15A,,M1500 電機機械,M15A2 模具零件
1713,,8084.0,巨虹,M2329,,23G,,M2329 電子通路業,M23G5 IC設計
1714,,8085.0,福華,M2331,,23C,,M2331 其他電子業,M23C8B 背光模組
1715,,8086.0,宏捷科,M2324,,23G,,M2324 半導體,M23G3A 化合物SEMI
1716,,8087.0,華鎂鑫,M2326,,23C,,M2326 光電業,M23C4A 光碟
1717,,8088.0,品安,M2324,,23G,,M2324 半導體,M23G3B 記憶體模組
1718,,8089.0,康全電訊,M2327,,23E,,M2327 通信網路業,M23E1 數據機
1719,,8091.0,翔名,M2328,,23H,,M2328 電子零組件,M23H2 電機設備
1720,,8092.0,建暐,M2331,,23H,,M2331 其他電子業,M23H2 電機設備
1721,,8093.0,保銳,M2328,,23D,,M2328 電子零組件,M23D3 電源供應器
1722,,8096.0,擎亞,M2329,,23T,,M2329 電子通路業,M23T2 零組件代理
1723,,8097.0,常珵,M2327,,23D,,M2327 通信網路業,M23D2 連接器
1724,,8099.0,大世科,M2330,,23X,,M2330 資訊服務業,M23X1 系統整合
1725,,8101.0,華冠,M2327,,23K,,M2327 通信網路業,M23KX 其他網通
1726,,8103.0,瀚荃,M2328,,23D,,M2328 電子零組件,M23D2 連接器
1727,,8104.0,錸寶,M2326,,23C,,M2326 光電業,M23C8A LCD 面板
1728,,8105.0,凌巨,M2326,,23C,,M2326 光電業,M23C8D LCD-其他
1729,,8107.0,大億金茂,M1500,,15D,,M1500 電機機械,M15D 汽車組件
1730,,8109.0,博大,M2328,,23D,,M2328 電子零組件,M23D3 電源供應器
1731,,8110.0,華東,M2324,,23G,,M2324 半導體,M23G2 IC封測
1732,,8111.0,立碁,M2326,,23C,,M2326 光電業,M23C6C 封裝及應用
1733,,8112.0,至上,M2329,,23T,,M2329 電子通路業,M23T2 零組件代理
1734,,8114.0,振樺電,M2325,,23B,,M2325 電腦及週邊,M23B5A POS
1735,,8121.0,越峰,M2328,,23D,,M2328 電子零組件,M23D5 被動元件
1736,,8131.0,福懋科,M2324,,23G,,M2324 半導體,M23G2 IC封測
1737,,8147.0,正淩,M2328,,23D,,M2328 電子零組件,M23D2 連接器
1738,,8150.0,南茂,M2324,,23G,,M2324 半導體,M23G2 IC封測
1739,,8155.0,博智,M2328,,23B,,M2328 電子零組件,M23B2D 硬板及其他
1740,,8163.0,達方,M2325,,23C,,M2325 電腦及週邊,M23C3 PC週邊
1741,,8171.0,天宇,M2327,,23D,,M2327 通信網路業,M23D7 二次電池
1742,,8176.0,智捷,M2327,,23E,,M2327 通信網路業,M23E1 數據機
1743,,8182.0,加高,M2328,,23D,,M2328 電子零組件,M23D6 石英元件
1744,,8183.0,精星,M2331,,23B,,M2331 其他電子業,M23B2B PCB 組裝
1745,,8201.0,無敵,M2331,,23Z,,M2331 其他電子業,M23Z 其他電子
1746,,8210.0,勤誠,M2325,,23D,,M2325 電腦及週邊,M23D4 機殼
1747,,8213.0,志超,M2328,,23B,,M2328 電子零組件,M23B2D 硬板及其他
1748,,8215.0,明基材,M2326,,23C,,M2326 光電業,M23C8C LCD 原料
1749,,8222.0,寶一,M1500,,22B,,M1500 電機機械,M22B3 航空器製造
1750,,8234.0,新漢,M2325,,23B,,M2325 電腦及週邊,M23B5B 工業電腦
1751,,8240.0,華宏,M2326,,23C,,M2326 光電業,M23C8C LCD 原料
1752,,8249.0,菱光,M2328,,23C,,M2328 電子零組件,M23C2 影像掃描
1753,,8255.0,朋程,M1500,,15D,,M1500 電機機械,M15D 汽車組件
1754,,8261.0,富鼎,M2324,,23G,,M2324 半導體,M23G5 IC設計
1755,,8271.0,宇瞻,M2324,,23G,,M2324 半導體,M23G3B 記憶體模組
1756,,8277.0,商丞,M2324,,23G,,M2324 半導體,M23G3B 記憶體模組
1757,,8279.0,生展,M1722,,17C,,M1722 生技醫療,M17C2 機能性食品
1758,,8284.0,三竹,M2330,,23K,,M2330 資訊服務業,M23K4 電商及XaaS
1759,,8289.0,泰藝,M2328,,23D,,M2328 電子零組件,M23D6 石英元件
1760,,8291.0,尚茂,M2328,,23B,,M2328 電子零組件,M23B3A 銅箔基板
1761,,8299.0,群聯,M2324,,23G,,M2324 半導體,M23G5 IC設計
1762,,8341.0,日友,M9900,,99L,,M9900 其他,M99L2 廢棄物處理
1763,,8342.0,益張,M9900,,20A,,M9900 其他,M20A9 金屬加工
1764,,8349.0,恒耀,M2000,,20A,,M2000 鋼鐵工業,M20A1 線材
1765,,8354.0,冠好,M9900,,13A,,M9900 其他,M13A9 膠帶
1766,,8358.0,金居,M2328,,23B,,M2328 電子零組件,M23B3X PCB材-其他
1767,,8367.0,建新國際,M2600,,26C,,M2600 航運業,M26C 貨運倉儲業
1768,,8374.0,羅昇,M1500,,15A,,M1500 電機機械,M15A2 模具零件
1769,,8383.0,千附,M2331,,23H,,M2331 其他電子業,M23H1 廠辦機電
1770,,8390.0,金益鼎,M9900,,99L,,M9900 其他,M99L1 貴金屬回收
1771,,8401.0,白紗科,M9900,,99C,,M9900 其他,M99C 印刷
1772,,8403.0,盛弘,M1722,,17X,,M1722 生技醫療,M17X 藥局
1773,,8404.0,百和興業-KY,M9900,,14Z,,M9900 其他,M14Z 其他紡織
1774,,8406.0,金可-KY,M1722,,17G,,M1722 生技醫療,M17G 醫療耗材
1775,,8409.0,商之器,M1722,,23X,,M1722 生技醫療,M23X9 應用軟體
1776,,8410.0,森田,M2325,,23D,,M2325 電腦及週邊,M23D4 機殼
1777,,8411.0,福貞-KY,M9900,,20B,,M9900 其他,M20B 金屬製品
1778,,8415.0,大國鋼,M2000,,20A,,M2000 鋼鐵工業,M20A1 線材
1779,,8416.0,實威,M2330,,23X,,M2330 資訊服務業,M23X9 應用軟體
1780,,8418.0,捷必勝-KY,M9900,,15B,,M9900 其他,M15B1 電機
1781,,8420.0,明揚,M9900,,99Z,,M9900 其他,M99Z2 高爾夫用品
1782,,8421.0,旭源,M9900,,13B,,M9900 其他,M13B 塑膠製品
1783,,8422.0,可寧衛,M9900,,99L,,M9900 其他,M99L2 廢棄物處理
1784,,8423.0,保綠-KY,M9900,,21C,,M9900 其他,M21C 橡膠原料
1785,,8424.0,惠普,M2500,,11C,,M2500 建材營造,M11C 其他水泥
1786,,8426.0,紅木-KY,M9900,,99B,,M9900 其他,M99B 五金及家具
1787,,8427.0,基勝-KY,M9900,,99B,,M9900 其他,M99B 五金及家具
1788,,8429.0,金麗-KY,M2900,,99K,,M2900 貿易百貨,M99K 鞋及旅行箱
1789,,8431.0,匯鑽科,M2331,,23C,,M2331 其他電子業,M23C4B 硬碟磁碟
1790,,8432.0,東生華,M1722,,17C,,M1722 生技醫療,M17C1 西藥
1791,,8433.0,弘帆,M2900,,29B,,M2900 貿易百貨,M29B 貿易業
1792,,8435.0,鉅邁,M9900,,99L,,M9900 其他,M99L2 廢棄物處理
1793,,8436.0,大江,M1722,,17C,,M1722 生技醫療,M17C2 機能性食品
1794,,8437.0,大地-KY,M9900,,99Z,,M9900 其他,M99ZX 其他服務業
1795,,8440.0,綠電,M9900,,99L,,M9900 其他,M99L2 廢棄物處理
1796,,8442.0,威宏-KY,M9900,,99K,,M9900 其他,M99K 鞋及旅行箱
1797,,8443.0,阿瘦,M2900,,99K,,M2900 貿易百貨,M99K 鞋及旅行箱
1798,,8444.0,綠河-KY,M9900,,99B,,M9900 其他,M99B 五金及家具
1799,,8446.0,華研,M3200,,99Z,,M3200 文化創意業,M99ZX 其他服務業
1800,,8450.0,霹靂,M3200,,99H,,M3200 文化創意業,M99H 電視廣播
1801,,8454.0,富邦媒,M2900,,23K,,M2900 貿易百貨,M23K4 電商及XaaS
1802,,8455.0,大拓-KY,M2331,,15A,,M2331 其他電子業,M15A1 工具機
1803,,8462.0,柏文,M2700,,99Z,,M2700 觀光事業,M99ZX 其他服務業
1804,,8463.0,潤泰材,M9900,,11A,,M9900 其他,M11A 水泥製造
1805,,8464.0,億豐,M9900,,99B,,M9900 其他,M99B 五金及家具
1806,,8466.0,美吉吉-KY,M9900,,13B,,M9900 其他,M13B 塑膠製品
1807,,8467.0,波力-KY,M9900,,99Z,,M9900 其他,M99ZC 其他製造業
1808,,8472.0,夠麻吉,M3400,,23K,,M3400 電子商務,M23K4 電商及XaaS
1809,,8473.0,山林水,M9900,,99L,,M9900 其他,M99L2 廢棄物處理
1810,,8476.0,台境,M9900,,99L,,M9900 其他,M99L2 廢棄物處理
1811,,8477.0,創業家,M3400,,23K,,M3400 電子商務,M23K4 電商及XaaS
1812,,8478.0,東哥遊艇,M9900,,22B,,M9900 其他,M22B1 船舶製造
1813,,8480.0,泰昇-KY,M9900,,14F,,M9900 其他,M14F 不織布
1814,,8481.0,政伸,M9900,,99C,,M9900 其他,M99C 印刷
1815,,8482.0,商億-KY,M9900,,99B,,M9900 其他,M99B 五金及家具
1816,,8488.0,吉源-KY,M9900,,20B,,M9900 其他,M20B 金屬製品
1817,,8489.0,三貝德,M9900,,99Z,,M9900 其他,M99ZX 其他服務業
1818,,8499.0,鼎炫-KY,M2331,,23Z,,M2331 其他電子業,M23Z 其他電子
1819,,8905.0,裕國,M9900,,12A,,M9900 其他,M12A 罐頭加工
1820,,8906.0,花王,M9900,,99C,,M9900 其他,M99C 印刷
1821,,8908.0,欣雄,M9700,,99D,,M9700 油電燃氣業,M99D2 天然氣
1822,,8916.0,光隆,M9900,,14Z,,M9900 其他,M14Z 其他紡織
1823,,8917.0,欣泰,M9700,,99D,,M9700 油電燃氣業,M99D2 天然氣
1824,,8921.0,沈氏,M9900,,99C,,M9900 其他,M99C 印刷
1825,,8923.0,時報,M3200,,99F,,M3200 文化創意業,M99F 平媒電子報
1826,,8926.0,台汽電,M9700,,99D,,M9700 油電燃氣業,M99D3 汽電共生
1827,,8927.0,北基,M9700,,99D,,M9700 油電燃氣業,M99D1 加油站
1828,,8928.0,鉅明,M9900,,99Z,,M9900 其他,M99Z2 高爾夫用品
1829,,8929.0,富堡,M9900,,14F,,M9900 其他,M14F 不織布
1830,,8930.0,青鋼,M2000,,20B,,M2000 鋼鐵工業,M20B 金屬製品
1831,,8931.0,大汽電,M9700,,99D,,M9700 油電燃氣業,M99D3 汽電共生
1832,,8932.0,宏大,M9900,,14Z,,M9900 其他,M14Z 其他紡織
1833,,8933.0,愛地雅,M9900,,99Z,,M9900 其他,M99Z1 自行健行車
1834,,8935.0,邦泰,M9900,,13B,,M9900 其他,M13B 塑膠製品
1835,,8936.0,國統,M9900,,20B,,M9900 其他,M20B 金屬製品
1836,,8937.0,合騏,M9900,,22A,,M9900 其他,M22A 汽車製造
1837,,8940.0,新天地,M2700,,27A,,M2700 觀光事業,M27A2 餐飲業
1838,,8941.0,關中,M2900,,99B,,M2900 貿易百貨,M99B 五金及家具
1839,,8942.0,森鉅,M9900,,13A,,M9900 其他,M13A8 塑膠加工
1840,,8996.0,高力,M1500,,20A,,M1500 電機機械,M20A9 金屬加工
1841,,9103.0,美德醫療-DR,W91  ,,17G,,W91   存託憑證,M17G 醫療耗材
1842,,9103.0,2 康師傅-DR,W91  ,,12Z,,W91   存託憑證,M12Z 其他食品
1843,,9105.0,泰金寶-DR,W91  ,,23C,,W91   存託憑證,M23C3 PC週邊
1844,,9108.0,1 神州-DR,W91  ,,23X,,W91   存託憑證,M23X1 系統整合
1845,,9110.0,越南控-DR,W91  ,,22B,,W91   存託憑證,M22B2 機車製造
1846,,9116.0,8 明輝-DR,W91  ,,29B,,W91   存託憑證,M29B 貿易業
1847,,9116.0,2 泰聚亨-DR,W91  ,,20A,,W91   存託憑證,M20A1 線材
1848,,9118.0,8 同方友友-DR,W91  ,,23C,,W91   存託憑證,M23C6C 封裝及應用
1849,,9120.0,0 晨訊科-DR,W91  ,,23E,,W91   存託憑證,M23E1 數據機
1850,,9123.0,8 友佳-DR,W91  ,,15A,,W91   存託憑證,M15A1 工具機
1851,,9136.0,巨騰-DR,W91  ,,23D,,W91   存託憑證,M23D4 機殼
1852,,9188.0,精熙-DR,W91  ,,23U,,W91   存託憑證,M23U1 光學鏡頭
1853,,9802.0,鈺齊-KY,M9900,,99K,,M9900 其他,M99K 鞋及旅行箱
1854,,9902.0,台火,M9900,,99Z,,M9900 其他,M99ZC 其他製造業
1855,,9904.0,寶成,M9900,,99K,,M9900 其他,M99K 鞋及旅行箱
1856,,9905.0,大華,M9900,,20B,,M9900 其他,M20B 金屬製品
1857,,9906.0,欣巴巴,M2500,,25A,,M2500 建材營造,M25A 建設
1858,,9907.0,統一實,M9900,,20B,,M9900 其他,M20B 金屬製品
1859,,9908.0,大台北,M9700,,99D,,M9700 油電燃氣業,M99D2 天然氣
1860,,9911.0,櫻花,M9900,,99B,,M9900 其他,M99B 五金及家具
1861,,9912.0,偉聯,M2325,,23C,,M2325 電腦及週邊,M23C1 顯示器
1862,,9917.0,中保科,M9900,,99I,,M9900 其他,M99I 保全業
1863,,9918.0,欣天然,M9700,,99D,,M9700 油電燃氣業,M99D2 天然氣
1864,,9919.0,康那香,M9900,,14F,,M9900 其他,M14F 不織布
1865,,9924.0,福興,M9900,,99B,,M9900 其他,M99B 五金及家具
1866,,9925.0,新保,M9900,,99I,,M9900 其他,M99I 保全業
1867,,9926.0,新海,M9700,,99D,,M9700 油電燃氣業,M99D2 天然氣
1868,,9927.0,泰銘,M9900,,20A,,M9900 其他,M20A5 鋁鋅
1869,,9928.0,中視,M9900,,99H,,M9900 其他,M99H 電視廣播
1870,,9929.0,秋雨,M9900,,99C,,M9900 其他,M99C 印刷
1871,,9930.0,中聯資源,M9900,,11C,,M9900 其他,M11C 其他水泥
1872,,9931.0,欣高,M9700,,99D,,M9700 油電燃氣業,M99D2 天然氣
1873,,9933.0,中鼎,M9900,,25C,,M9900 其他,M25C 工程承攬
1874,,9934.0,成霖,M9900,,99B,,M9900 其他,M99B 五金及家具
1875,,9935.0,慶豐富,M9900,,99B,,M9900 其他,M99B 五金及家具
1876,,9937.0,全國,M9700,,99D,,M9700 油電燃氣業,M99D1 加油站
1877,,9938.0,百和,M9900,,14Z,,M9900 其他,M14Z 其他紡織
1878,,9939.0,宏全,M9900,,13B,,M9900 其他,M13B 塑膠製品
1879,,9940.0,信義,M9900,,25D,,M9900 其他,M25D 仲介建經
1880,,9942.0,茂順,M9900,,15D,,M9900 其他,M15D 汽車組件
1881,,9943.0,好樂迪,M2700,,27B,,M2700 觀光事業,M27B 觀光遊樂區
1882,,9944.0,新麗,M9900,,14F,,M9900 其他,M14F 不織布
1883,,9946.0,三發地產,M2500,,25A,,M2500 建材營造,M25A 建設
1884,,9949.0,琉園,M3200,,18 ,,M3200 文化創意業,M18 玻璃陶瓷
1885,,9950.0,萬國通,M1300,,99K,,M1300 塑膠工業,M99K 鞋及旅行箱
1886,,9951.0,皇田,M1500,,15D,,M1500 電機機械,M15D 汽車組件
1887,,9955.0,佳龍,M9900,,99L,,M9900 其他,M99L1 貴金屬回收
1888,,9960.0,邁達康,M2900,,29A,,M2900 貿易百貨,M29A9 其他零售
1889,,9962.0,有益,M2000,,20A,,M2000 鋼鐵工業,M20A6 不鏽鋼
