,代號,名稱,new_industry,minor_industry,industry_title
0,1101,台泥,水泥製造,,水泥製造類
1,1102,亞泥,水泥製造,,水泥製造類
2,1103,嘉泥,水泥製造,,水泥製造類
3,1104,環泥,水泥製造,,水泥製造類
4,1108,幸福,水泥製造,,水泥製造類
5,1109,信大,水泥製造,,水泥製造類
6,1110,東泥,水泥製造,,水泥製造類
7,1201,味全,飲料乳品,,飲料乳品類
8,1203,味王,其他食品,,其他食品類
9,1210,大成,油脂飼料,,油脂飼料類
10,1213,大飲,飲料乳品,,飲料乳品類
11,1215,卜蜂,油脂飼料,,油脂飼料類
12,1216,統一,飲料乳品,,飲料乳品類
13,1217,愛之味,罐頭加工,,罐頭加工類
14,1218,泰山,油脂飼料,,油脂飼料類
15,1219,福壽,油脂飼料,,油脂飼料類
16,1220,台榮,油脂飼料,,油脂飼料類
17,1225,福懋油,油脂飼料,,油脂飼料類
18,1227,佳格,其他食品,,其他食品類
19,1229,聯華,油脂飼料,,油脂飼料類
20,1231,聯華食,其他食品,,其他食品類
21,1232,大統益,油脂飼料,,油脂飼料類
22,1233,天仁,其他食品,,其他食品類
23,1234,黑松,飲料乳品,,飲料乳品類
24,1235,興泰,油脂飼料,,油脂飼料類
25,1236,宏亞,其他食品,,其他食品類
26,1240,茂生農經,油脂飼料,,油脂飼料類
27,1256,鮮活果汁-KY,飲料乳品,,飲料乳品類
28,1258,其祥-KY,其他食品,,其他食品類
29,1259,安心,餐飲飯店,餐飲業,餐飲飯店:餐飲業類
30,1264,德麥,其他食品,,其他食品類
31,1268,漢來美食,餐飲飯店,餐飲業,餐飲飯店:餐飲業類
32,1301,台塑,石化,泛用塑膠,石化:泛用塑膠類
33,1303,南亞,石化,泛用塑膠,石化:泛用塑膠類
34,1304,台聚,石化,泛用塑膠,石化:泛用塑膠類
35,1305,華夏,石化,泛用塑膠,石化:泛用塑膠類
36,1307,三芳,石化,合成皮,石化:合成皮類
37,1308,亞聚,石化,泛用塑膠,石化:泛用塑膠類
38,1309,台達化,石化,泛用塑膠,石化:泛用塑膠類
39,1310,台苯,石化,泛用塑膠,石化:泛用塑膠類
40,1312,國喬,石化,泛用塑膠,石化:泛用塑膠類
41,1313,聯成,石化,可塑劑,石化:可塑劑類
42,1314,中石化,石化,化纖,石化:化纖類
43,1315,達新,石化,塑膠加工,石化:塑膠加工類
44,1316,上曜,建設,,建設類
45,1319,東陽,汽車組件,,汽車組件類
46,1321,大洋,石化,塑膠加工,石化:塑膠加工類
47,1323,永裕,石化,塑膠加工,石化:塑膠加工類
48,1324,地球,石化,膠帶,石化:膠帶類
49,1325,恒大,不織布,,不織布類
50,1326,台化,石化,泛用塑膠,石化:泛用塑膠類
51,1336,台翰,電子零組件,沖壓零組件,電子零組件:沖壓零組件類
52,1337,再生-KY,塑膠製品,,塑膠製品類
53,1338,廣華-KY,汽車組件,,汽車組件類
54,1339,昭輝,汽車組件,,汽車組件類
55,1340,勝悅-KY,塑膠製品,,塑膠製品類
56,1341,富林-KY,石化,合成皮,石化:合成皮類
57,1342,八貫,塑膠製品,,塑膠製品類
58,1402,遠東新,人纖,聚酯絲棉,人纖:聚酯絲棉類
59,1409,新纖,人纖,聚酯絲棉,人纖:聚酯絲棉類
60,1410,南染,染整,,染整類
61,1413,宏洲,人纖,加工絲,人纖:加工絲類
62,1414,東和,棉紡,聚酯紗棉紗,棉紡:聚酯紗棉紗類
63,1416,廣豐,百貨批發,百貨購物中,百貨批發:百貨購物中類
64,1417,嘉裕,成衣,成衣製造,成衣:成衣製造類
65,1418,東華,棉紡,亞克力纖維,棉紡:亞克力纖維類
66,1419,新紡,成衣,織布,成衣:織布類
67,1423,利華,毛紡,毛紡,毛紡:毛紡類
68,1432,大魯閣,百貨批發,百貨購物中,百貨批發:百貨購物中類
69,1434,福懋,成衣,織布,成衣:織布類
70,1436,華友聯,建設,,建設類
71,1437,勤益控,物業管理,,物業管理類
72,1438,三地開發,建設,,建設類
73,1439,雋揚,毛紡,毛紡,毛紡:毛紡類
74,1440,南紡,人纖,聚酯絲棉,人纖:聚酯絲棉類
75,1441,大東,棉紡,聚酯紗棉紗,棉紡:聚酯紗棉紗類
76,1442,名軒,建設,,建設類
77,1443,立益物流,貨運倉儲業,,貨運倉儲業類
78,1444,力麗,人纖,加工絲,人纖:加工絲類
79,1445,大宇,成衣,織布,成衣:織布類
80,1446,宏和,成衣,織布,成衣:織布類
81,1447,力鵬,人纖,尼龍絲,人纖:尼龍絲類
82,1449,佳和,成衣,織布,成衣:織布類
83,1451,年興,成衣,成衣製造,成衣:成衣製造類
84,1452,宏益,人纖,加工絲,人纖:加工絲類
85,1453,大將,建設,,建設類
86,1454,台富,成衣,織布,成衣:織布類
87,1455,集盛,人纖,尼龍絲,人纖:尼龍絲類
88,1456,怡華,建設,,建設類
89,1457,宜進,人纖,加工絲,人纖:加工絲類
90,1459,聯發,人纖,加工絲,人纖:加工絲類
91,1460,宏遠,成衣,織布,成衣:織布類
92,1463,強盛,染整,,染整類
93,1464,得力,成衣,織布,成衣:織布類
94,1465,偉全,成衣,織布,成衣:織布類
95,1466,聚隆,人纖,尼龍絲,人纖:尼龍絲類
96,1467,南緯,成衣,成衣製造,成衣:成衣製造類
97,1468,昶和,成衣,織布,成衣:織布類
98,1470,大統新創,染整,,染整類
99,1471,首利,電子零組件,電源供應器,電子零組件:電源供應器類
100,1472,三洋實業,營造,,營造類
101,1473,台南,成衣,成衣製造,成衣:成衣製造類
102,1474,弘裕,成衣,織布,成衣:織布類
103,1475,業旺,成衣,織布,成衣:織布類
104,1476,儒鴻,成衣,成衣製造,成衣:成衣製造類
105,1477,聚陽,成衣,成衣製造,成衣:成衣製造類
106,1503,士電,電機製品,電機,電機製品:電機類
107,1504,東元,電機製品,電機,電機製品:電機類
108,1506,正道,汽車組件,,汽車組件類
109,1512,瑞利,汽車組件,,汽車組件類
110,1513,中興電,電機製品,電機,電機製品:電機類
111,1514,亞力,電機製品,電機,電機製品:電機類
112,1515,力山,其他電製品,,其他電製品類
113,1516,川飛,其他,其他製造業,其他:其他製造業類
114,1517,利奇,自行車組件,,自行車組件類
115,1519,華城,電機製品,電機,電機製品:電機類
116,1521,大億,汽車組件,,汽車組件類
117,1522,堤維西,汽車組件,,汽車組件類
118,1524,耿鼎,汽車組件,,汽車組件類
119,1525,江申,汽車組件,,汽車組件類
120,1526,日馳,自行車組件,,自行車組件類
121,1527,鑽全,機械業,工具機,機械業:工具機類
122,1528,恩德,機械業,工具機,機械業:工具機類
123,1529,樂事綠能,電機製品,電機,電機製品:電機類
124,1530,亞崴,機械業,工具機,機械業:工具機類
125,1531,高林股,機械業,紡織工具機,機械業:紡織工具機類
126,1532,勤美,機械業,模具零件,機械業:模具零件類
127,1533,車王電,汽車組件,,汽車組件類
128,1535,中宇,電機製品,機電工程,電機製品:機電工程類
129,1536,和大,汽車組件,,汽車組件類
130,1537,廣隆,電子零組件,3C二次電池,電子零組件:3C二次電池類
131,1538,正峰,機械業,工具機,機械業:工具機類
132,1539,巨庭,機械業,工具機,機械業:工具機類
133,1540,喬福,機械業,工具機,機械業:工具機類
134,1541,錩泰,機械業,工具機,機械業:工具機類
135,1558,伸興,機械業,紡織工具機,機械業:紡織工具機類
136,1560,中砂,半導體,晶圓材料,半導體:晶圓材料類
137,1565,精華,醫療耗材,,醫療耗材類
138,1568,倉佑,汽車組件,,汽車組件類
139,1569,濱川,電子零組件,機殼,電子零組件:機殼類
140,1570,力肯,機械業,工具機,機械業:工具機類
141,1580,新麥,其他電製品,,其他電製品類
142,1582,信錦,電子零組件,沖壓零組件,電子零組件:沖壓零組件類
143,1583,程泰,機械業,工具機,機械業:工具機類
144,1584,精剛,金屬基本,不銹鋼,金屬基本:不銹鋼類
145,1586,和勤,電子零組件,沖壓零組件,電子零組件:沖壓零組件類
146,1587,吉茂,汽車組件,,汽車組件類
147,1589,永冠-KY,機械業,模具零件,機械業:模具零件類
148,1590,亞德客-KY,機械業,模具零件,機械業:模具零件類
149,1591,駿吉-KY,機械業,工具機,機械業:工具機類
150,1593,祺驊,其他電製品,,其他電製品類
151,1595,川寶,電子設備,電機設備,電子設備:電機設備類
152,1597,直得,機械業,模具零件,機械業:模具零件類
153,1598,岱宇,其他電製品,,其他電製品類
154,1599,宏佳騰,汽車製造,,汽車製造類
155,1603,華電,,,
156,1604,聲寶,家電製品,家電,家電製品:家電類
157,1605,華新,,,
158,1608,華榮,,,
159,1609,大亞,,,
160,1611,中電,家電製品,照明,家電製品:照明類
161,1612,宏泰,,,
162,1614,三洋電,家電製品,家電,家電製品:家電類
163,1615,大山,,,
164,1616,億泰,,,
165,1617,榮星,,,
166,1618,合機,,,
167,1626,艾美特-KY,家電製品,家電,家電製品:家電類
168,1701,中化,藥,西藥,藥:西藥類
169,1702,南僑,油脂飼料,,油脂飼料類
170,1707,葡萄王,藥,機能性食品,藥:機能性食品類
171,1708,東鹼,其他化學,,其他化學類
172,1709,和益,清潔劑,,清潔劑類
173,1710,東聯,石化,化纖,石化:化纖類
174,1711,永光,染料及顏料,,染料及顏料類
175,1712,興農,藥,農藥肥料,藥:農藥肥料類
176,1713,國化,染料及顏料,,染料及顏料類
177,1714,和桐,清潔劑,,清潔劑類
178,1717,長興,樹脂,,樹脂類
179,1718,中纖,石化,化纖,石化:化纖類
180,1720,生達,藥,西藥,藥:西藥類
181,1721,三晃,樹脂,,樹脂類
182,1722,台肥,藥,農藥肥料,藥:農藥肥料類
183,1723,中碳,其他化學,,其他化學類
184,1725,元禎,其他化學,,其他化學類
185,1726,永記,染料及顏料,,染料及顏料類
186,1727,中華化,其他化學,,其他化學類
187,1730,花仙子,清潔劑,,清潔劑類
188,1731,美吾華,藥,西藥,藥:西藥類
189,1732,毛寶,清潔劑,,清潔劑類
190,1733,五鼎,醫療耗材,,醫療耗材類
191,1734,杏輝,藥,西藥,藥:西藥類
192,1735,日勝化,樹脂,,樹脂類
193,1736,喬山,其他電製品,,其他電製品類
194,1737,臺鹽,其他食品,,其他食品類
195,1742,台蠟,其他化學,,其他化學類
196,1752,南光,藥,西藥,藥:西藥類
197,1760,寶齡富錦,藥,西藥,藥:西藥類
198,1762,中化生,藥,西藥,藥:西藥類
199,1773,勝一,其他化學,,其他化學類
200,1776,展宇,樹脂,,樹脂類
201,1777,生泰,藥,西藥,藥:西藥類
202,1781,合世,醫療耗材,,醫療耗材類
203,1783,和康生,醫療耗材,,醫療耗材類
204,1784,訊聯,生物科技,,生物科技類
205,1785,光洋科,,貴金屬回收,貴金屬回收類
206,1786,科妍,醫療耗材,,醫療耗材類
207,1788,杏昌,醫療耗材,,醫療耗材類
208,1789,神隆,藥,西藥,藥:西藥類
209,1795,美時,藥,西藥,藥:西藥類
210,1796,金穎生技,藥,機能性食品,藥:機能性食品類
211,1799,易威,藥,西藥,藥:西藥類
212,1802,台玻,,,
213,1805,寶徠,建設,,建設類
214,1806,冠軍,,,
215,1808,潤隆,建設,,建設類
216,1809,中釉,,,
217,1810,和成,,,
218,1813,寶利徠,醫療耗材,,醫療耗材類
219,1815,富喬,主機板,玻纖紗. 布,主機板:玻纖紗. 布類
220,1817,凱撒衛,,,
221,1903,士紙,造紙,,造紙類
222,1904,正隆,造紙,,造紙類
223,1905,華紙,紙漿,,紙漿類
224,1906,寶隆,造紙,,造紙類
225,1907,永豐餘,造紙,,造紙類
226,1909,榮成,造紙,,造紙類
227,2002,中鋼,金屬基本,鋼板,金屬基本:鋼板類
228,2006,東和鋼鐵,金屬基本,鋼筋,金屬基本:鋼筋類
229,2007,燁興,金屬基本,線材,金屬基本:線材類
230,2008,高興昌,金屬基本,鋼管,金屬基本:鋼管類
231,2009,第一銅,金屬基本,銅,金屬基本:銅類
232,2010,春源,金屬基本,鋼板,金屬基本:鋼板類
233,2012,春雨,金屬基本,線材,金屬基本:線材類
234,2013,中鋼構,金屬基本,鋼筋,金屬基本:鋼筋類
235,2014,中鴻,金屬基本,鋼板,金屬基本:鋼板類
236,2015,豐興,金屬基本,鋼筋,金屬基本:鋼筋類
237,2017,官田鋼,金屬基本,線材,金屬基本:線材類
238,2020,美亞,金屬基本,鋼管,金屬基本:鋼管類
239,2022,聚亨,金屬基本,線材,金屬基本:線材類
240,2023,燁輝,金屬基本,鋼板,金屬基本:鋼板類
241,2024,志聯,金屬基本,線材,金屬基本:線材類
242,2025,千興,金屬基本,不銹鋼,金屬基本:不銹鋼類
243,2027,大成鋼,金屬基本,不銹鋼,金屬基本:不銹鋼類
244,2028,威致,金屬基本,鋼筋,金屬基本:鋼筋類
245,2029,盛餘,金屬基本,鋼板,金屬基本:鋼板類
246,2030,彰源,金屬基本,鋼管,金屬基本:鋼管類
247,2031,新光鋼,金屬基本,鋼板,金屬基本:鋼板類
248,2032,新鋼,金屬基本,不銹鋼,金屬基本:不銹鋼類
249,2033,佳大,金屬基本,線材,金屬基本:線材類
250,2034,允強,金屬基本,鋼管,金屬基本:鋼管類
251,2035,唐榮,金屬基本,不銹鋼,金屬基本:不銹鋼類
252,2038,海光,金屬基本,鋼筋,金屬基本:鋼筋類
253,2049,上銀,機械業,模具零件,機械業:模具零件類
254,2059,川湖,金屬製品,,金屬製品類
255,2061,風青,金屬基本,銅,金屬基本:銅類
256,2062,橋椿,家用五金及家具,,家用五金及家具類
257,2063,世鎧,金屬基本,線材,金屬基本:線材類
258,2064,晉椿,金屬基本,線材,金屬基本:線材類
259,2065,世豐,金屬基本,線材,金屬基本:線材類
260,2066,世德,汽車組件,,汽車組件類
261,2067,嘉鋼,機械業,模具零件,機械業:模具零件類
262,2069,運錩,金屬基本,不銹鋼,金屬基本:不銹鋼類
263,2070,精湛,儀器設備,,儀器設備類
264,2073,雄順,金屬製品,,金屬製品類
265,2101,南港,輪胎,,輪胎類
266,2102,泰豐,輪胎,,輪胎類
267,2103,台橡,橡膠原料,,橡膠原料類
268,2104,國際中橡,橡膠原料,,橡膠原料類
269,2105,正新,輪胎,,輪胎類
270,2106,建大,輪胎,,輪胎類
271,2107,厚生,橡膠,其他橡膠,橡膠:其他橡膠類
272,2108,南帝,橡膠原料,,橡膠原料類
273,2109,華豐,輪胎,,輪胎類
274,2114,鑫永銓,橡膠,工業橡膠,橡膠:工業橡膠類
275,2115,六暉-KY,汽車組件,,汽車組件類
276,2201,裕隆,汽車製造,,汽車製造類
277,2204,中華,汽車製造,,汽車製造類
278,2206,三陽工業,汽車製造,,汽車製造類
279,2207,和泰車,汽車買賣,,汽車買賣類
280,2208,台船,機車船製造,船舶製造,機車船製造:船舶製造類
281,2211,長榮鋼,金屬基本,鋼筋,金屬基本:鋼筋類
282,2221,大甲,金屬基本,鋼管,金屬基本:鋼管類
283,2227,裕日車,汽車買賣,,汽車買賣類
284,2228,劍麟,汽車組件,,汽車組件類
285,2230,泰茂,汽車組件,,汽車組件類
286,2231,為升,汽車組件,,汽車組件類
287,2233,宇隆,汽車組件,,汽車組件類
288,2235,謚源,汽車組件,,汽車組件類
289,2236,百達-KY,汽車組件,,汽車組件類
290,2239,英利-KY,汽車組件,,汽車組件類
291,2241,艾姆勒,汽車組件,,汽車組件類
292,2243,宏旭-KY,汽車組件,,汽車組件類
293,2247,汎德永業,汽車買賣,,汽車買賣類
294,2250,IKKA-KY,汽車組件,,汽車組件類
295,2254,巨鎧,汽車組件,,汽車組件類
296,2301,光寶科,光電/ IO,PC週邊,光電/ IO:PC週邊類
297,2302,麗正,電子零組件,二極體整流,電子零組件:二極體整流類
298,2303,聯電,半導體,晶圓代工,半導體:晶圓代工類
299,2305,全友,光電/ IO,掃瞄器,光電/ IO:掃瞄器類
300,2308,台達電,電子零組件,電源供應器,電子零組件:電源供應器類
301,2312,金寶,PC系統,PC,PC系統:PC類
302,2313,華通,主機板,PCB,主機板:PCB類
303,2314,台揚,通訊設備,通訊設備,通訊設備:通訊設備類
304,2316,楠梓電,主機板,PCB,主機板:PCB類
305,2317,鴻海,PC系統,PC,PC系統:PC類
306,2321,東訊,通訊設備,網路服務,通訊設備:網路服務類
307,2323,中環,光電/ IO,光碟,光電/ IO:光碟類
308,2324,仁寶,PC系統,PC,PC系統:PC類
309,2327,國巨,電子零組件,被動元件,電子零組件:被動元件類
310,2328,廣宇,電子零組件,連接器,電子零組件:連接器類
311,2329,華泰,半導體,IC封測,半導體:IC封測類
312,2330,台積電,半導體,晶圓代工,半導體:晶圓代工類
313,2331,精英,主機板,主機板,主機板:主機板類
314,2332,友訊,網路設備,,網路設備類
315,2337,旺宏,半導體,記憶體製造,半導體:記憶體製造類
316,2338,光罩,半導體,IC光罩,半導體:IC光罩類
317,2340,台亞,光電/ IO,磊晶及晶粒,光電/ IO:磊晶及晶粒類
318,2342,茂矽,半導體,晶圓代工,半導體:晶圓代工類
319,2344,華邦電,半導體,記憶體製造,半導體:記憶體製造類
320,2345,智邦,網路設備,,網路設備類
321,2347,聯強,資訊通路,3C通路,資訊通路:3C通路類
322,2348,海悅,建設,,建設類
323,2349,錸德,光電/ IO,光碟,光電/ IO:光碟類
324,2351,順德,半導體,IC導線架,半導體:IC導線架類
325,2352,佳世達,光電/ IO,監視器,光電/ IO:監視器類
326,2353,宏碁,PC系統,PC品牌,PC系統:PC品牌類
327,2354,鴻準,電子零組件,機殼,電子零組件:機殼類
328,2355,敬鵬,主機板,PCB,主機板:PCB類
329,2356,英業達,PC系統,PC,PC系統:PC類
330,2357,華碩,PC系統,PC品牌,PC系統:PC品牌類
331,2358,廷鑫,金屬基本,鋁鋅,金屬基本:鋁鋅類
332,2359,所羅門,資訊通路,零組件代理,資訊通路:零組件代理類
333,2360,致茂,電子設備,電機設備,電子設備:電機設備類
334,2362,藍天,PC系統,NB,PC系統:NB類
335,2363,矽統,半導體,IC設計,半導體:IC設計類
336,2364,倫飛,PC系統,NB,PC系統:NB類
337,2365,昆盈,光電/ IO,PC週邊,光電/ IO:PC週邊類
338,2367,燿華,主機板,PCB,主機板:PCB類
339,2368,金像電,主機板,PCB,主機板:PCB類
340,2369,菱生,半導體,IC封測,半導體:IC封測類
341,2371,大同,電機製品,電機,電機製品:電機類
342,2373,震旦行,資訊通路,3C通路,資訊通路:3C通路類
343,2374,佳能,消費性電子,消費性電子,消費性電子:消費性電子類
344,2375,凱美,電子零組件,被動元件,電子零組件:被動元件類
345,2376,技嘉,主機板,主機板,主機板:主機板類
346,2377,微星,主機板,主機板,主機板:主機板類
347,2379,瑞昱,半導體,IC設計,半導體:IC設計類
348,2380,虹光,光電/ IO,掃瞄器,光電/ IO:掃瞄器類
349,2382,廣達,PC系統,PC,PC系統:PC類
350,2383,台光電,主機板,銅箔基板,主機板:銅箔基板類
351,2385,群光,光電/ IO,PC週邊,光電/ IO:PC週邊類
352,2387,精元,光電/ IO,PC週邊,光電/ IO:PC週邊類
353,2388,威盛,半導體,IC設計,半導體:IC設計類
354,2390,云辰,光電/ IO,監控系統,光電/ IO:監控系統類
355,2392,正崴,電子零組件,連接器,電子零組件:連接器類
356,2393,億光,光電/ IO,封裝及應用,光電/ IO:封裝及應用類
357,2395,研華,主機板,工業電腦,主機板:工業電腦類
358,2397,友通,主機板,工業電腦,主機板:工業電腦類
359,2399,映泰,主機板,主機板,主機板:主機板類
360,2401,凌陽,半導體,IC設計,半導體:IC設計類
361,2402,毅嘉,主機板,軟板,主機板:軟板類
362,2404,漢唐,電子設備,廠辦機電,電子設備:廠辦機電類
363,2405,輔信,PC系統,NB,PC系統:NB類
364,2406,國碩,光電/ IO,矽晶圓,光電/ IO:矽晶圓類
365,2408,南亞科,半導體,記憶體製造,半導體:記憶體製造類
366,2409,友達,光電/ IO,LCD 面板,光電/ IO:LCD 面板類
367,2412,中華電,通訊設備,電信業,通訊設備:電信業類
368,2413,環科,電子零組件,電源供應器,電子零組件:電源供應器類
369,2414,精技,資訊通路,3C通路,資訊通路:3C通路類
370,2415,錩新,消費性電子,音響設備,消費性電子:音響設備類
371,2417,圓剛,主機板,電視卡,主機板:電視卡類
372,2419,仲琦,網路設備,,網路設備類
373,2420,新巨,電子零組件,電源供應器,電子零組件:電源供應器類
374,2421,建準,電子零組件,散熱零組件,電子零組件:散熱零組件類
375,2423,固緯,電子設備,電機設備,電子設備:電機設備類
376,2424,隴華,通訊設備,網路服務,通訊設備:網路服務類
377,2425,承啟,主機板,繪圖卡,主機板:繪圖卡類
378,2426,鼎元,光電/ IO,磊晶及晶粒,光電/ IO:磊晶及晶粒類
379,2427,三商電,軟體服務,系統整合,軟體服務:系統整合類
380,2428,興勤,電子零組件,被動元件,電子零組件:被動元件類
381,2429,銘旺科,光電/ IO,其他光學,光電/ IO:其他光學類
382,2430,燦坤,資訊通路,3C通路,資訊通路:3C通路類
383,2431,聯昌,電子零組件,電源供應器,電子零組件:電源供應器類
384,2433,互盛電,資訊通路,3C通路,資訊通路:3C通路類
385,2434,統懋,電子零組件,二極體整流,電子零組件:二極體整流類
386,2436,偉詮電,半導體,IC設計,半導體:IC設計類
387,2438,翔耀,光電/ IO,LCD 原料,光電/ IO:LCD 原料類
388,2439,美律,消費性電子,音響設備,消費性電子:音響設備類
389,2440,太空梭,電子零組件,連接器,電子零組件:連接器類
390,2441,超豐,半導體,IC封測,半導體:IC封測類
391,2442,新美齊,建設,,建設類
392,2443,昶虹,其他,其他製造業,其他:其他製造業類
393,2444,兆勁,網路設備,,網路設備類
394,2449,京元電子,半導體,IC封測,半導體:IC封測類
395,2450,神腦,資訊通路,3C通路,資訊通路:3C通路類
396,2451,創見,半導體,記憶體模組,半導體:記憶體模組類
397,2453,凌群,軟體服務,系統整合,軟體服務:系統整合類
398,2454,聯發科,半導體,IC設計,半導體:IC設計類
399,2455,全新,半導體,特用IC,半導體:特用IC類
400,2457,飛宏,電子零組件,電源供應器,電子零組件:電源供應器類
401,2458,義隆,半導體,IC設計,半導體:IC設計類
402,2459,敦吉,資訊通路,零組件代理,資訊通路:零組件代理類
403,2460,建通,電子零組件,連接器,電子零組件:連接器類
404,2461,光群雷,石化,塑膠加工,石化:塑膠加工類
405,2462,良得電,電子零組件,連接器,電子零組件:連接器類
406,2464,盟立,電子設備,廠辦機電,電子設備:廠辦機電類
407,2465,麗臺,主機板,繪圖卡,主機板:繪圖卡類
408,2466,冠西電,光電/ IO,封裝及應用,光電/ IO:封裝及應用類
409,2467,志聖,電子設備,電機設備,電子設備:電機設備類
410,2468,華經,軟體服務,系統整合,軟體服務:系統整合類
411,2471,資通,軟體服務,系統整合,軟體服務:系統整合類
412,2472,立隆電,電子零組件,被動元件,電子零組件:被動元件類
413,2474,可成,電子零組件,機殼,電子零組件:機殼類
414,2476,鉅祥,電子零組件,沖壓零組件,電子零組件:沖壓零組件類
415,2477,美隆電,消費性電子,音響設備,消費性電子:音響設備類
416,2478,大毅,電子零組件,被動元件,電子零組件:被動元件類
417,2480,敦陽科,軟體服務,系統整合,軟體服務:系統整合類
418,2481,強茂,電子零組件,二極體整流,電子零組件:二極體整流類
419,2482,連宇,光電/ IO,PC週邊,光電/ IO:PC週邊類
420,2483,百容,電子零組件,沖壓零組件,電子零組件:沖壓零組件類
421,2484,希華,電子零組件,石英元件,電子零組件:石英元件類
422,2485,兆赫,通訊設備,通訊設備,通訊設備:通訊設備類
423,2486,一詮,電子零組件,光電導線架,電子零組件:光電導線架類
424,2488,漢平,消費性電子,音響設備,消費性電子:音響設備類
425,2489,瑞軒,光電/ IO,監視器,光電/ IO:監視器類
426,2491,吉祥全,家電製品,照明,家電製品:照明類
427,2492,華新科,電子零組件,被動元件,電子零組件:被動元件類
428,2493,揚博,電子設備,電機設備,電子設備:電機設備類
429,2495,普安,光電/ IO,硬碟磁碟,光電/ IO:硬碟磁碟類
430,2496,卓越,其他,其他服務,其他:其他服務類
431,2497,怡利電,汽車組件,,汽車組件類
432,2498,宏達電,通訊設備,網路服務,通訊設備:網路服務類
433,2501,國建,建設,,建設類
434,2504,國產,預拌混凝土,,預拌混凝土類
435,2505,國揚,建設,,建設類
436,2506,太設,建設,,建設類
437,2509,全坤建,建設,,建設類
438,2511,太子,建設,,建設類
439,2514,龍邦,建設,,建設類
440,2515,中工,營造,,營造類
441,2516,新建,營造,,營造類
442,2520,冠德,建設,,建設類
443,2524,京城,建設,,建設類
444,2527,宏璟,建設,,建設類
445,2528,皇普,建設,,建設類
446,2530,華建,建設,,建設類
447,2534,宏盛,建設,,建設類
448,2535,達欣工,營造,,營造類
449,2536,宏普,建設,,建設類
450,2537,聯上發,建設,,建設類
451,2538,基泰,建設,,建設類
452,2539,櫻花建,建設,,建設類
453,2540,愛山林,建設,,建設類
454,2542,興富發,建設,,建設類
455,2543,皇昌,營造,,營造類
456,2545,皇翔,建設,,建設類
457,2546,根基,營造,,營造類
458,2547,日勝生,建設,,建設類
459,2548,華固,建設,,建設類
460,2596,綠意,建設,,建設類
461,2597,潤弘,營造,,營造類
462,2601,益航,海運,散裝輪,海運:散裝輪類
463,2603,長榮,海運,貨櫃輪,海運:貨櫃輪類
464,2605,新興,海運,散裝輪,海運:散裝輪類
465,2606,裕民,海運,散裝輪,海運:散裝輪類
466,2607,榮運,貨運倉儲業,,貨運倉儲業類
467,2608,嘉里大榮,貨運倉儲業,,貨運倉儲業類
468,2609,陽明,海運,貨櫃輪,海運:貨櫃輪類
469,2610,華航,空運業,,空運業類
470,2611,志信,貨運倉儲業,,貨運倉儲業類
471,2612,中航,海運,散裝輪,海運:散裝輪類
472,2613,中櫃,貨運倉儲業,,貨運倉儲業類
473,2614,東森,其他運輸業,,其他運輸業類
474,2615,萬海,海運,貨櫃輪,海運:貨櫃輪類
475,2616,山隆,公用事業,加油站,公用事業:加油站類
476,2617,台航,海運,散裝輪,海運:散裝輪類
477,2618,長榮航,空運業,,空運業類
478,2630,亞航,機車船製造,航空器製造,機車船製造:航空器製造類
479,2633,台灣高鐵,陸運業,鐵路運輸,陸運業:鐵路運輸類
480,2634,漢翔,機車船製造,航空器製造,機車船製造:航空器製造類
481,2636,台驊投控,貨運倉儲業,,貨運倉儲業類
482,2637,慧洋-KY,海運,散裝輪,海運:散裝輪類
483,2640,大車隊,陸運業,汽車陸運,陸運業:汽車陸運類
484,2641,正德,海運,散裝輪,海運:散裝輪類
485,2642,宅配通,貨運倉儲業,,貨運倉儲業類
486,2643,捷迅,貨運倉儲業,,貨運倉儲業類
487,2645,長榮航太,機車船製造,航空器製造,機車船製造:航空器製造類
488,2701,萬企,餐飲飯店,飯店業,餐飲飯店:飯店業類
489,2702,華園,餐飲飯店,飯店業,餐飲飯店:飯店業類
490,2704,國賓,餐飲飯店,飯店業,餐飲飯店:飯店業類
491,2705,六福,餐飲飯店,飯店業,餐飲飯店:飯店業類
492,2706,第一店,餐飲飯店,飯店業,餐飲飯店:飯店業類
493,2707,晶華,餐飲飯店,飯店業,餐飲飯店:飯店業類
494,2712,遠雄來,餐飲飯店,飯店業,餐飲飯店:飯店業類
495,2718,晶悅,建設,,建設類
496,2719,燦星旅,旅行社,,旅行社類
497,2722,夏都,餐飲飯店,飯店業,餐飲飯店:飯店業類
498,2723,美食-KY,餐飲飯店,餐飲業,餐飲飯店:餐飲業類
499,2724,富驛-KY,餐飲飯店,飯店業,餐飲飯店:飯店業類
500,2726,雅茗-KY,餐飲飯店,餐飲業,餐飲飯店:餐飲業類
501,2727,王品,餐飲飯店,餐飲業,餐飲飯店:餐飲業類
502,2729,瓦城,餐飲飯店,餐飲業,餐飲飯店:餐飲業類
503,2731,雄獅,旅行社,,旅行社類
504,2732,六角,餐飲飯店,餐飲業,餐飲飯店:餐飲業類
505,2734,易飛網,旅行社,,旅行社類
506,2736,富野,餐飲飯店,飯店業,餐飲飯店:飯店業類
507,2739,寒舍,餐飲飯店,飯店業,餐飲飯店:飯店業類
508,2740,天蔥,餐飲飯店,餐飲業,餐飲飯店:餐飲業類
509,2743,山富,旅行社,,旅行社類
510,2745,五福,旅行社,,旅行社類
511,2748,雲品,餐飲飯店,飯店業,餐飲飯店:飯店業類
512,2752,豆府,餐飲飯店,餐飲業,餐飲飯店:餐飲業類
513,2753,八方雲集,餐飲飯店,餐飲業,餐飲飯店:餐飲業類
514,2754,亞洲藏壽司,餐飲飯店,餐飲業,餐飲飯店:餐飲業類
515,2755,揚秦,餐飲飯店,餐飲業,餐飲飯店:餐飲業類
516,2756,聯發國際,餐飲飯店,餐飲業,餐飲飯店:餐飲業類
517,2801,彰銀,本國銀行,,本國銀行類
518,2809,京城銀,本國銀行,,本國銀行類
519,2812,台中銀,本國銀行,,本國銀行類
520,2816,旺旺保,產險業,,產險業類
521,2820,華票,票券公司,,票券公司類
522,2832,台產,產險業,,產險業類
523,2834,臺企銀,本國銀行,,本國銀行類
524,2836,高雄銀,本國銀行,,本國銀行類
525,2838,聯邦銀,本國銀行,,本國銀行類
526,2845,遠東銀,本國銀行,,本國銀行類
527,2849,安泰銀,本國銀行,,本國銀行類
528,2850,新產,產險業,,產險業類
529,2851,中再保,產險業,,產險業類
530,2852,第一保,產險業,,產險業類
531,2855,統一證,證券,,證券類
532,2867,三商壽,壽險業,,壽險業類
533,2880,華南金,金融控股,,金融控股類
534,2881,富邦金,金融控股,,金融控股類
535,2882,國泰金,金融控股,,金融控股類
536,2883,開發金,金融控股,,金融控股類
537,2884,玉山金,金融控股,,金融控股類
538,2885,元大金,金融控股,,金融控股類
539,2886,兆豐金,金融控股,,金融控股類
540,2887,台新金,金融控股,,金融控股類
541,2888,新光金,金融控股,,金融控股類
542,2889,國票金,金融控股,,金融控股類
543,2890,永豐金,金融控股,,金融控股類
544,2891,中信金,金融控股,,金融控股類
545,2892,第一金,金融控股,,金融控股類
546,2897,王道銀行,本國銀行,,本國銀行類
547,2901,欣欣,百貨批發,百貨購物中,百貨批發:百貨購物中類
548,2903,遠百,百貨批發,百貨購物中,百貨批發:百貨購物中類
549,2904,匯僑,貨運倉儲業,,貨運倉儲業類
550,2905,三商,百貨批發,特殊連鎖,百貨批發:特殊連鎖類
551,2906,高林,貿易業,,貿易業類
552,2908,特力,貿易業,,貿易業類
553,2910,統領,百貨批發,百貨購物中,百貨批發:百貨購物中類
554,2911,麗嬰房,百貨批發,特殊連鎖,百貨批發:特殊連鎖類
555,2912,統一超,百貨批發,便利商店,百貨批發:便利商店類
556,2913,農林,貿易業,,貿易業類
557,2915,潤泰全,百貨批發,量販,百貨批發:量販類
558,2916,滿心,百貨批發,特殊連鎖,百貨批發:特殊連鎖類
559,2923,鼎固-KY,建設,,建設類
560,2924,宏太-KY,百貨批發,特殊連鎖,百貨批發:特殊連鎖類
561,2926,誠品生活,百貨批發,百貨購物中,百貨批發:百貨購物中類
562,2929,淘帝-KY,百貨批發,百貨購物中,百貨批發:百貨購物中類
563,2937,集雅社,資訊通路,3C通路,資訊通路:3C通路類
564,2939,凱羿-KY,貿易業,,貿易業類
565,2945,三商家購,百貨批發,超市,百貨批發:超市類
566,2947,振宇五金,百貨批發,批發,百貨批發:批發類
567,3002,歐格,電子零組件,電源供應器,電子零組件:電源供應器類
568,3003,健和興,電子零組件,連接器,電子零組件:連接器類
569,3004,豐達科,機車船製造,航空器製造,機車船製造:航空器製造類
570,3005,神基,電子零組件,機殼,電子零組件:機殼類
571,3006,晶豪科,半導體,IC設計,半導體:IC設計類
572,3008,大立光,消費性電子,照相機,消費性電子:照相機類
573,3010,華立,資訊通路,零組件代理,資訊通路:零組件代理類
574,3011,今皓,電子零組件,連接器,電子零組件:連接器類
575,3013,晟銘電,電子零組件,機殼,電子零組件:機殼類
576,3014,聯陽,半導體,IC設計,半導體:IC設計類
577,3015,全漢,電子零組件,電源供應器,電子零組件:電源供應器類
578,3016,嘉晶,半導體,晶圓材料,半導體:晶圓材料類
579,3017,奇鋐,電子零組件,散熱零組件,電子零組件:散熱零組件類
580,3019,亞光,消費性電子,照相機,消費性電子:照相機類
581,3021,鴻名,電子零組件,連接器,電子零組件:連接器類
582,3022,威強電,主機板,工業電腦,主機板:工業電腦類
583,3023,信邦,電子零組件,連接器,電子零組件:連接器類
584,3024,憶聲,家電製品,家電,家電製品:家電類
585,3025,星通,網路設備,,網路設備類
586,3026,禾伸堂,電子零組件,被動元件,電子零組件:被動元件類
587,3027,盛達,通訊設備,網路服務,通訊設備:網路服務類
588,3028,增你強,資訊通路,零組件代理,資訊通路:零組件代理類
589,3029,零壹,軟體服務,其他軟體,軟體服務:其他軟體類
590,3030,德律,電子設備,電機設備,電子設備:電機設備類
591,3031,佰鴻,光電/ IO,封裝及應用,光電/ IO:封裝及應用類
592,3032,偉訓,電子零組件,機殼,電子零組件:機殼類
593,3033,威健,資訊通路,零組件代理,資訊通路:零組件代理類
594,3034,聯詠,半導體,IC設計,半導體:IC設計類
595,3035,智原,半導體,IC設計,半導體:IC設計類
596,3036,文曄,資訊通路,零組件代理,資訊通路:零組件代理類
597,3037,欣興,主機板,PCB,主機板:PCB類
598,3038,全台,光電/ IO,LCD-其他,光電/ IO:LCD-其他類
599,3040,遠見,物業管理,,物業管理類
600,3041,揚智,半導體,IC設計,半導體:IC設計類
601,3042,晶技,電子零組件,石英元件,電子零組件:石英元件類
602,3043,科風,電子零組件,電源供應器,電子零組件:電源供應器類
603,3044,健鼎,主機板,PCB,主機板:PCB類
604,3045,台灣大,通訊設備,電信業,通訊設備:電信業類
605,3046,建碁,主機板,主機板,主機板:主機板類
606,3047,訊舟,網路設備,,網路設備類
607,3048,益登,資訊通路,零組件代理,資訊通路:零組件代理類
608,3049,和鑫,光電/ IO,觸控面板,光電/ IO:觸控面板類
609,3050,鈺德,光電/ IO,光碟,光電/ IO:光碟類
610,3051,力特,光電/ IO,LCD 原料,光電/ IO:LCD 原料類
611,3052,夆典,建設,,建設類
612,3054,立萬利,光電/ IO,PC週邊,光電/ IO:PC週邊類
613,3055,蔚華科,電子設備,設備通路,電子設備:設備通路類
614,3056,總太,建設,,建設類
615,3057,喬鼎,光電/ IO,硬碟磁碟,光電/ IO:硬碟磁碟類
616,3058,立德,電子零組件,電源供應器,電子零組件:電源供應器類
617,3059,華晶科,消費性電子,消費性電子,消費性電子:消費性電子類
618,3060,銘異,光電/ IO,硬碟磁碟,光電/ IO:硬碟磁碟類
619,3062,建漢,網路設備,,網路設備類
620,3064,泰偉,主機板,工業電腦,主機板:工業電腦類
621,3066,李洲,光電/ IO,封裝及應用,光電/ IO:封裝及應用類
622,3067,全域,消費性電子,音響設備,消費性電子:音響設備類
623,3071,協禧,電子零組件,散熱零組件,電子零組件:散熱零組件類
624,3073,天方能源,光電/ IO,太陽能系統,光電/ IO:太陽能系統類
625,3078,僑威,電子零組件,電源供應器,電子零組件:電源供應器類
626,3081,聯亞,半導體,特用IC,半導體:特用IC類
627,3083,網龍,軟體服務,應用軟體,軟體服務:應用軟體類
628,3085,新零售,通訊設備,網路服務,通訊設備:網路服務類
629,3086,華義,軟體服務,應用軟體,軟體服務:應用軟體類
630,3088,艾訊,主機板,工業電腦,主機板:工業電腦類
631,3089,億杰,電子零組件,被動元件,電子零組件:被動元件類
632,3090,日電貿,資訊通路,零組件代理,資訊通路:零組件代理類
633,3092,鴻碩,電子零組件,連接器,電子零組件:連接器類
634,3093,港建*,電子設備,設備通路,電子設備:設備通路類
635,3094,聯傑,半導體,IC設計,半導體:IC設計類
636,3095,及成,電子零組件,機殼,電子零組件:機殼類
637,3105,穩懋,半導體,特用IC,半導體:特用IC類
638,3114,好德,資訊通路,零組件代理,資訊通路:零組件代理類
639,3115,富榮綱,主機板,PCB上-其他,主機板:PCB上-其他類
640,3118,進階,醫療耗材,,醫療耗材類
641,3122,笙泉,半導體,IC設計,半導體:IC設計類
642,3128,昇銳,光電/ IO,監控系統,光電/ IO:監控系統類
643,3130,一零四,通訊設備,網路服務,通訊設備:網路服務類
644,3131,弘塑,電子設備,電機設備,電子設備:電機設備類
645,3138,耀登,通訊設備,通訊設備,通訊設備:通訊設備類
646,3141,晶宏,半導體,IC設計,半導體:IC設計類
647,3147,大綜,軟體服務,系統整合,軟體服務:系統整合類
648,3149,正達,光電/ IO,觸控面板,光電/ IO:觸控面板類
649,3152,璟德,電子零組件,被動元件,電子零組件:被動元件類
650,3162,精確,自行車組件,,自行車組件類
651,3163,波若威,通訊設備,光纖通訊,通訊設備:光纖通訊類
652,3164,景岳,藥,機能性食品,藥:機能性食品類
653,3167,大量,電子設備,電機設備,電子設備:電機設備類
654,3169,亞信,半導體,IC設計,半導體:IC設計類
655,3171,新洲,石化,膠帶,石化:膠帶類
656,3176,基亞,藥,西藥,藥:西藥類
657,3178,公準,電子設備,電機設備,電子設備:電機設備類
658,3188,鑫龍騰,建設,,建設類
659,3189,景碩,主機板,IC載板,主機板:IC載板類
660,3191,和進,電子零組件,其他零組件,電子零組件:其他零組件類
661,3202,樺晟,電子零組件,連接器,電子零組件:連接器類
662,3205,佰研,藥,機能性食品,藥:機能性食品類
663,3206,志豐,消費性電子,音響設備,消費性電子:音響設備類
664,3207,耀勝,電子零組件,電源供應器,電子零組件:電源供應器類
665,3209,全科,資訊通路,零組件代理,資訊通路:零組件代理類
666,3211,順達,電子零組件,3C二次電池,電子零組件:3C二次電池類
667,3213,茂訊,PC系統,NB,PC系統:NB類
668,3217,優群,電子零組件,連接器,電子零組件:連接器類
669,3218,大學光,醫療耗材,,醫療耗材類
670,3219,倚強科,電子設備,電機設備,電子設備:電機設備類
671,3221,台嘉碩,電子零組件,石英元件,電子零組件:石英元件類
672,3224,三顧,資訊通路,零組件代理,資訊通路:零組件代理類
673,3226,至寶電,汽車組件,,汽車組件類
674,3227,原相,半導體,IC設計,半導體:IC設計類
675,3228,金麗科,半導體,IC設計,半導體:IC設計類
676,3229,晟鈦,主機板,PCB,主機板:PCB類
677,3230,錦明,電子零組件,機殼,電子零組件:機殼類
678,3231,緯創,PC系統,PC,PC系統:PC類
679,3232,昱捷,資訊通路,零組件代理,資訊通路:零組件代理類
680,3234,光環,通訊設備,光纖通訊,通訊設備:光纖通訊類
681,3236,千如,電子零組件,被動元件,電子零組件:被動元件類
682,3252,海灣,餐飲飯店,飯店業,餐飲飯店:飯店業類
683,3257,虹冠電,半導體,IC設計,半導體:IC設計類
684,3259,鑫創,半導體,IC設計,半導體:IC設計類
685,3260,威剛,半導體,記憶體模組,半導體:記憶體模組類
686,3264,欣銓,半導體,IC封測,半導體:IC封測類
687,3265,台星科,半導體,IC封測,半導體:IC封測類
688,3266,昇陽,建設,,建設類
689,3268,海德威,半導體,IC設計,半導體:IC設計類
690,3272,東碩,光電/ IO,PC週邊,光電/ IO:PC週邊類
691,3276,宇環,主機板,軟板,主機板:軟板類
692,3284,太普高,印刷,,印刷類
693,3285,微端,消費性電子,音響設備,消費性電子:音響設備類
694,3287,廣寰科,主機板,電視卡,主機板:電視卡類
695,3288,點晶,半導體,IC設計,半導體:IC設計類
696,3289,宜特,其他電子,,其他電子類
697,3290,東浦,電子零組件,其他零組件,電子零組件:其他零組件類
698,3293,鈊象,軟體服務,應用軟體,軟體服務:應用軟體類
699,3294,英濟,電子零組件,機殼,電子零組件:機殼類
700,3296,勝德,電子零組件,電源供應器,電子零組件:電源供應器類
701,3297,杭特,光電/ IO,監控系統,光電/ IO:監控系統類
702,3303,岱稜,石化,塑膠加工,石化:塑膠加工類
703,3305,昇貿,主機板,PCB上-其他,主機板:PCB上-其他類
704,3306,鼎天,通訊設備,衛星通訊,通訊設備:衛星通訊類
705,3308,聯德,電子零組件,電源供應器,電子零組件:電源供應器類
706,3310,佳穎,電子零組件,沖壓零組件,電子零組件:沖壓零組件類
707,3311,閎暉,電子零組件,沖壓零組件,電子零組件:沖壓零組件類
708,3312,弘憶股,資訊通路,零組件代理,資訊通路:零組件代理類
709,3313,斐成,油脂飼料,,油脂飼料類
710,3317,尼克森,半導體,IC設計,半導體:IC設計類
711,3321,同泰,主機板,軟板,主機板:軟板類
712,3322,建舜電,電子零組件,連接器,電子零組件:連接器類
713,3323,加百裕,電子零組件,3C二次電池,電子零組件:3C二次電池類
714,3324,雙鴻,電子零組件,散熱零組件,電子零組件:散熱零組件類
715,3325,旭品,電子零組件,機殼,電子零組件:機殼類
716,3332,幸康,電子零組件,電源供應器,電子零組件:電源供應器類
717,3338,泰碩,電子零組件,散熱零組件,電子零組件:散熱零組件類
718,3339,泰谷,光電/ IO,磊晶及晶粒,光電/ IO:磊晶及晶粒類
719,3346,麗清,光電/ IO,封裝及應用,光電/ IO:封裝及應用類
720,3349,寶德,光電/ IO,PC週邊,光電/ IO:PC週邊類
721,3354,律勝,主機板,FCCL,主機板:FCCL類
722,3356,奇偶,光電/ IO,監控系統,光電/ IO:監控系統類
723,3357,臺慶科,電子零組件,被動元件,電子零組件:被動元件類
724,3360,尚立,資訊通路,零組件代理,資訊通路:零組件代理類
725,3362,先進光,消費性電子,照相機,消費性電子:照相機類
726,3363,上詮,通訊設備,光纖通訊,通訊設備:光纖通訊類
727,3372,典範,半導體,IC封測,半導體:IC封測類
728,3373,熱映,醫療耗材,,醫療耗材類
729,3374,精材,半導體,IC封測,半導體:IC封測類
730,3376,新日興,電子零組件,沖壓零組件,電子零組件:沖壓零組件類
731,3379,彬台,其他電製品,,其他電製品類
732,3380,明泰,網路設備,,網路設備類
733,3388,崇越電,資訊通路,零組件代理,資訊通路:零組件代理類
734,3390,旭軟,主機板,軟板,主機板:軟板類
735,3402,漢科,電子設備,廠辦機電,電子設備:廠辦機電類
736,3406,玉晶光,消費性電子,照相機,消費性電子:照相機類
737,3413,京鼎,電子設備,電機設備,電子設備:電機設備類
738,3416,融程電,主機板,工業電腦,主機板:工業電腦類
739,3419,譁裕,通訊設備,通訊設備,通訊設備:通訊設備類
740,3426,台興,其他電製品,,其他電製品類
741,3430,奇鈦科,其他化學,,其他化學類
742,3432,台端,電子零組件,連接器,電子零組件:連接器類
743,3434,哲固,光電/ IO,監視器,光電/ IO:監視器類
744,3437,榮創,光電/ IO,封裝及應用,光電/ IO:封裝及應用類
745,3438,類比科,半導體,IC設計,半導體:IC設計類
746,3441,聯一光,消費性電子,照相機,消費性電子:照相機類
747,3443,創意,半導體,IC設計,半導體:IC設計類
748,3444,利機,資訊通路,零組件代理,資訊通路:零組件代理類
749,3447,展達,網路設備,,網路設備類
750,3450,聯鈞,通訊設備,光纖通訊,通訊設備:光纖通訊類
751,3454,晶睿,光電/ IO,監控系統,光電/ IO:監控系統類
752,3455,由田,電子設備,電機設備,電子設備:電機設備類
753,3465,進泰電子,消費性電子,音響設備,消費性電子:音響設備類
754,3466,致振,通訊設備,通訊設備,通訊設備:通訊設備類
755,3479,安勤,主機板,工業電腦,主機板:工業電腦類
756,3481,群創,光電/ IO,LCD 面板,光電/ IO:LCD 面板類
757,3483,力致,電子零組件,散熱零組件,電子零組件:散熱零組件類
758,3484,崧騰,電子零組件,連接器,電子零組件:連接器類
759,3489,森寶,建設,,建設類
760,3490,單井,電子設備,電機設備,電子設備:電機設備類
761,3491,昇達科,通訊設備,通訊設備,通訊設備:通訊設備類
762,3492,長盛,電子零組件,連接器,電子零組件:連接器類
763,3494,誠研,資訊通路,3C通路,資訊通路:3C通路類
764,3498,陽程,電子設備,電機設備,電子設備:電機設備類
765,3499,環天科,通訊設備,衛星通訊,通訊設備:衛星通訊類
766,3501,維熹,電子零組件,連接器,電子零組件:連接器類
767,3504,揚明光,光電/ IO,光學投影,光電/ IO:光學投影類
768,3508,位速,電子零組件,機殼,電子零組件:機殼類
769,3511,矽瑪,電子零組件,連接器,電子零組件:連接器類
770,3512,皇龍,建設,,建設類
771,3515,華擎,主機板,主機板,主機板:主機板類
772,3516,亞帝歐,家電製品,照明,家電製品:照明類
773,3518,柏騰,電子設備,電機設備,電子設備:電機設備類
774,3520,華盈,電子零組件,連接器,電子零組件:連接器類
775,3521,鴻翊,主機板,POS,主機板:POS類
776,3522,御頂,餐飲飯店,餐飲業,餐飲飯店:餐飲業類
777,3523,迎輝,光電/ IO,LCD 原料,光電/ IO:LCD 原料類
778,3526,凡甲,電子零組件,連接器,電子零組件:連接器類
779,3527,聚積,半導體,IC設計,半導體:IC設計類
780,3528,安馳,資訊通路,零組件代理,資訊通路:零組件代理類
781,3529,力旺,半導體,IC設計,半導體:IC設計類
782,3530,晶相光,半導體,IC設計,半導體:IC設計類
783,3531,先益,光電/ IO,背光模組,光電/ IO:背光模組類
784,3532,台勝科,半導體,晶圓材料,半導體:晶圓材料類
785,3533,嘉澤,電子零組件,連接器,電子零組件:連接器類
786,3535,晶彩科,電子設備,電機設備,電子設備:電機設備類
787,3536,誠創,電子零組件,二極體整流,電子零組件:二極體整流類
788,3537,堡達,資訊通路,零組件代理,資訊通路:零組件代理類
789,3540,曜越,電子零組件,機殼,電子零組件:機殼類
790,3541,西柏,光電/ IO,PC週邊,光電/ IO:PC週邊類
791,3543,州巧,電子零組件,沖壓零組件,電子零組件:沖壓零組件類
792,3545,敦泰,半導體,IC設計,半導體:IC設計類
793,3546,宇峻,軟體服務,應用軟體,軟體服務:應用軟體類
794,3548,兆利,電子零組件,沖壓零組件,電子零組件:沖壓零組件類
795,3550,聯穎,電子零組件,連接器,電子零組件:連接器類
796,3551,世禾,電子設備,電機設備,電子設備:電機設備類
797,3552,同致,汽車組件,,汽車組件類
798,3555,重鵬,藥,機能性食品,藥:機能性食品類
799,3556,禾瑞亞,半導體,IC設計,半導體:IC設計類
800,3557,嘉威,家用五金及家具,,家用五金及家具類
801,3558,神準,網路設備,,網路設備類
802,3563,牧德,電子設備,電機設備,電子設備:電機設備類
803,3564,其陽,主機板,工業電腦,主機板:工業電腦類
804,3567,逸昌,半導體,IC封測,半導體:IC封測類
805,3570,大塚,軟體服務,其他軟體,軟體服務:其他軟體類
806,3576,聯合再生,光電/ IO,太陽能電池,光電/ IO:太陽能電池類
807,3577,泓格,主機板,工業電腦,主機板:工業電腦類
808,3580,友威科,電子設備,電機設備,電子設備:電機設備類
809,3581,博磊,電子設備,電機設備,電子設備:電機設備類
810,3583,辛耘,電子設備,電機設備,電子設備:電機設備類
811,3587,閎康,其他電子,,其他電子類
812,3588,通嘉,半導體,IC設計,半導體:IC設計類
813,3591,艾笛森,光電/ IO,封裝及應用,光電/ IO:封裝及應用類
814,3592,瑞鼎,半導體,IC設計,半導體:IC設計類
815,3593,力銘,電子零組件,機殼,電子零組件:機殼類
816,3594,磐儀,主機板,工業電腦,主機板:工業電腦類
817,3596,智易,網路設備,,網路設備類
818,3597,映興,電子零組件,連接器,電子零組件:連接器類
819,3605,宏致,電子零組件,連接器,電子零組件:連接器類
820,3607,谷崧,電子零組件,機殼,電子零組件:機殼類
821,3609,三一東林,家電製品,照明,家電製品:照明類
822,3611,鼎翰,主機板,POS,主機板:POS類
823,3615,安可,光電/ IO,觸控面板,光電/ IO:觸控面板類
824,3617,碩天,電子零組件,電源供應器,電子零組件:電源供應器類
825,3622,洋華,光電/ IO,觸控面板,光電/ IO:觸控面板類
826,3623,富晶通,光電/ IO,觸控面板,光電/ IO:觸控面板類
827,3624,光頡,電子零組件,被動元件,電子零組件:被動元件類
828,3625,西勝,電子零組件,3C二次電池,電子零組件:3C二次電池類
829,3628,盈正,電子零組件,電源供應器,電子零組件:電源供應器類
830,3629,地心引力,軟體服務,應用軟體,軟體服務:應用軟體類
831,3630,新鉅科,消費性電子,照相機,消費性電子:照相機類
832,3631,晟楠,主機板,PCB上-其他,主機板:PCB上-其他類
833,3632,研勤,通訊設備,衛星通訊,通訊設備:衛星通訊類
834,3645,達邁,主機板,軟板,主機板:軟板類
835,3646,艾恩特,電子零組件,連接器,電子零組件:連接器類
836,3652,精聯,主機板,POS,主機板:POS類
837,3653,健策,電子零組件,散熱零組件,電子零組件:散熱零組件類
838,3661,世芯-KY,半導體,IC設計,半導體:IC設計類
839,3663,鑫科,,貴金屬回收,貴金屬回收類
840,3664,安瑞-KY,網路設備,,網路設備類
841,3665,貿聯-KY,電子零組件,連接器,電子零組件:連接器類
842,3666,光耀,光電/ IO,LCD 原料,光電/ IO:LCD 原料類
843,3669,圓展,光電/ IO,其他光學,光電/ IO:其他光學類
844,3672,康聯訊,通訊設備,光纖通訊,通訊設備:光纖通訊類
845,3673,TPK-KY,光電/ IO,觸控面板,光電/ IO:觸控面板類
846,3675,德微,電子零組件,二極體整流,電子零組件:二極體整流類
847,3679,新至陞,電子零組件,沖壓零組件,電子零組件:沖壓零組件類
848,3680,家登,電子設備,電機設備,電子設備:電機設備類
849,3682,亞太電,通訊設備,電信業,通訊設備:電信業類
850,3684,榮昌,通訊設備,通訊設備,通訊設備:通訊設備類
851,3685,元創精密,汽車組件,,汽車組件類
852,3686,達能,光電/ IO,矽晶圓,光電/ IO:矽晶圓類
853,3687,歐買尬,軟體服務,應用軟體,軟體服務:應用軟體類
854,3689,湧德,電子零組件,連接器,電子零組件:連接器類
855,3691,碩禾,光電/ IO,其他太陽能,光電/ IO:其他太陽能類
856,3693,營邦,電子零組件,機殼,電子零組件:機殼類
857,3694,海華,通訊設備,通訊設備,通訊設備:通訊設備類
858,3701,大眾控,PC系統,PC,PC系統:PC類
859,3702,大聯大,資訊通路,零組件代理,資訊通路:零組件代理類
860,3703,欣陸,營造,,營造類
861,3704,合勤控,網路設備,,網路設備類
862,3705,永信,藥,西藥,藥:西藥類
863,3706,神達,PC系統,PC,PC系統:PC類
864,3707,漢磊,半導體,晶圓代工,半導體:晶圓代工類
865,3708,上緯投控,樹脂,,樹脂類
866,3709,鑫聯大投控,資訊通路,3C通路,資訊通路:3C通路類
867,3710,連展投控,電子零組件,連接器,電子零組件:連接器類
868,3711,日月光投控,半導體,IC封測,半導體:IC封測類
869,3712,永崴投控,光電/ IO,掃瞄器,光電/ IO:掃瞄器類
870,3713,新晶投控,光電/ IO,太陽能系統,光電/ IO:太陽能系統類
871,3714,富采,光電/ IO,磊晶及晶粒,光電/ IO:磊晶及晶粒類
872,3715,定穎投控,主機板,PCB,主機板:PCB類
873,4102,永日,藥,西藥,藥:西藥類
874,4104,佳醫,醫療耗材,,醫療耗材類
875,4105,東洋,藥,西藥,藥:西藥類
876,4106,雃博,醫療耗材,,醫療耗材類
877,4107,邦特,醫療耗材,,醫療耗材類
878,4108,懷特,藥,西藥,藥:西藥類
879,4109,加捷生醫,藥,機能性食品,藥:機能性食品類
880,4111,濟生,藥,西藥,藥:西藥類
881,4113,聯上,建設,,建設類
882,4114,健喬,藥,西藥,藥:西藥類
883,4116,明基醫,醫療耗材,,醫療耗材類
884,4119,旭富,藥,西藥,藥:西藥類
885,4120,友華,藥,西藥,藥:西藥類
886,4121,優盛,藥局,,藥局類
887,4123,晟德,藥,西藥,藥:西藥類
888,4126,太醫,醫療耗材,,醫療耗材類
889,4127,天良,藥,機能性食品,藥:機能性食品類
890,4128,中天,藥,西藥,藥:西藥類
891,4129,聯合,醫療耗材,,醫療耗材類
892,4130,健亞,藥,西藥,藥:西藥類
893,4131,晶宇,醫療耗材,,醫療耗材類
894,4133,亞諾法,醫療耗材,,醫療耗材類
895,4137,麗豐-KY,其他化學,,其他化學類
896,4138,曜亞,醫療耗材,,醫療耗材類
897,4139,馬光-KY,生物科技,,生物科技類
898,4142,國光生,藥,西藥,藥:西藥類
899,4147,中裕,藥,西藥,藥:西藥類
900,4148,全宇生技-KY,藥,農藥肥料,藥:農藥肥料類
901,4153,鈺緯,光電/ IO,監視器,光電/ IO:監視器類
902,4154,樂威科-KY,金屬製品,,金屬製品類
903,4155,訊映,醫療耗材,,醫療耗材類
904,4157,太景*-KY,藥,西藥,藥:西藥類
905,4160,創源,醫療耗材,,醫療耗材類
906,4161,聿新科,醫療耗材,,醫療耗材類
907,4162,智擎,藥,西藥,藥:西藥類
908,4163,鐿鈦,醫療耗材,,醫療耗材類
909,4164,承業醫,醫療耗材,,醫療耗材類
910,4167,松瑞藥,藥,西藥,藥:西藥類
911,4168,醣聯,藥,西藥,藥:西藥類
912,4171,瑞基,醫療耗材,,醫療耗材類
913,4173,久裕,藥,西藥,藥:西藥類
914,4174,浩鼎,藥,西藥,藥:西藥類
915,4175,杏一,藥局,,藥局類
916,4183,福永生技,醫療耗材,,醫療耗材類
917,4188,安克,醫療耗材,,醫療耗材類
918,4190,佐登-KY,其他化學,,其他化學類
919,4192,杏國,藥,西藥,藥:西藥類
920,4198,欣大健康,醫療耗材,,醫療耗材類
921,4205,中華食,其他食品,,其他食品類
922,4207,環泰,其他食品,,其他食品類
923,4303,信立,石化,合成皮,石化:合成皮類
924,4304,勝昱,石化,塑膠加工,石化:塑膠加工類
925,4305,世坤,石化,塑膠加工,石化:塑膠加工類
926,4306,炎洲,石化,膠帶,石化:膠帶類
927,4401,東隆興,人纖,尼龍絲,人纖:尼龍絲類
928,4402,福大,人纖,尼龍絲,人纖:尼龍絲類
929,4406,新昕纖,人纖,加工絲,人纖:加工絲類
930,4413,飛寶企業,成衣,織布,成衣:織布類
931,4416,三圓,建設,,建設類
932,4417,金洲,其他紡織,,其他紡織類
933,4419,元勝,餐飲飯店,餐飲業,餐飲飯店:餐飲業類
934,4420,光明,成衣,織布,成衣:織布類
935,4426,利勤,成衣,織布,成衣:織布類
936,4430,耀億,其他紡織,,其他紡織類
937,4432,銘旺實,成衣,成衣製造,成衣:成衣製造類
938,4433,興采,成衣,織布,成衣:織布類
939,4438,廣越,成衣,成衣製造,成衣:成衣製造類
940,4439,冠星-KY,成衣,織布,成衣:織布類
941,4440,宜新實業,人纖,加工絲,人纖:加工絲類
942,4502,健信,汽車組件,,汽車組件類
943,4503,金雨,其他電製品,,其他電製品類
944,4506,崇友,電機製品,電機,電機製品:電機類
945,4510,高鋒,機械業,工具機,機械業:工具機類
946,4513,福裕,機械業,工具機,機械業:工具機類
947,4523,永彰,汽車組件,,汽車組件類
948,4526,東台,機械業,工具機,機械業:工具機類
949,4527,方土霖,家電製品,空調冷凍,家電製品:空調冷凍類
950,4528,江興鍛,汽車組件,,汽車組件類
951,4529,淳紳,汽車製造,,汽車製造類
952,4530,宏易,通訊設備,網路服務,通訊設備:網路服務類
953,4532,瑞智,家電製品,家電,家電製品:家電類
954,4533,協易機,機械業,工具機,機械業:工具機類
955,4534,慶騰,機械業,工具機,機械業:工具機類
956,4535,至興,汽車組件,,汽車組件類
957,4536,拓凱,其他,其他製造業,其他:其他製造業類
958,4538,大詠城,機械業,模具零件,機械業:模具零件類
959,4540,全球傳動,機械業,模具零件,機械業:模具零件類
960,4541,晟田,機車船製造,航空器製造,機車船製造:航空器製造類
961,4542,科嶠,電子設備,電機設備,電子設備:電機設備類
962,4543,萬在,汽車組件,,汽車組件類
963,4545,銘鈺,電子零組件,沖壓零組件,電子零組件:沖壓零組件類
964,4549,桓達,儀器設備,,儀器設備類
965,4550,長佳,電機製品,機電工程,電機製品:機電工程類
966,4551,智伸科,汽車組件,,汽車組件類
967,4552,力達-KY,家電製品,家電,家電製品:家電類
968,4554,橙的,汽車組件,,汽車組件類
969,4555,氣立,機械業,模具零件,機械業:模具零件類
970,4556,旭然,其他電製品,,其他電製品類
971,4557,永新-KY,汽車組件,,汽車組件類
972,4558,寶緯,金屬基本,鋁鋅,金屬基本:鋁鋅類
973,4560,強信-KY,機械業,紡織工具機,機械業:紡織工具機類
974,4561,健椿,機械業,模具零件,機械業:模具零件類
975,4562,穎漢,機械業,工具機,機械業:工具機類
976,4563,百德,機械業,工具機,機械業:工具機類
977,4564,元翎,金屬製品,,金屬製品類
978,4566,時碩工業,汽車組件,,汽車組件類
979,4568,科際精密,其他電製品,,其他電製品類
980,4571,鈞興-KY,汽車組件,,汽車組件類
981,4572,駐龍,機車船製造,航空器製造,機車船製造:航空器製造類
982,4576,大銀微系統,機械業,模具零件,機械業:模具零件類
983,4577,達航,機械業,工具機,機械業:工具機類
984,4580,捷流閥業,其他電製品,,其他電製品類
985,4581,光隆精密-KY,汽車組件,,汽車組件類
986,4583,台灣精銳,電機製品,電機,電機製品:電機類
987,4584,君帆,其他電製品,,其他電製品類
988,4609,唐鋒,家電製品,家電,家電製品:家電類
989,4702,中美實,染料及顏料,,染料及顏料類
990,4706,大恭,染料及顏料,,染料及顏料類
991,4707,磐亞,清潔劑,,清潔劑類
992,4711,永純,樹脂,,樹脂類
993,4712,南璋,其他,漁業,其他:漁業類
994,4714,永捷,樹脂,,樹脂類
995,4716,大立,樹脂,,樹脂類
996,4720,德淵,樹脂,,樹脂類
997,4721,美琪瑪,其他化學,,其他化學類
998,4722,國精化,樹脂,,樹脂類
999,4726,永昕,藥,西藥,藥:西藥類
1000,4728,雙美,醫療耗材,,醫療耗材類
1001,4729,熒茂,光電/ IO,觸控面板,光電/ IO:觸控面板類
1002,4735,豪展,醫療耗材,,醫療耗材類
1003,4736,泰博,醫療耗材,,醫療耗材類
1004,4737,華廣,醫療耗材,,醫療耗材類
1005,4739,康普,其他化學,,其他化學類
1006,4741,泓瀚,染料及顏料,,染料及顏料類
1007,4743,合一,藥,西藥,藥:西藥類
1008,4744,皇將,儀器設備,,儀器設備類
1009,4745,合富-KY,醫療耗材,,醫療耗材類
1010,4746,台耀,藥,西藥,藥:西藥類
1011,4747,強生,藥,西藥,藥:西藥類
1012,4749,新應材,其他化學,,其他化學類
1013,4754,國碳科,其他化學,,其他化學類
1014,4755,三福化,其他化學,,其他化學類
1015,4760,勤凱,電子零組件,被動元件,電子零組件:被動元件類
1016,4763,材料-KY,其他化學,,其他化學類
1017,4764,雙鍵,其他化學,,其他化學類
1018,4766,南寶,樹脂,,樹脂類
1019,4767,誠泰科技,樹脂,,樹脂類
1020,4768,晶呈科技,其他化學,,其他化學類
1021,4770,上品,樹脂,,樹脂類
1022,4804,大略-KY,餐飲飯店,餐飲業,餐飲飯店:餐飲業類
1023,4806,昇華,電視廣播,,電視廣播類
1024,4807,日成-KY,其他,其他製造業,其他:其他製造業類
1025,4903,聯光通,通訊設備,光纖通訊,通訊設備:光纖通訊類
1026,4904,遠傳,通訊設備,電信業,通訊設備:電信業類
1027,4905,台聯電,通訊設備,網路服務,通訊設備:網路服務類
1028,4906,正文,網路設備,,網路設備類
1029,4907,富宇,建設,,建設類
1030,4908,前鼎,通訊設備,光纖通訊,通訊設備:光纖通訊類
1031,4909,新復興,主機板,PCB,主機板:PCB類
1032,4911,德英,藥,西藥,藥:西藥類
1033,4912,聯德控股-KY,電子零組件,沖壓零組件,電子零組件:沖壓零組件類
1034,4915,致伸,光電/ IO,PC週邊,光電/ IO:PC週邊類
1035,4916,事欣科,主機板,工業電腦,主機板:工業電腦類
1036,4919,新唐,半導體,IC設計,半導體:IC設計類
1037,4923,力士,半導體,IC設計,半導體:IC設計類
1038,4924,欣厚-KY,光電/ IO,PC週邊,光電/ IO:PC週邊類
1039,4927,泰鼎-KY,主機板,PCB,主機板:PCB類
1040,4930,燦星網,家電製品,家電,家電製品:家電類
1041,4931,新盛力,電子零組件,3C二次電池,電子零組件:3C二次電池類
1042,4933,友輝,光電/ IO,LCD 原料,光電/ IO:LCD 原料類
1043,4934,太極,光電/ IO,太陽能電池,光電/ IO:太陽能電池類
1044,4935,茂林-KY,光電/ IO,LCD 原料,光電/ IO:LCD 原料類
1045,4938,和碩,PC系統,PC,PC系統:PC類
1046,4939,亞電,主機板,FCCL,主機板:FCCL類
1047,4942,嘉彰,電子零組件,沖壓零組件,電子零組件:沖壓零組件類
1048,4943,康控-KY,電子零組件,連接器,電子零組件:連接器類
1049,4944,兆遠,光電/ IO,Sapphire Substrate,光電/ IO:Sapphire Substrate類
1050,4945,陞達科技,半導體,IC設計,半導體:IC設計類
1051,4946,辣椒,軟體服務,應用軟體,軟體服務:應用軟體類
1052,4950,牧東,家用五金及家具,,家用五金及家具類
1053,4951,精拓科,半導體,IC設計,半導體:IC設計類
1054,4952,凌通,半導體,IC設計,半導體:IC設計類
1055,4953,緯軟,軟體服務,系統整合,軟體服務:系統整合類
1056,4956,光鋐,光電/ IO,磊晶及晶粒,光電/ IO:磊晶及晶粒類
1057,4958,臻鼎-KY,主機板,軟板,主機板:軟板類
1058,4960,誠美材,光電/ IO,LCD 原料,光電/ IO:LCD 原料類
1059,4961,天鈺,半導體,IC設計,半導體:IC設計類
1060,4966,譜瑞-KY,半導體,IC設計,半導體:IC設計類
1061,4967,十銓,半導體,記憶體模組,半導體:記憶體模組類
1062,4968,立積,半導體,IC設計,半導體:IC設計類
1063,4971,IET-KY,半導體,特用IC,半導體:特用IC類
1064,4972,湯石照明,光電/ IO,封裝及應用,光電/ IO:封裝及應用類
1065,4973,廣穎,半導體,記憶體模組,半導體:記憶體模組類
1066,4974,亞泰,光電/ IO,掃瞄器,光電/ IO:掃瞄器類
1067,4976,佳凌,消費性電子,照相機,消費性電子:照相機類
1068,4977,眾達-KY,通訊設備,光纖通訊,通訊設備:光纖通訊類
1069,4979,華星光,通訊設備,光纖通訊,通訊設備:光纖通訊類
1070,4987,科誠,主機板,POS,主機板:POS類
1071,4989,榮科,主機板,PCB上-其他,主機板:PCB上-其他類
1072,4991,環宇-KY,半導體,特用IC,半導體:特用IC類
1073,4994,傳奇,軟體服務,應用軟體,軟體服務:應用軟體類
1074,4995,晶達,光電/ IO,監視器,光電/ IO:監視器類
1075,4999,鑫禾,電子零組件,沖壓零組件,電子零組件:沖壓零組件類
1076,5007,三星,金屬基本,線材,金屬基本:線材類
1077,5009,榮剛,金屬基本,不銹鋼,金屬基本:不銹鋼類
1078,5011,久陽,金屬基本,線材,金屬基本:線材類
1079,5013,強新,金屬基本,線材,金屬基本:線材類
1080,5014,建錩,金屬基本,不銹鋼,金屬基本:不銹鋼類
1081,5015,華祺,金屬基本,線材,金屬基本:線材類
1082,5016,松和,金屬基本,線材,金屬基本:線材類
1083,5201,凱衛,軟體服務,系統整合,軟體服務:系統整合類
1084,5202,力新,軟體服務,其他軟體,軟體服務:其他軟體類
1085,5203,訊連,軟體服務,其他軟體,軟體服務:其他軟體類
1086,5205,中茂,,廢棄物處理,廢棄物處理類
1087,5206,坤悅,建設,,建設類
1088,5209,新鼎,軟體服務,系統整合,軟體服務:系統整合類
1089,5210,寶碩,軟體服務,系統整合,軟體服務:系統整合類
1090,5211,蒙恬,軟體服務,其他軟體,軟體服務:其他軟體類
1091,5212,凌網,軟體服務,系統整合,軟體服務:系統整合類
1092,5213,亞昕,建設,,建設類
1093,5215,科嘉-KY,電子零組件,其他零組件,電子零組件:其他零組件類
1094,5220,萬達光電,光電/ IO,觸控面板,光電/ IO:觸控面板類
1095,5222,全訊,通訊設備,通訊設備,通訊設備:通訊設備類
1096,5223,安力-KY,電子零組件,沖壓零組件,電子零組件:沖壓零組件類
1097,5225,東科-KY,消費性電子,音響設備,消費性電子:音響設備類
1098,5227,立凱-KY,電子零組件,3C二次電池,電子零組件:3C二次電池類
1099,5228,鈺鎧,電子零組件,被動元件,電子零組件:被動元件類
1100,5230,雷笛克光學,光電/ IO,封裝及應用,光電/ IO:封裝及應用類
1101,5234,達興材料,光電/ IO,LCD 原料,光電/ IO:LCD 原料類
1102,5236,凌陽創新,半導體,IC設計,半導體:IC設計類
1103,5243,乙盛-KY,電子零組件,沖壓零組件,電子零組件:沖壓零組件類
1104,5244,弘凱,光電/ IO,封裝及應用,光電/ IO:封裝及應用類
1105,5245,智晶,光電/ IO,LCD 面板,光電/ IO:LCD 面板類
1106,5251,天鉞電,光電/ IO,監控系統,光電/ IO:監控系統類
1107,5258,虹堡,主機板,POS,主機板:POS類
1108,5263,智崴,其他電子,,其他電子類
1109,5269,祥碩,半導體,IC設計,半導體:IC設計類
1110,5272,笙科,半導體,IC設計,半導體:IC設計類
1111,5274,信驊,半導體,IC設計,半導體:IC設計類
1112,5276,達輝-KY,汽車組件,,汽車組件類
1113,5278,尚凡,通訊設備,網路服務,通訊設備:網路服務類
1114,5281,大峽谷-KY,光電/ IO,封裝及應用,光電/ IO:封裝及應用類
1115,5283,禾聯碩,家電製品,家電,家電製品:家電類
1116,5284,jpp-KY,電子零組件,沖壓零組件,電子零組件:沖壓零組件類
1117,5285,界霖,半導體,IC導線架,半導體:IC導線架類
1118,5287,數字,通訊設備,網路服務,通訊設備:網路服務類
1119,5288,豐祥-KY,汽車組件,,汽車組件類
1120,5289,宜鼎,半導體,記憶體模組,半導體:記憶體模組類
1121,5291,邑昇,主機板,PCB,主機板:PCB類
1122,5299,杰力,半導體,IC設計,半導體:IC設計類
1123,5301,寶得利,貿易業,,貿易業類
1124,5302,太欣,半導體,IC設計,半導體:IC設計類
1125,5306,桂盟,自行車組件,,自行車組件類
1126,5309,系統電,電子零組件,電源供應器,電子零組件:電源供應器類
1127,5310,天剛,軟體服務,系統整合,軟體服務:系統整合類
1128,5312,寶島科,醫療耗材,,醫療耗材類
1129,5314,世紀,半導體,IC設計,半導體:IC設計類
1130,5315,光聯,光電/ IO,LCD-其他,光電/ IO:LCD-其他類
1131,5321,美而快,通訊設備,網路服務,通訊設備:網路服務類
1132,5324,士開,建設,,建設類
1133,5328,華容,電子零組件,被動元件,電子零組件:被動元件類
1134,5340,建榮,主機板,玻纖紗. 布,主機板:玻纖紗. 布類
1135,5344,立衛,半導體,IC封測,半導體:IC封測類
1136,5345,天揚,其他電子,,其他電子類
1137,5347,世界,半導體,晶圓代工,半導體:晶圓代工類
1138,5348,系通,通訊設備,衛星通訊,通訊設備:衛星通訊類
1139,5351,鈺創,半導體,IC設計,半導體:IC設計類
1140,5353,台林,網路設備,,網路設備類
1141,5355,佳總,主機板,PCB,主機板:PCB類
1142,5356,協益,塑膠製品,,塑膠製品類
1143,5364,力麗店,餐飲飯店,飯店業,餐飲飯店:飯店業類
1144,5371,中光電,光電/ IO,背光模組,光電/ IO:背光模組類
1145,5381,合正,主機板,銅箔基板,主機板:銅箔基板類
1146,5383,金利,電子零組件,散熱零組件,電子零組件:散熱零組件類
1147,5386,青雲,主機板,繪圖卡,主機板:繪圖卡類
1148,5388,中磊,網路設備,,網路設備類
1149,5392,能率,電子零組件,機殼,電子零組件:機殼類
1150,5398,慕康生醫,藥,西藥,藥:西藥類
1151,5403,中菲,軟體服務,系統整合,軟體服務:系統整合類
1152,5410,國眾,資訊通路,3C通路,資訊通路:3C通路類
1153,5425,台半,電子零組件,二極體整流,電子零組件:二極體整流類
1154,5426,振發,電子零組件,機殼,電子零組件:機殼類
1155,5432,新門,光電/ IO,LCD-其他,光電/ IO:LCD-其他類
1156,5434,崇越,資訊通路,零組件代理,資訊通路:零組件代理類
1157,5438,東友,光電/ IO,掃瞄器,光電/ IO:掃瞄器類
1158,5439,高技,主機板,PCB,主機板:PCB類
1159,5443,均豪,電子設備,電機設備,電子設備:電機設備類
1160,5450,南良,其他化學,,其他化學類
1161,5452,佶優,資訊通路,通路,資訊通路:通路類
1162,5455,昇益,建設,,建設類
1163,5457,宣德,電子零組件,連接器,電子零組件:連接器類
1164,5460,同協,電子零組件,沖壓零組件,電子零組件:沖壓零組件類
1165,5464,霖宏,主機板,PCB,主機板:PCB類
1166,5465,富驊,電子零組件,機殼,電子零組件:機殼類
1167,5468,凱鈺,半導體,IC設計,半導體:IC設計類
1168,5469,瀚宇博,主機板,PCB,主機板:PCB類
1169,5471,松翰,半導體,IC設計,半導體:IC設計類
1170,5474,聰泰,主機板,電視卡,主機板:電視卡類
1171,5475,德宏,主機板,玻纖紗. 布,主機板:玻纖紗. 布類
1172,5478,智冠,軟體服務,應用軟體,軟體服務:應用軟體類
1173,5481,新華,其他,其他服務,其他:其他服務類
1174,5483,中美晶,半導體,晶圓材料,半導體:晶圓材料類
1175,5484,慧友,光電/ IO,監控系統,光電/ IO:監控系統類
1176,5487,通泰,半導體,IC設計,半導體:IC設計類
1177,5488,松普,電子零組件,連接器,電子零組件:連接器類
1178,5489,彩富,光電/ IO,監控系統,光電/ IO:監控系統類
1179,5490,同亨,主機板,POS,主機板:POS類
1180,5493,三聯,電子設備,電機設備,電子設備:電機設備類
1181,5498,凱崴,主機板,PCB上-其他,主機板:PCB上-其他類
1182,5508,永信建,建設,,建設類
1183,5511,德昌,營造,,營造類
1184,5512,力麒,建設,,建設類
1185,5514,三豐,建設,,建設類
1186,5515,建國,營造,,營造類
1187,5516,雙喜,營造,,營造類
1188,5519,隆大,建設,,建設類
1189,5520,力泰,預拌混凝土,,預拌混凝土類
1190,5521,工信,營造,,營造類
1191,5522,遠雄,建設,,建設類
1192,5523,豐謙,建設,,建設類
1193,5525,順天,建設,,建設類
1194,5529,鉅陞,建設,,建設類
1195,5530,龍巖,靈骨塔業,,靈骨塔業類
1196,5531,鄉林,建設,,建設類
1197,5533,皇鼎,建設,,建設類
1198,5534,長虹,建設,,建設類
1199,5536,聖暉*,電子設備,廠辦機電,電子設備:廠辦機電類
1200,5538,東明-KY,金屬基本,線材,金屬基本:線材類
1201,5543,桓鼎-KY,金屬製品,,金屬製品類
1202,5546,永固-KY,預拌混凝土,,預拌混凝土類
1203,5601,台聯櫃,貨運倉儲業,,貨運倉儲業類
1204,5603,陸海,貨運倉儲業,,貨運倉儲業類
1205,5604,中連,物業管理,,物業管理類
1206,5607,遠雄港,貨運倉儲業,,貨運倉儲業類
1207,5608,四維航,海運,散裝輪,海運:散裝輪類
1208,5609,中菲行,貨運倉儲業,,貨運倉儲業類
1209,5701,劍湖山,餐飲飯店,飯店業,餐飲飯店:飯店業類
1210,5703,亞都,餐飲飯店,飯店業,餐飲飯店:飯店業類
1211,5704,老爺知,餐飲飯店,飯店業,餐飲飯店:飯店業類
1212,5706,鳳凰,旅行社,,旅行社類
1213,5859,遠壽,壽險業,,壽險業類
1214,5863,瑞興銀,本國銀行,,本國銀行類
1215,5864,致和證,證券,,證券類
1216,5871,中租-KY,租賃業,,租賃業類
1217,5876,上海商銀,本國銀行,,本國銀行類
1218,5878,台名,保險經紀,,保險經紀類
1219,5880,合庫金,金融控股,,金融控股類
1220,5902,德記,貿易業,,貿易業類
1221,5903,全家,百貨批發,便利商店,百貨批發:便利商店類
1222,5904,寶雅,百貨批發,特殊連鎖,百貨批發:特殊連鎖類
1223,5905,南仁湖,觀光遊樂區,,觀光遊樂區類
1224,5906,台南-KY,成衣,成衣製造,成衣:成衣製造類
1225,5907,大洋-KY,百貨批發,百貨購物中,百貨批發:百貨購物中類
1226,6005,群益證,證券,,證券類
1227,6015,宏遠證,證券,,證券類
1228,6016,康和證,證券,,證券類
1229,6020,大展證,證券,,證券類
1230,6021,美好證,證券,,證券類
1231,6023,元大期,期貨,,期貨類
1232,6024,群益期,期貨,,期貨類
1233,6026,福邦證,證券,,證券類
1234,6101,寬魚國際,電視廣播,,電視廣播類
1235,6103,合邦,資訊通路,通路,資訊通路:通路類
1236,6104,創惟,半導體,IC設計,半導體:IC設計類
1237,6108,競國,主機板,PCB,主機板:PCB類
1238,6109,亞元,電子零組件,電源供應器,電子零組件:電源供應器類
1239,6111,大宇資,軟體服務,應用軟體,軟體服務:應用軟體類
1240,6112,邁達特,軟體服務,系統整合,軟體服務:系統整合類
1241,6113,亞矽,資訊通路,零組件代理,資訊通路:零組件代理類
1242,6114,久威,主機板,PCB,主機板:PCB類
1243,6115,鎰勝,電子零組件,連接器,電子零組件:連接器類
1244,6116,彩晶,光電/ IO,LCD 面板,光電/ IO:LCD 面板類
1245,6117,迎廣,電子零組件,機殼,電子零組件:機殼類
1246,6118,建達,資訊通路,3C通路,資訊通路:3C通路類
1247,6120,達運,光電/ IO,背光模組,光電/ IO:背光模組類
1248,6121,新普,電子零組件,3C二次電池,電子零組件:3C二次電池類
1249,6122,擎邦,營造,,營造類
1250,6123,上奇,資訊通路,3C通路,資訊通路:3C通路類
1251,6124,業強,電子零組件,散熱零組件,電子零組件:散熱零組件類
1252,6125,廣運,電子設備,電機設備,電子設備:電機設備類
1253,6126,信音,電子零組件,連接器,電子零組件:連接器類
1254,6127,九豪,電子零組件,被動元件,電子零組件:被動元件類
1255,6128,上福,光電/ IO,PC週邊,光電/ IO:PC週邊類
1256,6129,普誠,半導體,IC設計,半導體:IC設計類
1257,6130,星寶國際,藥,西藥,藥:西藥類
1258,6133,金橋,電子零組件,連接器,電子零組件:連接器類
1259,6134,萬旭,電子零組件,連接器,電子零組件:連接器類
1260,6136,富爾特,資訊通路,通路,資訊通路:通路類
1261,6138,茂達,半導體,IC設計,半導體:IC設計類
1262,6139,亞翔,電子設備,廠辦機電,電子設備:廠辦機電類
1263,6140,訊達,軟體服務,系統整合,軟體服務:系統整合類
1264,6141,柏承,主機板,PCB,主機板:PCB類
1265,6142,友勁,網路設備,,網路設備類
1266,6143,振曜,光電/ IO,PC週邊,光電/ IO:PC週邊類
1267,6144,得利影,軟體服務,其他軟體,軟體服務:其他軟體類
1268,6146,耕興,其他電子,,其他電子類
1269,6147,頎邦,半導體,IC封測,半導體:IC封測類
1270,6148,驊宏資,軟體服務,系統整合,軟體服務:系統整合類
1271,6150,撼訊,主機板,繪圖卡,主機板:繪圖卡類
1272,6151,晉倫,石化,塑膠加工,石化:塑膠加工類
1273,6152,百一,通訊設備,通訊設備,通訊設備:通訊設備類
1274,6153,嘉聯益,主機板,軟板,主機板:軟板類
1275,6154,順發,資訊通路,3C通路,資訊通路:3C通路類
1276,6155,鈞寶,電子零組件,被動元件,電子零組件:被動元件類
1277,6156,松上,主機板,PCB,主機板:PCB類
1278,6158,禾昌,電子零組件,連接器,電子零組件:連接器類
1279,6160,欣技,主機板,工業電腦,主機板:工業電腦類
1280,6161,捷波,主機板,繪圖卡,主機板:繪圖卡類
1281,6163,華電網,通訊設備,手機,通訊設備:手機類
1282,6164,華興,光電/ IO,封裝及應用,光電/ IO:封裝及應用類
1283,6165,浪凡,通訊設備,網路服務,通訊設備:網路服務類
1284,6166,凌華,主機板,工業電腦,主機板:工業電腦類
1285,6167,久正,光電/ IO,LCD-其他,光電/ IO:LCD-其他類
1286,6168,宏齊,光電/ IO,封裝及應用,光電/ IO:封裝及應用類
1287,6169,昱泉,軟體服務,應用軟體,軟體服務:應用軟體類
1288,6170,統振,資訊通路,通路,資訊通路:通路類
1289,6171,大城地產,建設,,建設類
1290,6173,信昌電,電子零組件,被動元件,電子零組件:被動元件類
1291,6174,安碁,電子零組件,石英元件,電子零組件:石英元件類
1292,6175,立敦,電子零組件,被動元件,電子零組件:被動元件類
1293,6176,瑞儀,光電/ IO,背光模組,光電/ IO:背光模組類
1294,6177,達麗,建設,,建設類
1295,6179,亞通,工程承攬,,工程承攬類
1296,6180,橘子,軟體服務,應用軟體,軟體服務:應用軟體類
1297,6182,合晶,半導體,晶圓材料,半導體:晶圓材料類
1298,6183,關貿,通訊設備,網路服務,通訊設備:網路服務類
1299,6184,大豐電,有線電視,,有線電視類
1300,6185,幃翔,電子零組件,連接器,電子零組件:連接器類
1301,6186,新潤,建設,,建設類
1302,6187,萬潤,電子設備,電機設備,電子設備:電機設備類
1303,6188,廣明,光電/ IO,PC週邊,光電/ IO:PC週邊類
1304,6189,豐藝,資訊通路,零組件代理,資訊通路:零組件代理類
1305,6190,萬泰科,電子零組件,連接器,電子零組件:連接器類
1306,6191,精成科,主機板,PCB 組裝,主機板:PCB 組裝類
1307,6192,巨路,資訊通路,零組件代理,資訊通路:零組件代理類
1308,6194,育富,主機板,PCB,主機板:PCB類
1309,6195,詩肯,百貨批發,特殊連鎖,百貨批發:特殊連鎖類
1310,6196,帆宣,電子設備,廠辦機電,電子設備:廠辦機電類
1311,6197,佳必琪,電子零組件,連接器,電子零組件:連接器類
1312,6198,瑞築,半導體,IC設計,半導體:IC設計類
1313,6199,天品,靈骨塔業,,靈骨塔業類
1314,6201,亞弘電,消費性電子,音響設備,消費性電子:音響設備類
1315,6202,盛群,半導體,IC設計,半導體:IC設計類
1316,6203,海韻電,電子零組件,電源供應器,電子零組件:電源供應器類
1317,6204,艾華,電子零組件,被動元件,電子零組件:被動元件類
1318,6205,詮欣,電子零組件,連接器,電子零組件:連接器類
1319,6206,飛捷,主機板,POS,主機板:POS類
1320,6207,雷科,電子零組件,其他零組件,電子零組件:其他零組件類
1321,6208,日揚,電子設備,電機設備,電子設備:電機設備類
1322,6209,今國光,消費性電子,照相機,消費性電子:照相機類
1323,6210,慶生,主機板,PCB,主機板:PCB類
1324,6212,理銘,建設,,建設類
1325,6213,聯茂,主機板,銅箔基板,主機板:銅箔基板類
1326,6214,精誠,軟體服務,系統整合,軟體服務:系統整合類
1327,6215,和椿,電子設備,電機設備,電子設備:電機設備類
1328,6216,居易,網路設備,,網路設備類
1329,6217,中探針,主機板,PCB上-其他,主機板:PCB上-其他類
1330,6218,豪勉,軟體服務,系統整合,軟體服務:系統整合類
1331,6219,富旺,建設,,建設類
1332,6220,岳豐,電子零組件,連接器,電子零組件:連接器類
1333,6221,晉泰,軟體服務,系統整合,軟體服務:系統整合類
1334,6222,上揚,光電/ IO,封裝及應用,光電/ IO:封裝及應用類
1335,6223,旺矽,主機板,PCB,主機板:PCB類
1336,6224,聚鼎,電子零組件,被動元件,電子零組件:被動元件類
1337,6225,天瀚,消費性電子,消費性電子,消費性電子:消費性電子類
1338,6226,光鼎,光電/ IO,封裝及應用,光電/ IO:封裝及應用類
1339,6227,茂綸,資訊通路,零組件代理,資訊通路:零組件代理類
1340,6228,全譜,光電/ IO,掃瞄器,光電/ IO:掃瞄器類
1341,6229,研通,半導體,IC設計,半導體:IC設計類
1342,6230,尼得科超眾,電子零組件,散熱零組件,電子零組件:散熱零組件類
1343,6231,系微,軟體服務,其他軟體,軟體服務:其他軟體類
1344,6233,旺玖,半導體,IC設計,半導體:IC設計類
1345,6234,高僑,電子設備,電機設備,電子設備:電機設備類
1346,6235,華孚,電子零組件,機殼,電子零組件:機殼類
1347,6236,康呈,藥,機能性食品,藥:機能性食品類
1348,6237,驊訊,半導體,IC設計,半導體:IC設計類
1349,6239,力成,半導體,IC封測,半導體:IC封測類
1350,6240,松崗,平媒電子報,,平媒電子報類
1351,6241,易通展,網路設備,,網路設備類
1352,6242,立康,藥,機能性食品,藥:機能性食品類
1353,6243,迅杰,半導體,IC設計,半導體:IC設計類
1354,6244,茂迪,光電/ IO,太陽能電池,光電/ IO:太陽能電池類
1355,6245,立端,主機板,工業電腦,主機板:工業電腦類
1356,6246,臺龍,光電/ IO,背光模組,光電/ IO:背光模組類
1357,6248,沛波,金屬基本,鋼筋,金屬基本:鋼筋類
1358,6257,矽格,半導體,IC封測,半導體:IC封測類
1359,6259,百徽,資訊通路,零組件代理,資訊通路:零組件代理類
1360,6261,久元,半導體,IC封測,半導體:IC封測類
1361,6263,普萊德,網路設備,,網路設備類
1362,6264,富裔,建設,,建設類
1363,6265,方土昶,資訊通路,零組件代理,資訊通路:零組件代理類
1364,6266,泰詠,主機板,PCB 組裝,主機板:PCB 組裝類
1365,6269,台郡,主機板,軟板,主機板:軟板類
1366,6270,倍微,資訊通路,零組件代理,資訊通路:零組件代理類
1367,6271,同欣電,電子零組件,二極體整流,電子零組件:二極體整流類
1368,6274,台燿,主機板,銅箔基板,主機板:銅箔基板類
1369,6275,元山,電子零組件,散熱零組件,電子零組件:散熱零組件類
1370,6276,安鈦克,電子零組件,電源供應器,電子零組件:電源供應器類
1371,6277,宏正,光電/ IO,PC週邊,光電/ IO:PC週邊類
1372,6278,台表科,主機板,PCB 組裝,主機板:PCB 組裝類
1373,6279,胡連,汽車組件,,汽車組件類
1374,6281,全國電,資訊通路,3C通路,資訊通路:3C通路類
1375,6282,康舒,電子零組件,電源供應器,電子零組件:電源供應器類
1376,6283,淳安,光電/ IO,PC週邊,光電/ IO:PC週邊類
1377,6284,佳邦,電子零組件,被動元件,電子零組件:被動元件類
1378,6285,啟碁,通訊設備,通訊設備,通訊設備:通訊設備類
1379,6287,元隆,半導體,晶圓代工,半導體:晶圓代工類
1380,6288,聯嘉,光電/ IO,封裝及應用,光電/ IO:封裝及應用類
1381,6290,良維,電子零組件,連接器,電子零組件:連接器類
1382,6291,沛亨,半導體,IC設計,半導體:IC設計類
1383,6292,迅德,電子零組件,電源供應器,電子零組件:電源供應器類
1384,6294,智基,其他,其他服務,其他:其他服務類
1385,6404,通訊-KY,通訊設備,網路服務,通訊設備:網路服務類
1386,6405,悅城,光電/ IO,LCD 原料,光電/ IO:LCD 原料類
1387,6409,旭隼,電子零組件,電源供應器,電子零組件:電源供應器類
1388,6411,晶焱,半導體,IC設計,半導體:IC設計類
1389,6412,群電,電子零組件,電源供應器,電子零組件:電源供應器類
1390,6414,樺漢,主機板,工業電腦,主機板:工業電腦類
1391,6415,矽力*-KY,半導體,IC設計,半導體:IC設計類
1392,6416,瑞祺電通,網路設備,,網路設備類
1393,6417,韋僑,通訊設備,通訊設備,通訊設備:通訊設備類
1394,6418,詠昇,電子零組件,連接器,電子零組件:連接器類
1395,6419,京晨科,光電/ IO,監控系統,光電/ IO:監控系統類
1396,6425,易發,電子設備,電機設備,電子設備:電機設備類
1397,6426,統新,通訊設備,光纖通訊,通訊設備:光纖通訊類
1398,6431,光麗-KY,其他化學,,其他化學類
1399,6432,今展科,電子零組件,被動元件,電子零組件:被動元件類
1400,6435,大中,半導體,IC設計,半導體:IC設計類
1401,6438,迅得,電子設備,電機設備,電子設備:電機設備類
1402,6441,廣錠,電子零組件,3C二次電池,電子零組件:3C二次電池類
1403,6442,光聖,通訊設備,光纖通訊,通訊設備:光纖通訊類
1404,6443,元晶,光電/ IO,太陽能電池,光電/ IO:太陽能電池類
1405,6446,藥華藥,藥,西藥,藥:西藥類
1406,6449,鈺邦,電子零組件,被動元件,電子零組件:被動元件類
1407,6451,訊芯-KY,半導體,IC封測,半導體:IC封測類
1408,6456,GIS-KY,光電/ IO,觸控面板,光電/ IO:觸控面板類
1409,6457,紘康,半導體,IC設計,半導體:IC設計類
1410,6461,益得,藥,西藥,藥:西藥類
1411,6462,神盾,半導體,IC設計,半導體:IC設計類
1412,6464,台數科,有線電視,,有線電視類
1413,6465,威潤,通訊設備,衛星通訊,通訊設備:衛星通訊類
1414,6469,大樹,藥局,,藥局類
1415,6470,宇智,網路設備,,網路設備類
1416,6472,保瑞,藥,西藥,藥:西藥類
1417,6477,安集,光電/ IO,太陽能模組,光電/ IO:太陽能模組類
1418,6482,弘煜科,軟體服務,應用軟體,軟體服務:應用軟體類
1419,6485,點序,半導體,IC設計,半導體:IC設計類
1420,6486,互動,通訊設備,手機,通訊設備:手機類
1421,6488,環球晶,半導體,晶圓材料,半導體:晶圓材料類
1422,6491,晶碩,醫療耗材,,醫療耗材類
1423,6492,生華科,藥,西藥,藥:西藥類
1424,6494,九齊,半導體,IC設計,半導體:IC設計類
1425,6496,科懋,藥,西藥,藥:西藥類
1426,6499,益安,醫療耗材,,醫療耗材類
1427,6504,南六,不織布,,不織布類
1428,6505,台塑化,輕油製解,,輕油製解類
1429,6506,雙邦,樹脂,,樹脂類
1430,6508,惠光,藥,農藥肥料,藥:農藥肥料類
1431,6509,聚和,其他化學,,其他化學類
1432,6510,精測,主機板,PCB,主機板:PCB類
1433,6512,啟發電,電子零組件,其他零組件,電子零組件:其他零組件類
1434,6514,芮特-KY,通訊設備,通訊設備,通訊設備:通訊設備類
1435,6515,穎崴,主機板,PCB上-其他,主機板:PCB上-其他類
1436,6516,勤崴國際,通訊設備,衛星通訊,通訊設備:衛星通訊類
1437,6517,保勝光學,消費性電子,照相機,消費性電子:照相機類
1438,6523,達爾膚,其他化學,,其他化學類
1439,6525,捷敏-KY,半導體,IC封測,半導體:IC封測類
1440,6526,達發,半導體,IC設計,半導體:IC設計類
1441,6527,明達醫,醫療耗材,,醫療耗材類
1442,6530,創威,通訊設備,光纖通訊,通訊設備:光纖通訊類
1443,6531,愛普*,半導體,IC設計,半導體:IC設計類
1444,6532,瑞耘,電子設備,電機設備,電子設備:電機設備類
1445,6533,晶心科,半導體,IC設計,半導體:IC設計類
1446,6535,順藥,藥,西藥,藥:西藥類
1447,6538,倉和,光電/ IO,其他太陽能,光電/ IO:其他太陽能類
1448,6541,泰福-KY,藥,西藥,藥:西藥類
1449,6542,隆中,軟體服務,應用軟體,軟體服務:應用軟體類
1450,6546,正基,通訊設備,通訊設備,通訊設備:通訊設備類
1451,6547,高端疫苗,藥,西藥,藥:西藥類
1452,6548,長科*,半導體,IC導線架,半導體:IC導線架類
1453,6550,北極星藥業-KY,藥,西藥,藥:西藥類
1454,6552,易華電,主機板,軟板,主機板:軟板類
1455,6556,勝品,光電/ IO,監控系統,光電/ IO:監控系統類
1456,6558,興能高,電子零組件,3C二次電池,電子零組件:3C二次電池類
1457,6560,欣普羅,光電/ IO,監控系統,光電/ IO:監控系統類
1458,6561,是方,通訊設備,電信業,通訊設備:電信業類
1459,6568,宏觀,半導體,IC設計,半導體:IC設計類
1460,6569,醫揚,主機板,工業電腦,主機板:工業電腦類
1461,6570,維田,主機板,工業電腦,主機板:工業電腦類
1462,6573,虹揚-KY,電子零組件,二極體整流,電子零組件:二極體整流類
1463,6574,霈方,其他化學,,其他化學類
1464,6576,逸達,藥,西藥,藥:西藥類
1465,6577,勁豐,主機板,工業電腦,主機板:工業電腦類
1466,6578,達邦蛋白,油脂飼料,,油脂飼料類
1467,6579,研揚,主機板,工業電腦,主機板:工業電腦類
1468,6581,鋼聯,,廢棄物處理,廢棄物處理類
1469,6582,申豐,橡膠原料,,橡膠原料類
1470,6584,南俊國際,機械業,模具零件,機械業:模具零件類
1471,6585,鼎基,樹脂,,樹脂類
1472,6588,東典光電,通訊設備,光纖通訊,通訊設備:光纖通訊類
1473,6589,台康生技,藥,西藥,藥:西藥類
1474,6590,普鴻,軟體服務,系統整合,軟體服務:系統整合類
1475,6591,動力-KY,電子零組件,散熱零組件,電子零組件:散熱零組件類
1476,6592,和潤企業,租賃業,,租賃業類
1477,6593,台灣銘板,其他電子,,其他電子類
1478,6594,展匯科,半導體,IC設計,半導體:IC設計類
1479,6596,寬宏藝術,廣告業,,廣告業類
1480,6598,ABC-KY,醫療耗材,,醫療耗材類
1481,6603,富強鑫,機械業,工具機,機械業:工具機類
1482,6605,帝寶,汽車組件,,汽車組件類
1483,6606,建德工業,機械業,工具機,機械業:工具機類
1484,6609,瀧澤科,機械業,工具機,機械業:工具機類
1485,6612,奈米醫材,醫療耗材,,醫療耗材類
1486,6613,朋億*,電子設備,廠辦機電,電子設備:廠辦機電類
1487,6615,慧智,醫療耗材,,醫療耗材類
1488,6616,特昇-KY,家用五金及家具,,家用五金及家具類
1489,6624,萬年清,,廢棄物處理,廢棄物處理類
1490,6625,必應,電視廣播,,電視廣播類
1491,6629,泰金-KY,家用五金及家具,,家用五金及家具類
1492,6640,均華,電子設備,電機設備,電子設備:電機設備類
1493,6641,基士德-KY,其他電製品,,其他電製品類
1494,6642,富致,電子零組件,被動元件,電子零組件:被動元件類
1495,6643,M31,半導體,IC設計,半導體:IC設計類
1496,6649,台生材,醫療耗材,,醫療耗材類
1497,6651,全宇昕,半導體,IC設計,半導體:IC設計類
1498,6654,天正國際,電子設備,電機設備,電子設備:電機設備類
1499,6655,科定,其他,其他製造業,其他:其他製造業類
1500,6657,華安,藥,西藥,藥:西藥類
1501,6661,威健生技,醫療耗材,,醫療耗材類
1502,6662,樂斯科,生物科技,,生物科技類
1503,6664,群翊,電子設備,電機設備,電子設備:電機設備類
1504,6666,羅麗芬-KY,其他化學,,其他化學類
1505,6667,信紘科,電子設備,廠辦機電,電子設備:廠辦機電類
1506,6668,中揚光,消費性電子,照相機,消費性電子:照相機類
1507,6669,緯穎,PC系統,NB,PC系統:NB類
1508,6670,復盛應用,其他,高爾夫球頭,其他:高爾夫球頭類
1509,6671,三能-KY,其他,其他製造業,其他:其他製造業類
1510,6672,騰輝電子-KY,主機板,銅箔基板,主機板:銅箔基板類
1511,6674,鋐寶科技,網路設備,,網路設備類
1512,6679,鈺太,半導體,IC設計,半導體:IC設計類
1513,6680,鑫創電子,主機板,工業電腦,主機板:工業電腦類
1514,6683,雍智科技,主機板,IC載板,主機板:IC載板類
1515,6684,安格,半導體,IC設計,半導體:IC設計類
1516,6689,伊雲谷,通訊設備,網路服務,通訊設備:網路服務類
1517,6690,安碁資訊,軟體服務,系統整合,軟體服務:系統整合類
1518,6691,洋基工程,電子設備,廠辦機電,電子設備:廠辦機電類
1519,6693,廣閎科,半導體,IC設計,半導體:IC設計類
1520,6695,芯鼎,半導體,IC設計,半導體:IC設計類
1521,6697,東捷資訊,軟體服務,系統整合,軟體服務:系統整合類
1522,6698,旭暉應材,光電/ IO,LCD 原料,光電/ IO:LCD 原料類
1523,6703,軒郁,其他化學,,其他化學類
1524,6706,惠特,電子設備,電機設備,電子設備:電機設備類
1525,6708,天擎,半導體,IC設計,半導體:IC設計類
1526,6712,長聖,生物科技,,生物科技類
1527,6715,嘉基,電子零組件,連接器,電子零組件:連接器類
1528,6716,應廣,半導體,IC設計,半導體:IC設計類
1529,6719,力智,半導體,IC設計,半導體:IC設計類
1530,6721,信實,其他,其他服務,其他:其他服務類
1531,6727,亞泰金屬,電子設備,電機設備,電子設備:電機設備類
1532,6728,上洋,家電製品,家電,家電製品:家電類
1533,6732,昇佳電子,半導體,IC設計,半導體:IC設計類
1534,6733,博晟生醫,醫療耗材,,醫療耗材類
1535,6735,美達科技,電子設備,電機設備,電子設備:電機設備類
1536,6741,91APP*-KY,通訊設備,網路服務,通訊設備:網路服務類
1537,6743,安普新,消費性電子,音響設備,消費性電子:音響設備類
1538,6747,亨泰光,醫療耗材,,醫療耗材類
1539,6751,智聯服務,軟體服務,系統整合,軟體服務:系統整合類
1540,6752,叡揚,軟體服務,其他軟體,軟體服務:其他軟體類
1541,6753,龍德造船,機車船製造,船舶製造,機車船製造:船舶製造類
1542,6754,匯僑設計,工程承攬,,工程承攬類
1543,6756,威鋒電子,半導體,IC設計,半導體:IC設計類
1544,6757,台灣虎航,空運業,,空運業類
1545,6761,穩得,資訊通路,通路,資訊通路:通路類
1546,6762,達亞,醫療耗材,,醫療耗材類
1547,6763,綠界科技,軟體服務,其他軟體,軟體服務:其他軟體類
1548,6767,台微醫,醫療耗材,,醫療耗材類
1549,6768,志強-KY,鞋及旅行箱,,鞋及旅行箱類
1550,6770,力積電,半導體,晶圓代工,半導體:晶圓代工類
1551,6776,展碁國際,資訊通路,3C通路,資訊通路:3C通路類
1552,6781,AES-KY,電子零組件,3C二次電池,電子零組件:3C二次電池類
1553,6782,視陽,醫療耗材,,醫療耗材類
1554,6788,華景電,電子設備,電機設備,電子設備:電機設備類
1555,6789,采鈺,半導體,IC光罩,半導體:IC光罩類
1556,6790,永豐實,造紙,,造紙類
1557,6791,虎門科技,軟體服務,其他軟體,軟體服務:其他軟體類
1558,6792,詠業,電子零組件,被動元件,電子零組件:被動元件類
1559,6796,晉弘,醫療耗材,,醫療耗材類
1560,6797,圓點奈米,醫療耗材,,醫療耗材類
1561,6799,來頡,半導體,IC設計,半導體:IC設計類
1562,6803,崑鼎,,廢棄物處理,廢棄物處理類
1563,6804,明係,其他,自行健行車,其他:自行健行車類
1564,6806,森崴能源,公用事業,電廠,公用事業:電廠類
1565,6807,峰源-KY,家用五金及家具,,家用五金及家具類
1566,6811,宏碁資訊,通訊設備,網路服務,通訊設備:網路服務類
1567,6821,聯寶,電子零組件,被動元件,電子零組件:被動元件類
1568,6823,濾能,電子設備,電機設備,電子設備:電機設備類
1569,6829,千附精密,電子設備,電機設備,電子設備:電機設備類
1570,6830,汎銓,其他電子,,其他電子類
1571,6834,天二科技,電子零組件,被動元件,電子零組件:被動元件類
1572,6835,圓裕,主機板,軟板,主機板:軟板類
1573,6840,東研信超,其他電子,,其他電子類
1574,6841,長佳智能,醫療耗材,,醫療耗材類
1575,6843,進典,其他電製品,,其他電製品類
1576,6846,綠茵,藥,機能性食品,藥:機能性食品類
1577,6855,數泓科,機械業,工具機,機械業:工具機類
1578,6859,伯特光,消費性電子,照相機,消費性電子:照相機類
1579,6861,睿生光電,醫療耗材,,醫療耗材類
1580,6865,偉康,軟體服務,系統整合,軟體服務:系統整合類
1581,6869,雲豹能源,公用事業,電廠,公用事業:電廠類
1582,6873,泓德能源,光電/ IO,太陽能系統,光電/ IO:太陽能系統類
1583,6874,倍力,軟體服務,其他軟體,軟體服務:其他軟體類
1584,6877,鏵友益,電子設備,電機設備,電子設備:電機設備類
1585,7402,邑錡,消費性電子,消費性電子,消費性電子:消費性電子類
1586,7556,意德士,電子設備,電機設備,電子設備:電機設備類
1587,8011,台通,通訊設備,光纖通訊,通訊設備:光纖通訊類
1588,8016,矽創,半導體,IC設計,半導體:IC設計類
1589,8021,尖點,主機板,PCB上-其他,主機板:PCB上-其他類
1590,8024,佑華,半導體,IC設計,半導體:IC設計類
1591,8027,鈦昇,電子設備,電機設備,電子設備:電機設備類
1592,8028,昇陽半導體,半導體,晶圓材料,半導體:晶圓材料類
1593,8032,光菱,資訊通路,零組件代理,資訊通路:零組件代理類
1594,8033,雷虎,其他,其他製造業,其他:其他製造業類
1595,8034,榮群,通訊設備,手機,通訊設備:手機類
1596,8038,長園科,電子零組件,3C二次電池,電子零組件:3C二次電池類
1597,8039,台虹,主機板,FCCL,主機板:FCCL類
1598,8040,九暘,半導體,IC設計,半導體:IC設計類
1599,8042,金山電,電子零組件,被動元件,電子零組件:被動元件類
1600,8043,蜜望實,資訊通路,零組件代理,資訊通路:零組件代理類
1601,8044,網家,通訊設備,網路服務,通訊設備:網路服務類
1602,8046,南電,主機板,IC載板,主機板:IC載板類
1603,8047,星雲,光電/ IO,PC週邊,光電/ IO:PC週邊類
1604,8048,德勝,網路設備,,網路設備類
1605,8049,晶采,光電/ IO,LCD-其他,光電/ IO:LCD-其他類
1606,8050,廣積,主機板,工業電腦,主機板:工業電腦類
1607,8054,安國,半導體,IC設計,半導體:IC設計類
1608,8059,凱碩,網路設備,,網路設備類
1609,8064,東捷,電子設備,電機設備,電子設備:電機設備類
1610,8066,來思達,家用五金及家具,,家用五金及家具類
1611,8067,志旭,資訊通路,3C通路,資訊通路:3C通路類
1612,8068,全達,資訊通路,零組件代理,資訊通路:零組件代理類
1613,8069,元太,光電/ IO,LCD 面板,光電/ IO:LCD 面板類
1614,8070,長華*,資訊通路,零組件代理,資訊通路:零組件代理類
1615,8071,能率網通,電子零組件,沖壓零組件,電子零組件:沖壓零組件類
1616,8072,陞泰,光電/ IO,監控系統,光電/ IO:監控系統類
1617,8074,鉅橡,主機板,PCB上-其他,主機板:PCB上-其他類
1618,8076,伍豐,主機板,POS,主機板:POS類
1619,8077,洛碁,餐飲飯店,飯店業,餐飲飯店:飯店業類
1620,8080,永利聯合,工程承攬,,工程承攬類
1621,8081,致新,半導體,IC設計,半導體:IC設計類
1622,8083,瑞穎,機械業,模具零件,機械業:模具零件類
1623,8084,巨虹,半導體,IC設計,半導體:IC設計類
1624,8085,福華,光電/ IO,背光模組,光電/ IO:背光模組類
1625,8086,宏捷科,半導體,特用IC,半導體:特用IC類
1626,8087,華鎂鑫,光電/ IO,光碟,光電/ IO:光碟類
1627,8088,品安,半導體,記憶體模組,半導體:記憶體模組類
1628,8089,康全電訊,網路設備,,網路設備類
1629,8091,翔名,電子設備,電機設備,電子設備:電機設備類
1630,8092,建暐,電子設備,電機設備,電子設備:電機設備類
1631,8093,保銳,電子零組件,電源供應器,電子零組件:電源供應器類
1632,8096,擎亞,資訊通路,零組件代理,資訊通路:零組件代理類
1633,8097,常珵,電子零組件,連接器,電子零組件:連接器類
1634,8099,大世科,軟體服務,系統整合,軟體服務:系統整合類
1635,8101,華冠,通訊設備,網路服務,通訊設備:網路服務類
1636,8103,瀚荃,電子零組件,連接器,電子零組件:連接器類
1637,8104,錸寶,光電/ IO,LCD 面板,光電/ IO:LCD 面板類
1638,8105,凌巨,光電/ IO,LCD-其他,光電/ IO:LCD-其他類
1639,8107,大億金茂,汽車組件,,汽車組件類
1640,8109,博大,電子零組件,電源供應器,電子零組件:電源供應器類
1641,8110,華東,半導體,IC封測,半導體:IC封測類
1642,8111,立碁,光電/ IO,封裝及應用,光電/ IO:封裝及應用類
1643,8112,至上,資訊通路,零組件代理,資訊通路:零組件代理類
1644,8114,振樺電,主機板,POS,主機板:POS類
1645,8121,越峰,電子零組件,被動元件,電子零組件:被動元件類
1646,8131,福懋科,半導體,IC封測,半導體:IC封測類
1647,8147,正淩,電子零組件,連接器,電子零組件:連接器類
1648,8150,南茂,半導體,IC封測,半導體:IC封測類
1649,8155,博智,主機板,PCB,主機板:PCB類
1650,8163,達方,光電/ IO,PC週邊,光電/ IO:PC週邊類
1651,8171,天宇,電子零組件,3C二次電池,電子零組件:3C二次電池類
1652,8176,智捷,網路設備,,網路設備類
1653,8182,加高,電子零組件,石英元件,電子零組件:石英元件類
1654,8183,精星,主機板,PCB 組裝,主機板:PCB 組裝類
1655,8201,無敵,其他電子,,其他電子類
1656,8210,勤誠,電子零組件,機殼,電子零組件:機殼類
1657,8213,志超,主機板,PCB,主機板:PCB類
1658,8215,明基材,光電/ IO,LCD 原料,光電/ IO:LCD 原料類
1659,8222,寶一,機車船製造,航空器製造,機車船製造:航空器製造類
1660,8227,巨有科技,半導體,IC設計,半導體:IC設計類
1661,8234,新漢,主機板,工業電腦,主機板:工業電腦類
1662,8240,華宏,光電/ IO,LCD 原料,光電/ IO:LCD 原料類
1663,8249,菱光,光電/ IO,掃瞄器,光電/ IO:掃瞄器類
1664,8255,朋程,汽車組件,,汽車組件類
1665,8261,富鼎,半導體,IC設計,半導體:IC設計類
1666,8271,宇瞻,半導體,記憶體模組,半導體:記憶體模組類
1667,8277,商丞,半導體,記憶體模組,半導體:記憶體模組類
1668,8279,生展,藥,機能性食品,藥:機能性食品類
1669,8284,三竹,通訊設備,網路服務,通訊設備:網路服務類
1670,8289,泰藝,電子零組件,石英元件,電子零組件:石英元件類
1671,8291,尚茂,主機板,銅箔基板,主機板:銅箔基板類
1672,8299,群聯,半導體,IC設計,半導體:IC設計類
1673,8341,日友,,廢棄物處理,廢棄物處理類
1674,8342,益張,金屬基本,其他,金屬基本:其他類
1675,8349,恒耀,金屬基本,線材,金屬基本:線材類
1676,8354,冠好,石化,膠帶,石化:膠帶類
1677,8358,金居,主機板,PCB上-其他,主機板:PCB上-其他類
1678,8367,建新國際,貨運倉儲業,,貨運倉儲業類
1679,8374,羅昇,機械業,模具零件,機械業:模具零件類
1680,8383,千附,電子設備,廠辦機電,電子設備:廠辦機電類
1681,8390,金益鼎,,貴金屬回收,貴金屬回收類
1682,8401,白紗科,印刷,,印刷類
1683,8403,盛弘,藥局,,藥局類
1684,8404,百和興業-KY,其他紡織,,其他紡織類
1685,8409,商之器,醫療耗材,,醫療耗材類
1686,8410,森田,電子零組件,機殼,電子零組件:機殼類
1687,8411,福貞-KY,金屬製品,,金屬製品類
1688,8415,大國鋼,金屬基本,線材,金屬基本:線材類
1689,8416,實威,軟體服務,其他軟體,軟體服務:其他軟體類
1690,8418,捷必勝-KY,電機製品,電機,電機製品:電機類
1691,8420,明揚,其他,高爾夫球頭,其他:高爾夫球頭類
1692,8421,旭源,塑膠製品,,塑膠製品類
1693,8422,可寧衛,,廢棄物處理,廢棄物處理類
1694,8423,保綠-KY,橡膠原料,,橡膠原料類
1695,8424,惠普,其他水泥,,其他水泥類
1696,8426,紅木-KY,家用五金及家具,,家用五金及家具類
1697,8429,金麗-KY,鞋及旅行箱,,鞋及旅行箱類
1698,8431,匯鑽科,光電/ IO,硬碟磁碟,光電/ IO:硬碟磁碟類
1699,8432,東生華,藥,西藥,藥:西藥類
1700,8433,弘帆,貿易業,,貿易業類
1701,8435,鉅邁,,廢棄物處理,廢棄物處理類
1702,8436,大江,藥,機能性食品,藥:機能性食品類
1703,8437,大地-KY,其他,其他服務,其他:其他服務類
1704,8438,昶昕,,廢棄物處理,廢棄物處理類
1705,8440,綠電,,貴金屬回收,貴金屬回收類
1706,8442,威宏-KY,鞋及旅行箱,,鞋及旅行箱類
1707,8443,阿瘦,鞋及旅行箱,,鞋及旅行箱類
1708,8444,綠河-KY,家用五金及家具,,家用五金及家具類
1709,8446,華研,其他,其他服務,其他:其他服務類
1710,8450,霹靂,電視廣播,,電視廣播類
1711,8454,富邦媒,通訊設備,網路服務,通訊設備:網路服務類
1712,8455,大拓-KY,機械業,工具機,機械業:工具機類
1713,8462,柏文,其他,其他服務,其他:其他服務類
1714,8463,潤泰材,水泥製造,,水泥製造類
1715,8464,億豐,家用五金及家具,,家用五金及家具類
1716,8466,美吉吉-KY,塑膠製品,,塑膠製品類
1717,8467,波力-KY,其他,其他製造業,其他:其他製造業類
1718,8472,夠麻吉,通訊設備,網路服務,通訊設備:網路服務類
1719,8473,山林水,,廢棄物處理,廢棄物處理類
1720,8476,台境,,廢棄物處理,廢棄物處理類
1721,8477,創業家,通訊設備,網路服務,通訊設備:網路服務類
1722,8478,東哥遊艇,機車船製造,船舶製造,機車船製造:船舶製造類
1723,8481,政伸,印刷,,印刷類
1724,8482,商億-KY,家用五金及家具,,家用五金及家具類
1725,8487,愛爾達,電視廣播,,電視廣播類
1726,8488,吉源-KY,金屬製品,,金屬製品類
1727,8489,三貝德,其他,其他服務,其他:其他服務類
1728,8499,鼎炫-KY,其他電子,,其他電子類
1729,8905,裕國,罐頭加工,,罐頭加工類
1730,8906,花王,印刷,,印刷類
1731,8908,欣雄,公用事業,天然氣,公用事業:天然氣類
1732,8916,光隆,成衣,成衣製造,成衣:成衣製造類
1733,8917,欣泰,公用事業,天然氣,公用事業:天然氣類
1734,8921,沈氏,印刷,,印刷類
1735,8923,時報,平媒電子報,,平媒電子報類
1736,8924,大田,其他,高爾夫球頭,其他:高爾夫球頭類
1737,8926,台汽電,公用事業,汽電共生,公用事業:汽電共生類
1738,8927,北基,公用事業,加油站,公用事業:加油站類
1739,8928,鉅明,其他,高爾夫球頭,其他:高爾夫球頭類
1740,8929,富堡,不織布,,不織布類
1741,8930,青鋼,金屬製品,,金屬製品類
1742,8931,大汽電,公用事業,汽電共生,公用事業:汽電共生類
1743,8932,宏大,其他紡織,,其他紡織類
1744,8933,愛地雅,其他,自行健行車,其他:自行健行車類
1745,8935,邦泰,塑膠製品,,塑膠製品類
1746,8936,國統,金屬製品,,金屬製品類
1747,8937,合騏,汽車製造,,汽車製造類
1748,8938,明安,其他,高爾夫球頭,其他:高爾夫球頭類
1749,8940,新天地,餐飲飯店,餐飲業,餐飲飯店:餐飲業類
1750,8941,關中,家用五金及家具,,家用五金及家具類
1751,8942,森鉅,石化,塑膠加工,石化:塑膠加工類
1752,8996,高力,金屬基本,其他,金屬基本:其他類
1753,9105,泰金寶-DR,光電/ IO,PC週邊,光電/ IO:PC週邊類
1754,9110,越南控-DR,機車船製造,機車製造,機車船製造:機車製造類
1755,911622,泰聚亨-DR,金屬基本,線材,金屬基本:線材類
1756,9802,鈺齊-KY,鞋及旅行箱,,鞋及旅行箱類
1757,9902,台火,其他,其他製造業,其他:其他製造業類
1758,9904,寶成,鞋及旅行箱,,鞋及旅行箱類
1759,9905,大華,金屬製品,,金屬製品類
1760,9906,欣巴巴,建設,,建設類
1761,9907,統一實,金屬製品,,金屬製品類
1762,9908,大台北,公用事業,天然氣,公用事業:天然氣類
1763,9910,豐泰,鞋及旅行箱,,鞋及旅行箱類
1764,9911,櫻花,家用五金及家具,,家用五金及家具類
1765,9912,偉聯,光電/ IO,監視器,光電/ IO:監視器類
1766,9914,美利達,其他,自行健行車,其他:自行健行車類
1767,9917,中保科,保全業,,保全業類
1768,9918,欣天然,公用事業,天然氣,公用事業:天然氣類
1769,9919,康那香,不織布,,不織布類
1770,9921,巨大,其他,自行健行車,其他:自行健行車類
1771,9924,福興,家用五金及家具,,家用五金及家具類
1772,9925,新保,保全業,,保全業類
1773,9926,新海,公用事業,天然氣,公用事業:天然氣類
1774,9927,泰銘,金屬基本,鋁鋅,金屬基本:鋁鋅類
1775,9928,中視,電視廣播,,電視廣播類
1776,9929,秋雨,印刷,,印刷類
1777,9930,中聯資源,其他水泥,,其他水泥類
1778,9931,欣高,公用事業,天然氣,公用事業:天然氣類
1779,9933,中鼎,工程承攬,,工程承攬類
1780,9934,成霖,家用五金及家具,,家用五金及家具類
1781,9935,慶豐富,家用五金及家具,,家用五金及家具類
1782,9937,全國,公用事業,加油站,公用事業:加油站類
1783,9938,百和,其他紡織,,其他紡織類
1784,9939,宏全,塑膠製品,,塑膠製品類
1785,9940,信義,仲介建經,,仲介建經類
1786,9941,裕融,租賃業,,租賃業類
1787,9942,茂順,汽車組件,,汽車組件類
1788,9943,好樂迪,觀光遊樂區,,觀光遊樂區類
1789,9944,新麗,不織布,,不織布類
1790,9945,潤泰新,建設,,建設類
1791,9946,三發地產,建設,,建設類
1792,9949,琉園,,,
1793,9950,萬國通,鞋及旅行箱,,鞋及旅行箱類
1794,9951,皇田,汽車組件,,汽車組件類
1795,9955,佳龍,,貴金屬回收,貴金屬回收類
1796,9958,世紀鋼,金屬基本,鋼筋,金屬基本:鋼筋類
1797,9960,邁達康,百貨批發,特殊連鎖,百貨批發:特殊連鎖類
1798,9962,有益,金屬基本,不銹鋼,金屬基本:不銹鋼類
